{"type":"FeatureCollection","features":[{"type":"Feature","geometry":{"type":"Polygon","coordinates":[[[143175.20603980048,7141828.408369162],[143166.45138177404,7141831.919420895],[143156.4689436037,7141835.922837013],[143143.31291966088,7141841.199120037],[143139.66394031758,7141833.858082457],[143135.99799017108,7141827.663863356],[143130.95712487266,7141823.108635891],[143131.7815405836,7141823.265093224],[143134.2166162046,7141822.183273077],[143135.51561977126,7141819.856964221],[143134.84890316555,7141817.043064509],[143133.76714996417,7141814.608051513],[143132.27046961075,7141812.551595217],[143131.206890313,7141809.719742213],[143130.12524193712,7141807.284620595],[143129.0434906481,7141804.849606991],[143127.54681232164,7141802.793149924],[143125.63540470018,7141801.115365545],[143123.3089636282,7141799.816356417],[143120.6038356076,7141798.102442892],[143118.6923261385,7141796.424765483],[143117.21382386162,7141793.971467198],[143115.75338931096,7141791.121547989],[143114.67174870422,7141788.686313671],[143114.4016926639,7141785.890692875],[143114.13163984392,7141783.094961184],[143112.65313425031,7141780.6418838315],[143110.74163152656,7141778.964093948],[143108.39712541067,7141778.061813127],[143105.60144167655,7141778.33188092],[143102.80576074595,7141778.601837264],[143100.02825063124,7141778.475064138],[143097.2687108505,7141777.9515561005],[143094.94237667642,7141776.652543856],[143092.63401643303,7141774.956685942],[143090.72261713888,7141773.278895477],[143090.84932352282,7141770.501446899],[143091.76965226163,7141767.7600151505],[143093.44744906056,7141765.84850686],[143095.5038305333,7141764.351900572],[143096.80284051527,7141762.025484359],[143095.34251811408,7141759.175453709],[143093.4671656349,7141756.70408654],[143091.1951552055,7141754.2146591935],[143088.85055123112,7141753.312482365],[143086.0911203386,7141752.78886316],[143083.3136153405,7141752.662085868],[143080.53600994498,7141752.535305276],[143077.75850488624,7141752.408526802],[143075.2871916872,7141754.283796297],[143073.97000325692,7141757.0070505915],[143072.27412963886,7141759.315399167],[143070.95694322826,7141762.0385424],[143069.27924052562,7141763.950161754],[143066.50173282117,7141763.823381189],[143065.0232440597,7141761.37007543],[143063.95958399773,7141758.53821197],[143062.46292119788,7141756.481745634],[143061.41753486806,7141753.253155589],[143061.56242624967,7141750.078755811],[143062.4646827579,7141747.734278937],[143063.366942005,7141745.389691159],[143064.66595680488,7141743.063277613],[143065.586287293,7141740.321958065],[143065.64070952008,7141739.131546678],[143065.78559730516,7141735.957257808],[143065.91231294157,7141733.179697908],[143065.64227320085,7141730.383963737],[143064.97557270952,7141727.570279699],[143064.2906029398,7141725.153210973],[143064.41741954425,7141722.375653746],[143065.33774938103,7141719.634334309],[143066.65493730747,7141716.911080982],[143068.33262962778,7141714.99968425],[143069.23488654417,7141712.6550963605],[143069.3617024332,7141709.877539177],[143069.09176065738,7141707.081918613],[143067.59510433202,7141705.025452151],[143066.51337839762,7141702.590319954],[143065.0167230586,7141700.533853083],[143063.52006221307,7141698.477607731],[143062.8351954805,7141696.060541358],[143061.35671406024,7141693.607344907],[143059.86015805963,7141691.55099081],[143059.17519217636,7141689.133921392],[143058.49032398494,7141686.716965499],[143056.99367197457,7141684.660497322],[143054.6853307138,7141682.964741038],[143054.17633038992,7141682.499594294],[143051.96216358256,7141681.647541158],[143049.61757799023,7141680.745244614],[143047.2730930412,7141679.8429503385],[143044.92850498908,7141678.940763765],[143043.03509908373,7141676.866229422],[143041.55662377604,7141674.413030025],[143039.30261412333,7141671.5267453715],[143037.80606427637,7141669.470388034],[143035.51580698712,7141667.377674246],[143033.20757169538,7141665.681916224],[143030.88106608513,7141664.382773196],[143028.96948797646,7141662.7050762605],[143025.8495707137,7141661.369805431],[143024.38917691732,7141658.519760813],[143022.92878082936,7141655.66982683],[143021.865144661,7141652.837846728],[143019.9536697931,7141651.160150848],[143017.6635189146,7141649.067435943],[143014.95833527442,7141647.353492599],[143012.61385510524,7141646.45130205],[143009.0789124174,7141645.494687693],[143005.9226491315,7141644.952980564],[143003.5780724375,7141644.050674697],[143001.70275222353,7141641.579401154],[143000.63921936596,7141638.747532229],[142999.9543656092,7141636.330571613],[142999.2694148142,7141633.913497331],[142997.7727754212,7141631.857131433],[142995.4463762748,7141630.55809461],[142993.10179974517,7141629.655897363],[142992.0382730264,7141626.823916507],[142992.940437496,7141624.479440867],[142994.65439057862,7141621.77425975],[142997.14387355896,7141619.502166564],[142998.83974792273,7141617.19382781],[143000.91429960437,7141615.300397401],[143001.81656234415,7141612.955924114],[143001.14978778968,7141610.142120612],[143000.46483595192,7141607.725157063],[142999.77998480725,7141605.3081961535],[142997.0748128693,7141603.594247751],[142994.35156709567,7141602.277030593],[142992.87311072886,7141599.823823514],[142992.18816119828,7141597.406859264],[142991.106460444,7141594.971717949],[142989.6279053142,7141592.518507605],[142987.35594233585,7141590.02916725],[142986.67099758761,7141587.612091636],[142985.1743694184,7141585.55561249],[142984.52567553183,7141582.345075574],[142983.8407289157,7141579.928110564],[142983.58879286784,7141576.735529039],[142983.61605579976,7141576.140435246],[142982.86779435113,7141575.1121413335],[142982.20092360536,7141572.298444213],[142982.3276612099,7141569.520882723],[142983.23002906615,7141567.176302405],[142984.52904694778,7141564.849896644],[142986.22491837846,7141562.541559918],[142987.52393237362,7141560.215264838],[142988.42619853967,7141557.870681601],[142989.32846144674,7141555.526209207],[142989.4552009895,7141552.748536911],[142989.58203794848,7141549.970978203],[142990.484303337,7141547.626394914],[142991.7834158794,7141545.300102356],[142993.85795921844,7141543.406674087],[142994.76012319268,7141541.062087918],[142995.10550718103,7141540.443763832],[142994.28717526194,7141538.601821268],[142994.0352362143,7141535.409350861],[142994.16207566456,7141532.63168131],[142994.25255587552,7141530.647802755],[142992.37725991395,7141528.176414616],[142990.46570852224,7141526.49870898],[142989.00533864205,7141523.648768263],[142989.1502544245,7141520.474366693],[142989.29516727017,7141517.30007599],[142990.97295817744,7141515.388471238],[142992.29014632758,7141512.665336131],[142994.38276310707,7141510.375065522],[142996.4391232381,7141508.878477516],[142998.91051321942,7141507.003118095],[143001.32746878488,7141506.318281174],[143003.74452741654,7141505.6333356835],[143006.54015965667,7141505.363295802],[143009.31771428406,7141505.490098096],[143012.09526888048,7141505.616899805],[143014.87282344734,7141505.74370092],[143017.65037798887,7141505.870501449],[143020.8246842667,7141506.015366934],[143023.62041307724,7141505.745437059],[143024.47035005182,7141505.663374785],[143026.65532548918,7141504.346462596],[143028.3331059941,7141502.434964761],[143030.4258147659,7141500.144692051],[143032.48216862348,7141498.648099075],[143034.93537082575,7141497.169684563],[143036.61314925086,7141495.258185912],[143038.3089034236,7141492.949841678],[143040.00475741288,7141490.641500012],[143041.32203354465,7141487.918364108],[143044.13583399256,7141487.251587695],[143047.29206181155,7141487.793179111],[143048.7885845956,7141489.849648902],[143050.28520824073,7141491.90612119],[143052.59361189645,7141493.601885279],[143054.93806190527,7141494.504182605],[143057.62503856112,7141496.614961037],[143060.3845173887,7141497.138484532],[143062.69281974086,7141498.834354745],[143065.03737153468,7141499.736652803],[143067.363750562,7141501.035679443],[143070.10515484115,7141501.956043376],[143073.67630780174,7141502.119073851],[143076.4719327609,7141501.849130303],[143079.267560518,7141501.579075294],[143081.68461224553,7141500.89411611],[143082.62231032894,7141500.542030085],[143083.9346792869,7141499.751049627],[143086.78462589794,7141498.2906897925],[143089.21984886506,7141497.209000348],[143091.65487365035,7141496.127194187],[143094.08999535127,7141495.045501217],[143096.14644025854,7141493.54890196],[143098.58145766938,7141492.467316413],[143101.43160451134,7141491.006848339],[143103.84844894044,7141490.321990889],[143107.0590962018,7141489.673267189],[143109.4760433272,7141488.9883006085],[143112.25358937128,7141489.115192428],[143115.04921267193,7141488.8451302415],[143117.1238254907,7141486.951799164],[143118.8196636837,7141484.643449044],[143121.23670638114,7141483.95859408],[143124.0141537555,7141484.085369948],[143126.79170146526,7141484.212147936],[143129.24498858314,7141482.733720144],[143131.69827811635,7141481.25518108],[143133.754615689,7141479.758573977],[143137.0194729517,7141477.919537732],[143139.815193034,7141477.649473352],[143143.38623716932,7141477.812482936],[143146.56073144253,7141477.957435142],[143149.6987840202,7141478.895841614],[143152.04333276732,7141479.798234847],[143155.1995564812,7141480.339911055],[143157.99527614441,7141480.069842812],[143160.8089651764,7141479.403039711],[143163.2440765528,7141478.321334981],[143165.31857963215,7141476.427994587],[143167.3750123597,7141474.931385483],[143169.8101222709,7141473.849679701],[143171.8665540394,7141472.353069998],[143173.9410578963,7141470.459617609],[143175.61881098128,7141468.54810397],[143175.8354031472,7141468.160517873],[143176.10621286568,7141466.582404528],[143176.6297656948,7141463.822798505],[143176.3597151267,7141461.02717866],[143176.48651200224,7141458.249733388],[143176.73308053426,7141457.515335113],[143179.08746962243,7141458.421429815],[143182.1652124051,7141460.682561142],[143185.2912787281,7141461.885596682],[143188.36912363552,7141464.146729054],[143191.4950908199,7141465.349760245],[143193.51470603194,7141467.562612546],[143196.64067737042,7141468.765531492],[143199.8150678338,7141468.9104683725],[143202.98935789283,7141469.055401766],[143206.16384864255,7141469.20033982],[143209.43478266732,7141467.2289712],[143213.71542284102,7141466.364078976],[143216.98645520833,7141464.39271141],[143220.25738317013,7141462.4214512985],[143222.4701828105,7141460.4018061925],[143226.70260054764,7141460.595007515],[143229.87698832992,7141460.739937361],[143233.05127570737,7141460.884863722],[143236.17734498216,7141462.087886679],[143239.20687878877,7141465.407100812],[143242.28453130194,7141467.6682140175],[143243.1977056634,7141470.8908804655],[143243.0528527386,7141474.065166995],[143245.07247402903,7141476.27812111],[143247.04368426604,7141479.5489449445],[143246.89882953046,7141482.723342259],[143246.75387748488,7141485.897625982],[143246.6090228709,7141489.072023293],[143248.53201314667,7141493.401165601],[143251.65809449286,7141494.604072925],[143253.677723757,7141496.81691426],[143255.69735371572,7141499.029755209],[143258.726801451,7141502.348960454],[143261.8045666918,7141504.610070346],[143264.97886392672,7141504.754987765],[143266.99839659606,7141506.9678238835],[143270.07626154937,7141509.229045136],[143270.9894470047,7141512.451708386],[143273.00908531307,7141514.664435161],[143275.0286209453,7141516.8772697],[143275.94190876943,7141520.099935094],[143275.79696486762,7141523.274218233],[143275.65211839136,7141526.448614956],[143275.5071746048,7141529.622898084],[143274.30409517896,7141532.748912636],[143274.1592486215,7141535.923309367],[143274.0143047652,7141539.097592497],[143273.8693579695,7141542.271986494],[143274.78264833352,7141545.494651701],[143276.80219281698,7141547.707374435],[143278.7736216121,7141550.9783074185],[143280.7932620356,7141553.191253815],[143283.87094325258,7141555.4523538975],[143285.84227475995,7141558.72328275],[143286.75546937663,7141561.945943881],[143287.66866456397,7141565.168604884],[143288.53365054884,7141569.449251871],[143288.34039505664,7141573.681739818],[143287.13731660397,7141576.807755491],[143286.9924744722,7141579.982151888],[143286.84753504023,7141583.156434692],[143287.760832962,7141586.379098153],[143289.7803837409,7141588.591928693],[143291.80003858078,7141590.804650683],[143293.81968811533,7141593.017594026],[143295.839240973,7141595.230423382],[143297.8588948963,7141597.443255065],[143300.8400667559,7141601.820540593],[143302.85971960105,7141604.033482148],[143305.93742016423,7141606.294464279],[143307.95707756042,7141608.507293999],[143307.76382688852,7141612.739892254],[143309.73507438914,7141616.010812923],[143309.59024189267,7141619.185097969],[143309.52956988878,7141620.514476208],[143331.52968459297,7141635.021306863],[143344.2564236996,7141643.413267825],[143330.03086239425,7141667.857136944],[143254.70415838005,7141796.5255366],[143235.90451808902,7141804.065041246],[143175.20603980048,7141828.408369162]]],"bbox":[142982.20092360536,7141457.515335113,143344.2564236996,7141841.199120037]},"properties":{"objectid":1,"Shape__Area":0.00000769292944727516,"Shape__Length":0.012111120817574155},"bbox":[142982.20092360536,7141457.515335113,143344.2564236996,7141841.199120037]},{"type":"Feature","geometry":{"type":"Polygon","coordinates":[[[148725.88703324256,7151047.579882495],[148738.70245517592,7151068.837351251],[148747.88702582975,7151088.339333765],[148754.47478644177,7151106.662915867],[148759.49948571308,7151124.385170268],[148761.39832654106,7151140.905007843],[148761.4439369915,7151146.256979236],[148761.56555576902,7151160.526794467],[148761.41992950358,7151187.025659867],[148761.77988879802,7151202.415265096],[148764.90513982304,7151215.280204138],[148772.55087564647,7151233.651807833],[148786.15968217823,7151260.7766021155],[148801.4752889662,7151296.990959727],[148814.41764077905,7151333.575787976],[148814.62668743829,7151334.167024212],[148817.4297205612,7151339.48198114],[148821.21474545117,7151346.659387367],[148795.84710892342,7151357.115749746],[148687.0831985576,7151417.370354667],[148665.19985742675,7151443.940426476],[148651.80535443715,7151458.704122385],[148611.9892933141,7151366.773364671],[148634.20913514605,7151344.459597609],[148559.72053237027,7151210.662408261],[148553.5172886002,7151195.536986585],[148550.82467267103,7151184.812315419],[148551.30613376718,7151174.231950514],[148551.8598906038,7151162.064516164],[148555.0105864564,7151151.0755154975],[148559.21913013438,7151140.134686088],[148564.53401624406,7151128.183988996],[148574.12919703196,7151115.367724255],[148581.89650859026,7151107.769593895],[148591.22688972286,7151100.772692262],[148604.2843303663,7151093.415198764],[148700.56332662253,7151050.630656756],[148722.49379607983,7151041.695153983],[148725.88703324256,7151047.579882495]]],"bbox":[148550.82467267103,7151041.695153983,148821.21474545117,7151458.704122385]},"properties":{"objectid":2,"Shape__Area":0.0000057175148813116285,"Shape__Length":0.010165168353775005},"bbox":[148550.82467267103,7151041.695153983,148821.21474545117,7151458.704122385]},{"type":"Feature","geometry":{"type":"Polygon","coordinates":[[[149247.30035781744,7152186.742653571],[149256.28666876955,7152214.982029682],[149262.52294415073,7152230.8376008235],[149268.03808390064,7152240.696605252],[149275.91294636548,7152249.669075073],[149283.90793428413,7152255.996541172],[149295.67508296575,7152266.802521987],[149302.25728663208,7152275.053531637],[149315.5869776202,7152302.4965612795],[149332.10221851768,7152340.023966648],[149342.3806250752,7152376.27360696],[149344.6342708061,7152392.279264506],[149346.2564452893,7152422.171543093],[149346.91717973578,7152436.779474323],[149350.28324530303,7152450.18515788],[149353.10831782036,7152460.915911495],[149358.5632967354,7152472.097291668],[149365.02525831788,7152482.993461895],[149369.50355035346,7152493.799159637],[149375.49955808948,7152507.655899344],[149381.4354371985,7152522.835074516],[149385.6278191171,7152539.922844367],[149386.7246265674,7152552.231411058],[149383.98911384353,7152561.383940231],[149379.75076683424,7152567.154757217],[149367.4269506121,7152575.871018583],[149351.81190144265,7152584.106264453],[149335.3251262036,7152589.651374185],[149319.92056254123,7152593.257823936],[149295.76533004607,7152600.399589083],[149290.8181474969,7152577.622654182],[149278.98034874658,7152523.121065553],[149270.5413679654,7152487.219982884],[149256.9950387947,7152448.592233217],[149255.99487287237,7152445.740158984],[149246.80008143297,7152418.349912304],[149244.79064121709,7152412.363937391],[149222.57413772668,7152353.041723745],[149216.80836131563,7152340.212795559],[149199.46770630276,7152301.630421821],[149150.1530658162,7152197.076420895],[149145.40039154858,7152185.572248427],[149143.24862884218,7152180.363537135],[149172.36769496475,7152166.105418037],[149179.25057993608,7152175.032705501],[149203.11683349247,7152160.215191213],[149214.599064535,7152155.436498949],[149222.53422363574,7152155.797503671],[149229.77791991946,7152156.789665689],[149237.5026034715,7152161.779540632],[149242.43166379875,7152169.95529012],[149247.30035781744,7152186.742653571]]],"bbox":[149143.24862884218,7152155.436498949,149386.7246265674,7152600.399589083]},"properties":{"objectid":3,"Shape__Area":0.000003895924827821335,"Shape__Length":0.010127258597380836},"bbox":[149143.24862884218,7152155.436498949,149386.7246265674,7152600.399589083]},{"type":"Feature","geometry":{"type":"Polygon","coordinates":[[[141041.0278112869,7153077.910683716],[141038.839278105,7153079.401653461],[141036.14589015808,7153080.33958393],[141033.95735595847,7153081.830552982],[141031.76881824638,7153083.321632596],[141029.12351227523,7153083.201234274],[141026.4781028228,7153083.080943564],[141023.83269333554,7153082.960652326],[141021.18738427595,7153082.840363273],[141018.6140449394,7153081.1328],[141016.0409041412,7153079.425352467],[141014.54994022165,7153077.236835001],[141013.61210968095,7153074.543256885],[141013.25506645278,7153073.517999204],[141012.67417614424,7153071.849786807],[141011.18321378902,7153069.661268779],[141010.7745220766,7153066.991906028],[141009.83658988262,7153064.298435589],[141008.34562900983,7153062.109917071],[141005.7243163698,7153061.460459234],[141003.15108365304,7153059.752894925],[141001.10699163092,7153058.069435357],[140999.06290011125,7153056.385975417],[140997.018708651,7153054.702512367],[140994.9746181494,7153053.019051663],[140993.48366106715,7153050.830531009],[140991.43947116553,7153049.147066906],[140989.4434632042,7153046.405499134],[140988.50563774077,7153043.7120291665],[140987.59180611366,7153040.48939383],[140986.1008518872,7153038.300872014],[140984.60979473055,7153036.112458112],[140982.56581225473,7153034.428886788],[140979.96849352517,7153033.250479524],[140976.81804525008,7153032.577019712],[140974.22082771338,7153031.398613941],[140971.5994186132,7153030.749256594],[140969.78147969634,7153029.924286123],[140967.89604172617,7153030.58074779],[140965.17836331605,7153032.047709625],[140962.53306330706,7153031.927407624],[140959.35852364433,7153031.782995271],[140956.71322357247,7153031.662692104],[140954.09181477386,7153031.013331197],[140951.47050662234,7153030.363972466],[140948.82510622503,7153030.243664961],[140946.1798062601,7153030.123359642],[140943.0052636318,7153029.979054185],[140940.35996360413,7153029.858747693],[140937.66637734324,7153030.796541551],[140934.92480260105,7153032.792554848],[140931.702273786,7153033.7063558325],[140928.4796469757,7153034.620042495],[140925.78605260956,7153035.558055896],[140923.1407511172,7153035.437746085],[140920.44716207328,7153036.375536718],[140917.27272079617,7153036.231117095],[140914.62731855054,7153036.110802876],[140910.94782857492,7153035.413331827],[140908.3506144203,7153034.234912551],[140905.75340066542,7153033.0564927105],[140903.70922303997,7153031.373013439],[140901.11191271862,7153030.194478975],[140899.06783652975,7153028.511001584],[140896.01366853097,7153025.721311547],[140893.96959366545,7153024.037833205],[140891.92541885417,7153022.354351762],[140889.90543983778,7153020.141820721],[140887.86126613425,7153018.458338514],[140886.39432434866,7153015.740748538],[140884.92738323467,7153013.023158321],[140883.98948094697,7153010.329675386],[140884.10975868738,7153007.68429924],[140882.66691437748,7153004.437656618],[140882.2582551696,7153001.768175568],[140881.32025412848,7152999.0746895205],[140880.38245747285,7152996.381097928],[140879.4446582705,7152993.687617095],[140877.42458578123,7152991.475080602],[140875.9335513307,7152989.286651654],[140874.99575674481,7152986.593059441],[140872.95159048325,7152984.909574049],[140872.01369346603,7152982.216089653],[140870.57085576392,7152978.969444947],[140869.1039229863,7152976.2518520085],[140868.19012356782,7152973.029315127],[140867.7813688019,7152970.359830355],[140866.29034175648,7152968.171288932],[140864.82340834668,7152965.453806115],[140863.35647862038,7152962.736212185],[140860.78338195675,7152961.028618412],[140858.18598558544,7152959.8501815405],[140855.54069793876,7152959.729856405],[140852.87131063826,7152960.13869369],[140850.2258219201,7152960.0183620555],[140847.5323374039,7152960.956250383],[140844.30971862556,7152961.869915291],[140841.64022977382,7152962.2787476815],[140838.9467439751,7152963.216634389],[140836.25325772288,7152964.154520593],[140833.55977402878,7152965.09229542],[140830.33714983938,7152966.006068042],[140827.69175995834,7152965.885734748],[140824.5173304369,7152965.741401715],[140821.87184003385,7152965.621064524],[140819.2746459511,7152964.442625193],[140816.67745227955,7152963.264185299],[140814.05606038368,7152962.614794305],[140810.905632174,7152961.941292105],[140808.86157437932,7152960.257908989],[140806.24018326012,7152959.608516327],[140804.1960289193,7152957.925018784],[140801.59883752425,7152956.746575623],[140798.9534489317,7152956.626236353],[140796.3079598507,7152956.505893832],[140793.6626686438,7152956.385667101],[140791.01717950648,7152956.2653235085],[140788.37189125497,7152956.144984838],[140784.13928694522,7152955.952526731],[140781.49379770615,7152955.832181226],[140778.31936950696,7152955.687836794],[140775.67398065992,7152955.567492841],[140773.02848832944,7152955.447256498],[140769.8540630287,7152955.302799153],[140767.208671085,7152955.182564363],[140764.61148249928,7152954.004113512],[140761.485154527,7152952.801657576],[140758.8637659017,7152952.152255114],[140756.26647800946,7152950.9737997465],[140753.6932911676,7152949.266291455],[140752.2022840167,7152947.077734679],[140750.71127738827,7152944.889177671],[140749.79750896507,7152941.666628897],[140748.3065034545,7152939.478071494],[140746.26235869457,7152937.794563757],[140744.77135125163,7152935.606116694],[140742.75130870554,7152933.393555885],[140740.20223131106,7152931.156881057],[140737.6530513009,7152928.920313781],[140735.63301099138,7152926.707751614],[140733.05983145698,7152925.000238411],[140730.46245338913,7152923.82166346],[140728.41841068811,7152922.138266001],[140725.84513240913,7152920.430748453],[140723.8490968974,7152917.689128902],[140722.91133611492,7152914.995632378],[140721.42033834924,7152912.807071008],[140720.48248110217,7152910.1134606],[140719.5446183046,7152907.420071827],[140719.1358970176,7152904.75057853],[140719.2562104506,7152902.10519981],[140719.4005287544,7152898.9306550175],[140719.52083927387,7152896.28538717],[140719.68925999734,7152892.581789887],[140720.89174985536,7152889.455366189],[140723.17661001236,7152885.848124521],[140723.2969231138,7152883.202745827],[140724.47530642926,7152880.605485316],[140726.1828262959,7152878.032231055],[140727.40941590013,7152874.376754583],[140729.64606822055,7152871.827617167],[140730.82464748988,7152869.230472647],[140731.47389502526,7152866.6090947315],[140732.17144975637,7152862.929503746],[140732.29176162975,7152860.284125134],[140732.94120663952,7152857.662863528],[140734.64872252883,7152855.0896086525],[140735.85120379482,7152851.963295146],[140737.05368460692,7152848.836981584],[140738.23226408358,7152846.239725871],[140738.88161021913,7152843.618350551],[140740.06008857436,7152841.021092031],[140740.7575372758,7152837.341609064],[140741.9842183048,7152833.686245581],[140743.73993330123,7152830.054885163],[140744.43738391245,7152826.375291267],[140745.63996176934,7152823.248980074],[140745.76027195383,7152820.603601573],[140746.40961617162,7152817.982226128],[140747.0830618142,7152814.831798239],[140748.2615338727,7152812.234650258],[140749.96914565336,7152809.661286158],[140752.2297853222,7152806.583091386],[140753.91318487166,7152804.539109248],[140755.5966903945,7152802.49490793],[140757.78522487282,7152801.003875144],[140760.47868488554,7152800.06611879],[140763.12414329714,7152800.186472174],[140765.7695042335,7152800.30671142],[140768.39096222707,7152800.956118843],[140771.03632320842,7152801.0763570145],[140773.68168115994,7152801.196705536],[140776.35113957815,7152800.788001163],[140779.044600696,7152799.850130324],[140781.2572319191,7152797.830041686],[140783.44576222805,7152796.339005088],[140786.18732160714,7152794.3430255875],[140788.39994778717,7152792.323046854],[140791.11750604783,7152790.856121546],[140794.34009392612,7152789.9423629325],[140796.52862130984,7152788.451324489],[140798.71704472427,7152786.960393896],[140800.92967066873,7152784.940302551],[140803.11819642934,7152783.449263196],[140805.30671867396,7152781.958334416],[140815.79219756613,7152772.892074281],[140816.34542896034,7152772.387025222],[140819.03897812456,7152771.449260842],[140821.7324293949,7152770.51138236],[140824.42588021106,7152769.573503375],[140827.11952848465,7152768.635740209],[140830.36610855302,7152767.192807935],[140833.61278528103,7152765.749988545],[140835.80130380677,7152764.258944576],[140838.49474902533,7152763.321173867],[140841.2122948898,7152761.854239597],[140844.4830698251,7152759.882254785],[140847.20071467297,7152758.41532216],[140848.8841935054,7152756.371333021],[140851.1207061626,7152753.822066243],[140852.29925365653,7152751.22491459],[140853.98273690412,7152749.180703232],[140855.18518326088,7152746.0543829445],[140855.8347019172,7152743.433121204],[140856.48412295617,7152740.811745849],[140858.1676014341,7152738.7676450405],[140858.816921474,7152736.146266915],[140861.0295297139,7152734.126167494],[140863.2902315494,7152731.047960782],[140864.99770473427,7152728.4748045],[140867.2584048169,7152725.396597313],[140868.4368469352,7152722.799442075],[140869.6393888386,7152719.673123791],[140871.34696305427,7152717.099858815],[140874.06459620822,7152715.632921997],[140876.70993497572,7152715.75325188],[140879.35527372145,7152715.873581225],[140882.00071589835,7152715.993801888],[140884.64605458686,7152716.114130173],[140887.29149369517,7152716.234460643],[140889.96092870028,7152715.825735796],[140892.60627020407,7152715.945951611],[140895.80483157042,7152715.561336872],[140898.45027035277,7152715.681665119],[140901.64873383736,7152715.296935402],[140904.3422636034,7152714.359155711],[140906.98770197568,7152714.4794822745],[140909.68113360007,7152713.541587965],[140912.3264712497,7152713.66191076],[140914.97200977645,7152713.782238465],[140917.56915381673,7152714.960775043],[140920.166502174,7152716.139205631],[140923.34096979914,7152716.283525435],[140925.98630772857,7152716.403845424],[140928.63164562394,7152716.524164885],[140931.27708394924,7152716.644486531],[140933.92242179392,7152716.764804927],[140937.09688623715,7152716.909232279],[140939.76642185153,7152716.500389423],[140942.4358537679,7152716.091654199],[140945.10518498608,7152715.682915734],[140947.7988109365,7152714.745130297],[140950.5163324981,7152713.278176144],[140953.20986000274,7152712.34027611],[140955.90338405385,7152711.402486447],[140958.0918750406,7152709.91153575],[140961.31452736037,7152708.9977428755],[140964.0320429586,7152707.53089713],[140966.7254675657,7152706.592991874],[140969.97211099113,7152705.150142497],[140972.7138212431,7152703.154135194],[140975.40734158986,7152702.216341942],[140978.62988988997,7152701.302542489],[140981.32351275638,7152700.364639979],[140985.1231701349,7152698.416837795],[140987.76860371116,7152698.537148545],[140990.9912503251,7152697.623349015],[140994.16570880613,7152697.767763184],[140996.8350333512,7152697.35901493],[140999.50455856213,7152696.950271599],[141002.75119509437,7152695.507414881],[141005.468705391,7152694.040450615],[141007.65728757065,7152692.549495419],[141010.35070496437,7152691.611582009],[141012.53928612173,7152690.120626121],[141014.72776631714,7152688.629667204],[141017.39718528657,7152688.22102869],[141020.6198294551,7152687.3071116125],[141023.2652601003,7152687.427415518],[141025.95867194794,7152686.489610059],[141029.1331269191,7152686.634016134],[141031.7784568086,7152686.754315619],[141034.4238871216,7152686.874617301],[141037.6465231948,7152685.960918011],[141040.31594328192,7152685.552164158],[141043.00945352687,7152684.614358151],[141045.67887302395,7152684.20560327],[141048.34829529218,7152683.796736997],[141050.99372468417,7152683.917035429],[141054.16817844217,7152684.061435549],[141054.62845665793,7152684.630244388],[141056.8616870193,7152683.123626879],[141059.50711610809,7152683.243923614],[141062.6815695025,7152683.388321713],[141065.32689507166,7152683.508725431],[141068.549429712,7152682.594905382],[141071.24293957796,7152681.656983066],[141073.93654343823,7152680.719284718],[141076.12501391087,7152679.22831665],[141078.86659992143,7152677.232287124],[141081.05516966915,7152675.741321091],[141083.2917156848,7152673.192246239],[141086.00931102672,7152671.725269742],[141087.6928435284,7152669.681147545],[141089.37627508317,7152667.6370224655],[141091.61291865102,7152665.087949256],[141093.8013844535,7152663.59697878],[141095.98984973534,7152662.106007991],[141098.22649413615,7152659.556823037],[141100.96817006072,7152657.560903365],[141103.66157146654,7152656.622972585],[141106.88429383014,7152655.709260596],[141109.62587005488,7152653.713225771],[141112.29527652415,7152653.3045693245],[141114.96478621016,7152652.8958042],[141117.6101076345,7152653.016087286],[141120.25542902516,7152653.136369831],[141122.90085084492,7152653.256654572],[141125.59434368275,7152652.318944088],[141128.26385238016,7152651.910176361],[141130.93326339073,7152651.50129452],[141133.60266815254,7152651.092633914],[141136.82518822543,7152650.178798725],[141139.4707095764,7152650.299082937],[141142.64515314368,7152650.443462729],[141145.81959666958,7152650.587841759],[141148.46491401608,7152650.708229589],[141151.0622597664,7152651.886725023],[141152.55318716506,7152654.075120335],[141153.49100008147,7152656.768690139],[141153.37066698686,7152659.414060432],[141153.25033393502,7152662.059430716],[141154.18814783305,7152664.753000362],[141154.06781808467,7152667.39825975],[141155.53485704114,7152670.11593294],[141157.02578766586,7152672.304327376],[141158.51671581523,7152674.492832456],[141160.51268290076,7152677.234489337],[141161.4265175718,7152680.457001283],[141162.3643349838,7152683.150569953],[141162.24400433386,7152685.795940059],[141164.21598913753,7152689.066650076],[141165.15370753704,7152691.760215655],[141167.1738678866,7152693.972711583],[141168.6648005877,7152696.161214985],[141170.70884654392,7152697.844653505],[141173.28211846424,7152699.552194472],[141175.326262946,7152701.235745739],[141178.45254515723,7152702.438328855],[141181.04970571137,7152703.616700527],[141183.67104878672,7152704.266134005],[141186.26830749447,7152705.44461816],[141188.9136380499,7152705.5648857225],[141191.51099780045,7152706.743371486],[141194.1322412736,7152707.3928000415],[141196.7054171539,7152709.100333157],[141199.326761675,7152709.749763321],[141201.3708132183,7152711.433196392],[141203.9921613178,7152712.0825146735],[141206.01222748804,7152714.295111667],[141209.13861816184,7152715.497578698],[141211.73577731207,7152716.676165482],[141214.35702624713,7152717.325478817],[141217.48341514316,7152718.528054574],[141220.12884815806,7152718.648318289],[141223.27922025835,7152719.321838758],[141225.92455286585,7152719.442098573],[141228.56998289365,7152719.562471455],[141231.2153154448,7152719.682730203],[141233.86064495845,7152719.803099297],[141237.03520347475,7152719.947457161],[141240.1374115412,7152721.679075601],[141241.07525144616,7152724.372525493],[141240.9549376052,7152727.017894391],[141242.44588590093,7152729.206387561],[141244.49004582083,7152730.889815681],[141247.11129533476,7152731.539232892],[141249.15545314807,7152733.22277105],[141249.36116611125,7152733.392225154],[141250.55238189566,7152732.580672881],[141253.2459805478,7152731.642827601],[141255.43433357874,7152730.151828703],[141258.12792827783,7152729.214093402],[141260.82142508,7152728.276243997],[141264.01986540994,7152727.891538696],[141266.71346182417,7152726.953690896],[141269.3587951039,7152727.073941834],[141272.0282063558,7152726.665252135],[141274.72170128353,7152725.727400089],[141277.94432136655,7152724.813643322],[141280.63781234215,7152723.875901032],[141283.90849504818,7152721.903927457],[141286.65015179367,7152719.907860463],[141289.34364097094,7152718.970116589],[141292.0851957624,7152716.97404591],[141295.33179169724,7152715.531231679],[141297.52033757296,7152714.040232126],[141299.20383490168,7152711.996197257],[141301.94548410957,7152710.000238461],[141303.62898327492,7152707.956092289],[141305.84140577057,7152705.936035278],[141308.58315614436,7152703.939967208],[141310.7715950784,7152702.449073999],[141312.45498851285,7152700.405035113],[141314.16266783013,7152697.831728901],[141315.84616067086,7152695.787692423],[141316.4954840195,7152693.166416204],[141318.20295788907,7152690.593215082],[141319.91053159809,7152688.020016532],[141320.03083060554,7152685.37464868],[141320.15112965554,7152682.729280824],[141319.7425060167,7152680.059824096],[141319.86280525854,7152677.414456225],[141321.57027390756,7152674.8413658105],[141323.27784540376,7152672.2681670915],[141323.92716688372,7152669.646890743],[141324.04746855283,7152667.001412037],[141322.0034150082,7152665.317887921],[141318.87713100936,7152664.115449946],[141316.23171388806,7152663.99509386],[141313.58639418718,7152663.87485084],[141310.94097701478,7152663.754493687],[141308.10336061107,7152656.203101395],[141308.12744053244,7152655.674050497],[141310.89326125057,7152653.148932196],[141312.57664972672,7152651.104893915],[141314.76508343575,7152649.613890149],[141317.4104977019,7152649.734246867],[141320.05591494223,7152649.854492173],[141322.62908805482,7152651.562111277],[141324.12004087056,7152653.750484002],[141325.6110916643,7152655.938970096],[141327.10203953204,7152658.127564112],[141329.65103864565,7152660.36411878],[141332.27247629693,7152661.013525809],[141334.8937132309,7152661.662926843],[141337.5390290643,7152661.783276524],[141340.1844483238,7152661.90351752],[141342.37287684518,7152660.412620246],[141344.58548675914,7152658.3925637305],[141346.29305180698,7152655.819362771],[141348.50555992912,7152653.799303022],[141350.69408960064,7152652.308296481],[141353.3875595035,7152651.370541671],[141356.58607625857,7152650.985819239],[141359.7845927198,7152650.60109605],[141362.98300543107,7152650.216480272],[141365.65259996586,7152649.807668418],[141368.85101511906,7152649.422940394],[141371.49642827798,7152649.543286279],[141374.14174095762,7152649.663628903],[141376.7389966593,7152650.842186008],[141377.14773303678,7152653.511531677],[141377.02734421683,7152656.15689606],[141376.90705589094,7152658.802263158],[141376.2336652244,7152661.952702422],[141376.11337988864,7152664.597958645],[141377.05113649077,7152667.291504504],[141379.64839908533,7152668.469949702],[141382.22158219496,7152670.177555888],[141384.79476893955,7152671.885050621],[141385.73263143533,7152674.578487423],[141385.6123423162,7152677.223965233],[141385.49195878673,7152679.869218573],[141385.90069278114,7152682.538785325],[141385.78040990082,7152685.18404137],[141386.71827398392,7152687.877477921],[141387.1029351639,7152691.075984335],[141386.98254627816,7152693.721459372],[141384.74606313428,7152696.270578915],[141383.06258210412,7152698.314622897],[141380.36900276795,7152699.252492701],[141377.72368026513,7152699.132152481],[141375.07825728122,7152699.011809009],[141371.92788468546,7152698.338435775],[141369.28256219917,7152698.218093848],[141366.63723668765,7152698.097862257],[141364.44870553206,7152699.588761146],[141363.2702675275,7152702.185946166],[141361.05765476485,7152704.206006216],[141358.8451417765,7152706.226068697],[141355.59845662746,7152707.66889468],[141353.41002003505,7152709.159905663],[141352.2315792056,7152711.757090019],[141353.1693391828,7152714.450526719],[141354.66029936442,7152716.639116188],[141357.78659855528,7152717.841543831],[141360.4079451433,7152718.491051922],[141363.58239988488,7152718.6353766695],[141365.6265675914,7152720.318895418],[141366.03520587465,7152722.988238502],[141365.9149140307,7152725.633716495],[141363.70249934943,7152727.653782787],[141362.01901154796,7152729.697824868],[141360.84046792722,7152732.295118095],[141360.69610086526,7152735.46953599],[141360.57581126894,7152738.114903158],[141359.39737034484,7152740.712088198],[141359.27708061493,7152743.357455375],[141358.09853567753,7152745.954748521],[141355.86193876876,7152748.503862],[141354.6594157088,7152751.63020841],[141353.48097280413,7152754.22739316],[141352.30252951634,7152756.824577857],[141349.05592946283,7152758.26751728],[141346.36233530927,7152759.205381822],[141343.1398178602,7152760.119047437],[141340.49448241264,7152759.998701186],[141337.32001716737,7152759.85437205],[141334.6504998702,7152760.263183564],[141332.91894448298,7152763.365438048],[141332.79865302844,7152766.010694683],[141332.67825515347,7152768.65617034],[141332.55796078168,7152771.30153784],[141331.37950919598,7152773.898832157],[141331.2592146906,7152776.544199665],[141332.7501833493,7152778.732680168],[141335.34746674693,7152779.911131788],[141337.92067245557,7152781.618633605],[141340.51785632095,7152782.79708137],[141342.53795498947,7152785.009653475],[141342.94669341808,7152787.679000096],[141342.82639858144,7152790.324478292],[141342.70610979194,7152792.969734729],[141342.58581504022,7152795.61521291],[141342.4655233337,7152798.260580214],[141342.8500813626,7152801.459085643],[141343.78804990533,7152804.152527643],[141344.7258149996,7152806.846074957],[141345.13465574366,7152809.515424034],[141345.54329282773,7152812.1848785095],[141345.39892150532,7152815.3594073355],[141345.27863386355,7152818.004663685],[141345.134265656,7152821.179081628],[141343.93173630192,7152824.305427866],[141343.28231314634,7152826.926813293],[141342.07988350466,7152830.053162168],[141341.95959556825,7152832.698418535],[141340.78114255716,7152835.295713922],[141340.66085149045,7152837.94108117],[141340.51648277667,7152841.115499143],[141340.39609135088,7152843.760863662],[141338.68850716908,7152846.334066257],[141336.50004812487,7152847.825077106],[141334.3115885674,7152849.316087644],[141332.12303103786,7152850.806984281],[141330.9446784389,7152853.404170999],[141330.8243858592,7152856.049538352],[141330.679911873,7152859.224064601],[141330.55961938645,7152861.869431944],[141330.43932694336,7152864.514799283],[141330.3190345422,7152867.160166618],[141329.7752530583,7152869.355013908],[141329.66961097036,7152869.781440935],[141328.49115636916,7152872.378624905],[141328.37086077366,7152875.024103131],[141327.19250606187,7152877.621289775],[141326.01394705242,7152880.218581792],[141323.80150366237,7152882.238644792],[141322.09391230554,7152884.811846091],[141320.4104016011,7152886.855885601],[141317.66882427293,7152888.851854466],[141315.45617728977,7152890.871910932],[141312.69061725592,7152893.39704333],[141309.99709418195,7152894.3349065725],[141306.79862056486,7152894.719516538],[141303.60004319152,7152895.104233912],[141300.95467689156,7152894.98399378],[141298.30941401317,7152894.863644963],[141295.15899754612,7152894.190147772],[141292.56168949627,7152893.01180152],[141290.51759954973,7152891.32827661],[141288.4975896427,7152889.115700465],[141286.45339734224,7152887.432282942],[141284.40930901316,7152885.748756889],[141281.81210384425,7152884.570410943],[141279.1667422288,7152884.450055325],[141276.52128012566,7152884.329696452],[141273.8759154458,7152884.209450649],[141271.23065419414,7152884.089096152],[141268.56111165852,7152884.497786604],[141265.91584724095,7152884.377541922],[141263.2703848912,7152884.257180395],[141260.64910063677,7152883.607880995],[141257.54684916337,7152881.876272418],[141254.94964944007,7152880.697809963],[141252.35234966304,7152879.519344222],[141244.96937580552,7152878.653411265],[141243.91121245327,7152878.605221185],[141240.76079786842,7152877.931821169],[141238.13951838063,7152877.282406163],[141235.54221733462,7152876.104047749],[141232.9450231535,7152874.925469745],[141230.92492106935,7152872.71299153],[141229.43395431445,7152870.524499102],[141229.55426684004,7152867.879130332],[141229.14554844092,7152865.20966721],[141229.26585815562,7152862.564409306],[141227.79897818627,7152859.846754577],[141226.86102608667,7152857.153302267],[141226.45230891753,7152854.483838925],[141226.57262244594,7152851.838470081],[141227.7751823095,7152848.712131057],[141228.95355613297,7152846.114951167],[141227.48667861725,7152843.397296138],[141224.8894888152,7152842.218826553],[141221.7871479186,7152840.487316012],[141219.74307458405,7152838.8037781],[141217.1939510606,7152836.567201916],[141214.64483139815,7152834.330514269],[141211.49442816613,7152833.657105865],[141208.84907237004,7152833.536845836],[141206.17953598232,7152833.945522798],[141206.05921491334,7152836.591002844],[141204.8808368463,7152839.188181148],[141203.70235493372,7152841.785467552],[141203.58213702939,7152844.430839464],[141205.57804653607,7152847.172371341],[141208.15125372098,7152848.8798986105],[141210.7484409117,7152850.058482356],[141211.15725817072,7152852.727838431],[141209.97887727467,7152855.325128062],[141207.28525073873,7152856.262967726],[141204.61590771703,7152856.67176122],[141201.9704467099,7152856.551497631],[141199.32508913678,7152856.431125363],[141196.6797285264,7152856.31086343],[141194.0343708921,7152856.190490089],[141191.3408430582,7152857.128329391],[141188.64731477073,7152858.06616819],[141185.9298026986,7152859.533060368],[141184.24636854645,7152861.5771983415],[141183.06788410986,7152864.17437267],[141181.38444900035,7152866.21851039],[141179.1477946365,7152868.767710948],[141177.4402743209,7152871.340899479],[141175.25178970705,7152872.831886301],[141172.55825682706,7152873.769722322],[141169.8647234934,7152874.707557842],[141167.19537763047,7152875.116233491],[141164.55001264275,7152874.995965565],[141161.88046249433,7152875.404745601],[141159.83648672525,7152873.721311867],[141158.49622899585,7152873.113244334],[141158.48751028872,7152873.305183844],[141158.3671836636,7152875.950553616],[141158.2468570806,7152878.595923383],[141159.16061003128,7152881.818541314],[141159.54533150734,7152885.017062077],[141160.48317314015,7152887.710517703],[141160.33876262046,7152890.884938644],[141160.21843380568,7152893.530419228],[141160.074123853,7152896.704842875],[141159.95379813592,7152899.350212576],[141160.8917418067,7152902.043670727],[141162.38270281942,7152904.232171684],[141163.8495799256,7152906.949723614],[141164.7874246994,7152909.643178583],[141164.66710025392,7152912.28854819],[141164.49870457075,7152915.992133795],[141164.33020851837,7152919.695716671],[141164.20988723834,7152922.340975384],[141162.50235565478,7152924.914273858],[141160.79482646874,7152927.4874613015],[141159.61643397942,7152930.084637291],[141158.43793764355,7152932.68192138],[141157.25944092544,7152935.279205404],[141155.57599425322,7152937.323341201],[141153.89254708594,7152939.36747684],[141152.18501770246,7152941.940552672],[141150.47748470766,7152944.513739228],[141148.21682866925,7152947.591990538],[141146.48520638136,7152950.694338858],[141144.80175931432,7152952.7383628],[141144.15239402954,7152955.359746151],[141142.44485805422,7152957.932932017],[141141.2663596159,7152960.530104299],[141140.6169934931,7152963.15148758],[141139.43849438714,7152965.74865978],[141138.78912781342,7152968.370043026],[141138.13976406574,7152970.991315389],[141138.0195362909,7152973.636687972],[141139.51050397143,7152975.825190814],[141141.53060847666,7152978.037793493],[141144.10373700567,7152979.745328188],[141146.72503865644,7152980.394648982],[141149.32235330925,7152981.573134039],[141152.42461984733,7152983.304766627],[141153.89150658908,7152986.02231862],[141153.77118188882,7152988.667688226],[141153.65085723123,7152991.313057829],[141153.5306330712,7152993.958430149],[141152.88116850227,7152996.579811111],[141150.64449334954,7152999.128898815],[141148.45608698291,7153000.619886536],[141145.8106994512,7153000.499506922],[141143.1653088869,7153000.379237648],[141140.03905140684,7152999.176768089],[141137.41764857312,7152998.527332789],[141134.72418541694,7152999.465277891],[141131.47750232858,7153000.90806253],[141129.7940446469,7153002.952196339],[141129.14467554964,7153005.573579434],[141128.4953092797,7153008.194851647],[141129.43315793033,7153010.888308795],[141129.3468773745,7153012.785315506],[141129.31282895856,7153013.533678699],[141129.1926004846,7153016.179051321],[141128.01409308106,7153018.776334038],[141126.30664810643,7153021.349521681],[141124.0940493059,7153023.369554648],[141121.8814498324,7153025.389587313],[141119.69293527806,7153026.880568409],[141118.51452576794,7153029.477853294],[141116.30192144605,7153031.497996115],[141114.065434582,7153034.047084507],[141112.38197058515,7153036.091216832],[141110.6744201925,7153038.664400306],[141108.4378306889,7153041.213485266],[141106.7302759686,7153043.786779262],[141104.99863755837,7153046.889013545],[141103.31517071516,7153048.933145044],[141101.607717633,7153051.506330432],[141099.90016348852,7153054.07951295],[141098.19260873785,7153056.652695317],[141096.50913974486,7153058.696826197],[141094.82567025808,7153060.740956922],[141092.10810747638,7153062.207835617],[141089.41463066888,7153063.145662468],[141086.74513969664,7153063.554434733],[141084.05165909324,7153064.4923714455],[141080.82903800323,7153065.406205585],[141077.60651982698,7153066.319930835],[141075.41799330903,7153067.8109059315],[141072.72451076336,7153068.748840536],[141070.05502069573,7153069.157498755],[141067.31346286891,7153071.153537901],[141065.1249342432,7153072.644511515],[141062.43145275878,7153073.582333351],[141059.73796781647,7153074.520265558],[141052.71559968172,7153077.38192744],[141052.1865595049,7153077.357827],[141048.93994442263,7153078.800708197],[141046.294536239,7153078.680421354],[141043.69720734598,7153077.501917426],[141041.0278112869,7153077.910683716]]],"bbox":[140719.1358970176,7152649.422940394,141387.1029351639,7153083.321632596]},"properties":{"objectid":4,"Shape__Area":0.000014197192032066006,"Shape__Length":0.020910374087535356},"bbox":[140719.1358970176,7152649.422940394,141387.1029351639,7153083.321632596]},{"type":"Feature","geometry":{"type":"Polygon","coordinates":[[[99652.3359516157,7164671.361194517],[99652.23812506138,7164671.514216861],[99651.52369046211,7164672.995428713],[99649.92495420115,7164676.310296365],[99649.76754905691,7164676.636695552],[99649.17707636952,7164678.361188255],[99648.10054210323,7164681.505159032],[99647.92517132172,7164682.017176274],[99647.55114333931,7164683.768603968],[99646.887354773,7164686.876367423],[99646.73736362066,7164687.578858583],[99646.5838428911,7164689.262321654],[99646.31686847995,7164691.360646107],[99632.16028756386,7164680.396879809],[99629.81391687354,7164679.494977707],[99627.50351728935,7164677.798793176],[99625.59013819572,7164676.120654936],[99623.27983694116,7164674.424583451],[99620.9694356671,7164672.728508461],[99618.24403443048,7164671.411360636],[99616.34864147869,7164669.336135222],[99614.020358279,7164668.037147382],[99611.67389337352,7164667.135127701],[99608.89454090776,7164667.009234455],[99606.47624258912,7164667.695448279],[99604.0580445457,7164668.381664721],[99601.63964835595,7164669.067763802],[99598.84231058444,7164669.338954114],[99596.080838161,7164668.816080509],[99594.18564974959,7164666.740857489],[99592.68728048092,7164664.683675861],[99591.1890122894,7164662.626497033],[99590.10565187724,7164660.190166302],[99588.6253696786,7164657.735901411],[99587.16307315184,7164654.884550637],[99586.47693150362,7164652.466384368],[99585.79069627827,7164650.047993183],[99585.1224431941,7164647.23262718],[99584.05716804904,7164644.3993238835],[99583.78603879042,7164641.601897968],[99581.89064884081,7164639.526888139],[99579.58026187675,7164637.830693517],[99576.42177737161,7164637.289766568],[99573.64243030758,7164637.163865117],[99571.22413424856,7164637.8500721045],[99568.78785219375,7164638.933364383],[99566.33358727535,7164640.413631055],[99564.27644146472,7164641.911949115],[99561.47901000333,7164642.183017027],[99558.69966155017,7164642.057112579],[99556.38927304256,7164640.361024531],[99554.47600807046,7164638.682877168],[99552.9957315778,7164636.228718001],[99551.49737221655,7164634.1715303995],[99549.99911727471,7164632.114234677],[99548.50075890892,7164630.057046607],[99546.58749646717,7164628.378897769],[99544.71010350098,7164625.906684948],[99542.39961898007,7164624.210590819],[99540.4863581406,7164622.532440885],[99538.572997196,7164620.854287583],[99536.67762012174,7164618.779159065],[99534.76426019479,7164617.101005077],[99532.45398289419,7164615.404803983],[99530.03558665118,7164616.091000258],[99527.59940424911,7164617.174287989],[99525.16312081518,7164618.257572293],[99522.32981835294,7164619.322806131],[99520.23499839043,7164620.848513091],[99519.66246651066,7164618.830720064],[99518.7235191366,7164616.135750021],[99517.78457557206,7164613.440668942],[99516.2923172625,7164611.251228269],[99514.82394881069,7164608.532114731],[99513.35567494424,7164605.813225782],[99511.33389542566,7164603.599638121],[99509.86562294781,7164600.880748607],[99508.37327033898,7164598.691192729],[99506.88102218014,7164596.501528731],[99505.41265100456,7164593.782635462],[99503.39107597276,7164591.569052207],[99501.89872230362,7164589.379606212],[99500.40647642687,7164587.189941188],[99498.91402657452,7164585.000380788],[99496.36302579206,7164582.762874072],[99484.11287430784,7164572.128683878],[99483.58344639873,7164572.104761183],[99480.45495917968,7164570.901999015],[99478.40920576919,7164569.217852799],[99475.83422626602,7164567.509789216],[99473.25915013778,7164565.801611114],[99470.15464698477,7164564.069509146],[99466.4967315279,7164562.8429308925],[99464.47496648767,7164560.629334145],[99461.85202225018,7164559.980052475],[99459.27684853185,7164558.271868207],[99457.23120008392,7164556.58772114],[99454.6560242055,7164554.879646717],[99452.6104774081,7164553.195501817],[99451.14202216902,7164550.476597329],[99450.2031992015,7164547.781511916],[99449.79359585827,7164545.110566355],[99449.91352023702,7164542.46354799],[99450.03344466956,7164539.816529626],[99450.68269524252,7164537.193432447],[99451.33204624167,7164534.570338288],[99451.45197062189,7164531.923319934],[99452.10121748329,7164529.300333654],[99453.80941723246,7164526.725198707],[99455.51751247066,7164524.1501715],[99458.78989915142,7164522.176364146],[99460.97934977966,7164520.684042461],[99462.15812100389,7164518.084982889],[99463.33679127478,7164515.485920239],[99464.51546116744,7164512.88685753],[99466.19967102777,7164510.8411695305],[99468.41320193879,7164508.819512915],[99470.14527805714,7164505.71503648],[99472.38289702829,7164503.163823532],[99474.09098616411,7164500.588794744],[99476.37646720058,7164496.978904199],[99478.06057623087,7164494.933101229],[99478.10854363616,7164493.874316221],[99478.25244592072,7164490.697961199],[99478.92567225074,7164487.545526486],[99479.57501694723,7164484.922431848],[99480.77766723669,7164481.793920434],[99482.46176736424,7164479.748339031],[99484.14597425179,7164477.702538688],[99486.84095123067,7164476.76369906],[99488.5251537339,7164474.718009207],[99489.72780134593,7164471.589497346],[99489.84771990811,7164468.942479523],[99489.96753794252,7164466.295458677],[99490.08745661704,7164463.648440855],[99490.2313604257,7164460.471975097],[99490.88070252433,7164457.848880293],[99491.53004112566,7164455.225896387],[99492.17928232258,7164452.602798544],[99493.8633776569,7164450.557216346],[99494.51271890779,7164447.934121491],[99496.79828818515,7164444.32423216],[99497.44752819004,7164441.701134233],[99499.15560640808,7164439.126103729],[99500.8398064875,7164437.080302193],[99502.04254659428,7164433.951903842],[99503.22120427195,7164431.352839412],[99503.87054340681,7164428.729744409],[99504.51977846381,7164426.106757279],[99505.16911394033,7164423.483773168],[99505.28903417045,7164420.836644619],[99505.4089511112,7164418.189626966],[99505.52886811033,7164415.542609315],[99506.17820660508,7164412.919514312],[99506.29801968194,7164410.272604545],[99506.41794006649,7164407.625475984],[99506.53785717353,7164404.978458332],[99506.12835664843,7164402.307407078],[99505.71875246568,7164399.636463663],[99504.25051476341,7164396.917458883],[99503.84101523628,7164394.246407443],[99503.43151264213,7164391.575466866],[99503.04599530878,7164388.375078337],[99503.16591698193,7164385.727949685],[99503.28573479125,7164383.080928903],[99504.46458745928,7164380.481981792],[99507.13556585624,7164380.0723668095],[99509.78265646414,7164380.192313136],[99512.42964645481,7164380.31225591],[99513.92186780274,7164382.501811983],[99514.86078877625,7164385.196785387],[99515.79970688478,7164387.8918695655],[99517.79736922489,7164390.634684321],[99518.73639240261,7164393.329660276],[99520.22861319617,7164395.519326188],[99522.80366019707,7164397.227388185],[99525.40278911288,7164398.406115694],[99528.50735532213,7164400.1382122915],[99531.6118216762,7164401.870305023],[99533.63346652978,7164404.083890678],[99536.20861727133,7164405.791952657],[99537.70084573183,7164407.981505118],[99539.72249256348,7164410.19508958],[99542.32162517885,7164411.373813253],[99544.92066094122,7164412.552422421],[99547.56775716762,7164412.672360362],[99550.21475277108,7164412.792294739],[99553.3911695666,7164412.936149357],[99556.03816508793,7164413.056082572],[99559.28662687395,7164411.611706583],[99562.51100144704,7164410.696885476],[99565.73537880142,7164409.7819527425],[99567.9248992395,7164408.289620344],[99570.11441916798,7164406.797287641],[99572.30403915542,7164405.304957673],[99574.9989934428,7164404.366102894],[99577.64608733816,7164404.486035047],[99580.29308061075,7164404.605963638],[99582.91609547404,7164405.255228428],[99586.0964928717,7164408.475863246],[99586.20075550402,7164408.433487016],[99593.78696597257,7164405.349815281],[99595.1104138915,7164405.409721052],[99597.75740694435,7164405.52964614],[99600.43447680923,7164404.987764253],[99602.509568699,7164403.092470771],[99604.61474000488,7164400.535259707],[99606.05818202364,7164397.948262425],[99607.5017274663,7164395.361157181],[99608.94506793044,7164392.774156692],[99609.72668646293,7164390.157148458],[99611.86182713864,7164386.938238144],[99613.3052699982,7164384.351129517],[99614.08688746137,7164381.734121174],[99616.1621785941,7164379.838721393],[99616.94379537733,7164377.221712975],[99618.38723648351,7164374.634604037],[99620.46232148918,7164372.739308651],[99621.9058621159,7164370.152202491],[99623.98094930279,7164368.256795799],[99626.08620565903,7164365.699807344],[99628.16139215825,7164363.804403188],[99630.23657472723,7164361.909109687],[99632.31185729266,7164360.013818963],[99634.38694144535,7164358.118411027],[99636.49209707929,7164355.561307447],[99638.56737778842,7164353.666015983],[99640.64255732327,7164351.770721236],[99643.3794588478,7164349.905321622],[99645.48471212678,7164347.348220015],[99646.92804451403,7164344.761106025],[99649.00332209887,7164342.86581333],[99651.74022059591,7164341.000412369],[99653.81539631722,7164339.105116058],[99656.58226394653,7164336.578015942],[99659.28939067101,7164335.374318117],[99660.73271596245,7164332.787314026],[99662.80799304775,7164330.891908754],[99664.88316562853,7164328.996611111],[99666.9583376153,7164327.10131322],[99669.69533079251,7164325.235912322],[99671.77050149441,7164323.34061384],[99673.84567494906,7164321.445204204],[99676.52271974285,7164320.903420528],[99679.22963995661,7164319.699713239],[99681.30480502284,7164317.804524459],[99682.74822834821,7164315.217410858],[99684.85346890276,7164312.6603046525],[99686.29688778002,7164310.0733017195],[99687.74020892574,7164307.486184772],[99689.1836301582,7164304.899070754],[99690.62715148774,7164302.31195967],[99692.73218428274,7164299.754957505],[99694.80745180079,7164297.859548448],[99696.25086753123,7164295.272544865],[99700.52117754333,7164288.834819029],[99701.21296607307,7164288.203016757],[99703.28812678304,7164286.307714637],[99705.99513454054,7164285.104117047],[99712.54161573254,7164276.959182872],[99712.57158400805,7164276.297484728],[99713.03740940132,7164273.334515043],[99714.46583376772,7164271.078414746],[99715.56340198359,7164268.807257304],[99716.66096988623,7164266.536099816],[99717.75854081125,7164264.264831381],[99718.55512006365,7164261.3169156555],[99719.65268704871,7164259.045758049],[99720.10342135158,7164256.413800733],[99720.56924518943,7164253.450831028],[99721.38080928562,7164250.172010755],[99722.16250236414,7164247.555002514],[99722.29746737023,7164244.577086758],[99722.43233186571,7164241.599167967],[99722.55221072899,7164238.952153689],[99722.6666300848,7164236.426416615],[99721.8101068029,7164234.840344899],[99720.34174964455,7164232.121474659],[99719.40291020187,7164229.426411391],[99717.91068083764,7164227.236880088],[99716.97173847613,7164224.541924411],[99716.03279658733,7164221.846968603],[99715.09395909071,7164219.151904797],[99714.68442743999,7164216.480975009],[99713.21607767587,7164213.761992566],[99711.77180353459,7164210.513676541],[99711.36227980553,7164207.842524692],[99712.03564903402,7164204.690092344],[99713.21424792608,7164202.091127613],[99715.40391626477,7164200.598894254],[99717.59348684485,7164199.106546661],[99720.3123648463,7164197.638221889],[99722.50203156483,7164196.145987557],[99724.6915971947,7164194.653749905],[99727.4104733711,7164193.185423899],[99729.62411558384,7164191.16374138],[99729.64809269534,7164190.634294164],[99738.31131248362,7164184.173273018],[99737.87758571224,7164188.301779892],[99737.62572796672,7164190.379800281],[99737.61691247491,7164190.78337775],[99737.45410869143,7164198.168201448],[99737.45123812521,7164198.337289414],[99738.02889111172,7164205.868598755],[99738.05845067633,7164206.254792212],[99738.42043628573,7164208.300876743],[99739.14810586342,7164212.414026201],[99745.26713976159,7164208.635777952],[99759.31163378834,7164191.36800491],[99759.37157026824,7164190.044498038],[99761.4767791169,7164187.487383888],[99763.58188661764,7164184.930266479],[99765.65712428332,7164183.03496073],[99767.73236135487,7164181.139654731],[99769.8076011787,7164179.244237578],[99771.88283374306,7164177.349041985],[99773.95787122619,7164175.453618282],[99776.66494702606,7164174.250123914],[99779.3718277847,7164173.046401199],[99782.0789058088,7164171.8427949585],[99784.1540381345,7164169.947483892],[99786.2292671089,7164168.052286504],[99788.30450216995,7164166.156867051],[99789.74788886111,7164163.56985721],[99791.19127840002,7164160.982736366],[99791.97295529844,7164158.365726255],[99794.16805188975,7164153.82340388],[99794.94973136357,7164151.2062828],[99795.7314072884,7164148.589272605],[99796.51308299764,7164145.972262402],[99798.5882096049,7164144.076949831],[99800.03159589972,7164141.489828475],[99800.8133711571,7164138.8728211885],[99802.25675661507,7164136.2856997065],[99803.03843073035,7164133.66868934],[99804.48181201564,7164131.081678644],[99804.60177831573,7164128.434668582],[99804.72164409689,7164125.787655486],[99805.50341806567,7164123.1706481185],[99805.65325193154,7164119.861826306],[99806.46488977264,7164116.583118092],[99806.5847588579,7164113.9359941],[99807.36653220392,7164111.318986727],[99808.14810750331,7164108.70186238],[99808.9297798418,7164106.084851956],[99810.37325850624,7164103.497844099],[99811.15493027988,7164100.880833626],[99811.9365012559,7164098.263820109],[99813.41004722065,7164095.015006416],[99814.8534235846,7164092.427995294],[99817.56038507924,7164091.224270374],[99820.86911611975,7164091.374161437],[99823.45620695001,7164092.817670045],[99825.35153164534,7164094.89276305],[99827.2468536126,7164096.967966614],[99829.80398240528,7164099.073171468],[99831.00753238704,7164101.780181309],[99832.90285628522,7164103.855383804],[99834.79818078951,7164105.9305859525],[99836.69350590161,7164108.005787743],[99838.55886841036,7164110.742686869],[99840.42423174874,7164113.479585623],[99843.01122824382,7164114.923086541],[99845.56826576102,7164117.02817362],[99847.46369144606,7164119.103487363],[99850.71250352042,7164120.576765308],[99853.26964051352,7164122.681964533],[99854.4731946172,7164125.389082179],[99855.01494844753,7164128.065977667],[99856.21861081535,7164130.772876242],[99856.09875212237,7164133.419999355],[99854.65518040862,7164136.007008299],[99853.21180936304,7164138.594023207],[99851.13659199903,7164140.489340132],[99849.03150550782,7164143.046579268],[99846.89635847294,7164146.265401867],[99844.79117645667,7164148.822415709],[99842.6858930923,7164151.379426286],[99841.24251509935,7164153.966551281],[99838.41569339304,7164157.817072956],[99836.34046776511,7164159.71249911],[99834.23527850339,7164162.269622695],[99831.43841640058,7164165.458445654],[99829.3332253829,7164168.01556869],[99828.55155928707,7164170.632469169],[99827.76988630614,7164173.249591449],[99827.65002650756,7164175.8966040565],[99827.53006618889,7164178.543613637],[99827.41020649672,7164181.190626244],[99827.29024628532,7164183.837635818],[99825.84686274885,7164186.424759904],[99823.74167132453,7164188.981771659],[99821.60651233967,7164192.200591814],[99819.53127950634,7164194.096016293],[99818.0878969421,7164196.683028948],[99816.64451055572,7164199.270152409],[99814.56928265927,7164201.1653545275],[99813.78760617523,7164203.782476491],[99812.97596569848,7164207.0612961855],[99812.19429209433,7164209.678307213],[99811.4127188591,7164212.295321258],[99811.29275636416,7164214.942331045],[99810.5110822558,7164217.55934206],[99809.66937299678,7164221.49996735],[99808.22598641424,7164224.086979494],[99806.7825960152,7164226.6741024535],[99805.33920845791,7164229.261114411],[99796.22671248863,7164240.121183385],[99796.19674478547,7164240.782992097],[99794.06157258456,7164244.001809603],[99792.61818111781,7164246.588820709],[99791.14482127473,7164249.837640446],[99789.06957598287,7164251.733061805],[99787.62618291692,7164254.320072586],[99786.81453507993,7164257.598891743],[99786.69466957933,7164260.245904891],[99788.59001815773,7164262.321000348],[99791.23707540717,7164262.441004499],[99793.88403536909,7164262.560894195],[99796.53099529335,7164262.680783354],[99799.17805576569,7164262.800675012],[99801.85508012626,7164262.258868368],[99804.5619674141,7164261.055360436],[99807.29902565049,7164259.1899385005],[99810.66772929678,7164258.016320263],[99813.34465131961,7164257.474508474],[99816.0817074079,7164255.609084987],[99818.78859504597,7164254.4054636005],[99822.18735966278,7164252.570148076],[99824.89424598811,7164251.3665256],[99827.60133292072,7164250.16290868],[99830.27825219638,7164249.621093785],[99832.9552717508,7164249.0792814065],[99835.60222808528,7164249.199163128],[99838.24928495579,7164249.319047336],[99840.89633845957,7164249.439041924],[99843.5133327308,7164250.220619645],[99845.3787186069,7164252.957625477],[99847.96574870439,7164254.4010106735],[99850.492852883,7164257.167901324],[99852.38810545759,7164259.243094357],[99852.93006729492,7164261.920105815],[99854.13364263694,7164264.627110509],[99855.96897124674,7164268.025808768],[99857.1725512821,7164270.732702112],[99857.6844533172,7164274.07140765],[99859.54984270275,7164276.808521518],[99860.06164525688,7164280.147223802],[99860.6036135747,7164282.824123659],[99861.14537771087,7164285.50112832],[99862.34905821312,7164288.208134726],[99862.86085910513,7164291.546947621],[99862.74091251247,7164294.193845477],[99863.28277854162,7164296.8708529165],[99863.1629294384,7164299.517864691],[99863.04297980428,7164302.164873432],[99862.9231274735,7164304.811996104],[99862.80318128032,7164307.458893934],[99863.34494779131,7164310.135898235],[99863.85685473407,7164313.474602982],[99864.39881974895,7164316.151724121],[99864.2788741808,7164318.798621904],[99864.7906781857,7164322.137434389],[99864.67083011562,7164324.784446083],[99865.87431519612,7164327.491445441],[99865.75447083189,7164330.138346201],[99865.63451927906,7164332.785465752],[99865.51467168797,7164335.432477411],[99865.39472690964,7164338.079375145],[99865.2448153196,7164341.388192144],[99864.4632469049,7164344.005319443],[99862.38800514181,7164345.900641648],[99859.65114882495,7164347.76586025],[99856.2824270415,7164348.939604053],[99853.57542592176,7164350.143231969],[99850.86842758767,7164351.346748487],[99848.13146105915,7164353.212183865],[99834.83143122453,7164356.152392037],[99835.91138394579,7164362.710273512],[99835.91612424969,7164362.830525169],[99836.18083127012,7164369.505873009],[99835.86131439597,7164376.299305843],[99835.76693782775,7164377.000694219],[99835.75303129485,7164377.1049553305],[99834.95517092384,7164383.03957938],[99833.83218399307,7164388.055284334],[99833.4692545716,7164389.67616967],[99831.41462347598,7164396.159345163],[99828.80673473439,7164402.440394532],[99806.23571738531,7164438.265404524],[99806.95859220106,7164448.111114251],[99807.02202870225,7164448.974543975],[99807.3408820291,7164451.223800433],[99808.30470699951,7164458.024627209],[99808.53585384338,7164459.655159784],[99808.93608017499,7164461.548533324],[99810.30975617009,7164468.047644593],[99810.76674819464,7164470.209362587],[99811.09991800529,7164471.386503252],[99811.55694141914,7164473.001403548],[99820.53682709276,7164476.229272418],[99831.8220436154,7164473.027007878],[99831.7980722292,7164473.556454638],[99833.98766222713,7164472.06419516],[99836.68270271952,7164471.125291277],[99839.37764217722,7164470.186383883],[99841.56723398366,7164468.694012425],[99844.26216914726,7164467.755215056],[99846.90916888946,7164467.875088796],[99849.53229847219,7164468.524411724],[99851.57797099184,7164470.208494097],[99853.62354010192,7164471.892683974],[99855.66921363195,7164473.576765576],[99858.22033965058,7164475.814201737],[99860.26601100725,7164477.498393385],[99862.88904221135,7164478.147710323],[99865.53604359849,7164478.267580075],[99868.23097809654,7164477.328777837],[99870.94998587045,7164475.860420609],[99872.63412166736,7164473.814690019],[99874.8236054802,7164472.322421409],[99877.51864181936,7164471.383509651],[99880.18960765272,7164470.974040976],[99882.23538428836,7164472.658121111],[99883.72756881715,7164474.847734159],[99885.19588855223,7164477.566685652],[99886.6642089709,7164480.285636904],[99888.13253006089,7164483.004587906],[99889.07143258885,7164485.699520789],[99890.01033225481,7164488.394564446],[99890.94923572778,7164491.08949708],[99892.39359370887,7164494.337782941],[99893.33239436807,7164497.032823145],[99894.27139999566,7164499.727758374],[99895.76369072811,7164501.917372368],[99896.67862815573,7164505.141750799],[99898.17092335323,7164507.33125348],[99899.63915002818,7164510.0501994025],[99902.21435578645,7164511.75829261],[99904.86125906254,7164511.878261516],[99908.03768642718,7164512.022139007],[99911.21411373775,7164512.166015735],[99913.86112080759,7164512.2858749535],[99917.03754802042,7164512.429750277],[99920.21397517971,7164512.573624836],[99922.86097878293,7164512.693593153],[99925.50798568327,7164512.813450027],[99927.55367374048,7164514.4975185245],[99929.59935896995,7164516.181697534],[99930.5382730022,7164518.8766259905],[99930.41833987605,7164521.523744073],[99930.2984134641,7164524.170640349],[99930.15451662877,7164527.347093919],[99929.5052667543,7164529.970088084],[99928.32659245952,7164532.569177089],[99927.14792111563,7164535.168155132],[99925.43982157006,7164537.743338784],[99923.70765685703,7164540.847854786],[99922.50491619046,7164543.976276008],[99921.32634363428,7164546.575256806],[99913.21919896733,7164561.59230232],[99912.16045521823,7164561.544272253],[99910.42838569928,7164564.648790278],[99909.24970899906,7164567.247767471],[99908.07092466677,7164569.846963407],[99907.42166982748,7164572.469957209],[99905.66563368018,7164576.103810469],[99905.54570059513,7164578.750817969],[99903.8136312755,7164581.855224664],[99903.14030697307,7164585.007661855],[99901.96172162733,7164587.606863607],[99901.28840017779,7164590.759189874],[99899.60426139389,7164592.804814251],[99898.42557433911,7164595.4040128235],[99897.24679298705,7164598.002986506],[99896.0682090862,7164600.6020770855],[99894.36010031251,7164603.177147547],[99893.71074174106,7164605.800138125],[99891.49717275106,7164607.821855682],[99889.81302728853,7164609.8675901685],[99887.14213904802,7164610.276956439],[99884.47114331159,7164610.686540984],[99881.29469164764,7164610.542660948],[99878.6716329212,7164609.893351261],[99876.09660928725,7164608.185261843],[99874.05091316154,7164606.50107577],[99871.42785205343,7164605.85187541],[99868.27547092945,7164605.178548545],[99866.08586673538,7164606.670815783],[99863.36693501851,7164608.139178397],[99860.64800264616,7164609.607540533],[99858.45839676296,7164611.09980672],[99856.2688909513,7164612.592075634],[99853.54985617287,7164614.060433514],[99851.36044983775,7164615.552704783],[99849.17084183136,7164617.0449697],[99846.9812333039,7164618.53723432],[99844.28636398521,7164619.476260887],[99841.59129970695,7164620.415059095],[99827.25811479194,7164624.540319828],[99826.70471900684,7164625.045746909],[99823.9857783193,7164626.51410253],[99821.79616497172,7164628.006363574],[99818.54789831123,7164629.45070143],[99816.35838437593,7164630.942964746],[99814.16876933869,7164632.43522474],[99810.94446852565,7164633.350225115],[99808.24939487298,7164634.289128162],[99805.55442135432,7164635.228033732],[99802.88351622102,7164635.637605944],[99800.1884446491,7164636.5763965845],[99796.98810986825,7164636.9620579295],[99793.81164948113,7164636.818157773],[99791.1166740008,7164637.757060626],[99788.44567022054,7164638.166516142],[99787.29736342945,7164639.215304859],[99780.59575811471,7164635.795065356],[99766.78889461135,7164631.846149519],[99748.16040954104,7164614.034810545],[99744.36568160664,7164609.184716951],[99739.1348576161,7164613.106035397],[99731.0099664373,7164618.697895873],[99727.21773127082,7164621.307854845],[99726.41556099552,7164621.813457036],[99718.49875473935,7164626.802586004],[99714.97863154381,7164629.020989789],[99714.56803485652,7164629.256964575],[99702.43757613975,7164636.232609413],[99694.6013122492,7164639.634199549],[99693.80046573188,7164639.981877374],[99693.33458538214,7164640.221628405],[99692.41048842581,7164640.697364662],[99688.5297336416,7164642.695114734],[99685.42889505386,7164644.291273814],[99684.90067546844,7164644.608741686],[99680.36168641731,7164647.337100018],[99677.35886242113,7164649.14212276],[99676.97821222548,7164649.406637888],[99672.3423784367,7164652.626838652],[99669.6257256355,7164654.513619881],[99669.38498425076,7164654.705414838],[99664.56102354277,7164658.550363136],[99664.33160965348,7164658.733729161],[99662.26260599104,7164660.382340461],[99662.14760600665,7164660.48711345],[99655.30177978356,7164666.7228362635],[99652.3359516157,7164671.361194517]],[[99782.53728722467,7164423.861394573],[99784.7785029157,7164425.620748645],[99787.1395830742,7164424.732978521],[99787.59040360886,7164422.101023469],[99787.71026754222,7164419.453899738],[99786.8225604659,7164417.092848729],[99785.94983725186,7164414.400893273],[99786.11474609614,7164410.761281328],[99788.80668606184,7164409.888455167],[99791.79951790086,7164409.692491854],[99794.16069536319,7164408.804723926],[99796.85262749635,7164407.932118077],[99799.21380419005,7164407.044349341],[99801.58986304706,7164405.825672899],[99803.99588088074,7164403.945409302],[99805.74018045433,7164402.035036649],[99806.85272142017,7164399.432968378],[99807.31852107757,7164396.470108909],[99806.11493752484,7164393.76310072],[99805.57307490287,7164391.08609027],[99804.70035081246,7164388.394136232],[99803.15082334448,7164386.003085326],[99800.54878525314,7164384.89059869],[99798.2925958322,7164383.462039968],[99796.03650077735,7164382.033705641],[99794.47199559503,7164379.973446827],[99792.56164593366,7164378.229148231],[99791.34308402217,7164375.853042375],[99789.77857704664,7164373.7928937115],[99788.21407391899,7164371.732633892],[99787.02547742531,7164368.694829658],[99786.48362048418,7164366.017817719],[99785.61100322404,7164363.325864658],[99785.73086927383,7164360.678740783],[99785.8508292865,7164358.031841739],[99786.33151714323,7164354.738075067],[99786.46646756702,7164351.760049859],[99785.24780605355,7164349.384050801],[99783.35244630469,7164347.308845729],[99780.76540123945,7164345.865449607],[99778.14838884532,7164345.083861648],[99775.51639935904,7164344.632955696],[99772.50849642494,7164345.159814848],[99770.48873969103,7164345.919196876],[99770.47818815376,7164346.062522242],[99770.4482199396,7164346.724331012],[99770.3283537699,7164349.371344269],[99770.85522218951,7164352.379261817],[99770.73535627173,7164355.026275056],[99770.61539315601,7164357.6731743645],[99770.16456224589,7164360.305351009],[99768.7211575156,7164362.892361434],[99766.97695981932,7164364.802621485],[99765.23255714541,7164366.712986218],[99763.17248128628,7164368.277396914],[99762.07491687615,7164370.548558019],[99761.6090028176,7164373.511525073],[99762.4968019157,7164375.872581871],[99764.03133720288,7164378.594543031],[99765.23491089675,7164381.301556364],[99766.09264263575,7164384.324418493],[99765.9727766944,7164386.97143176],[99765.85281023214,7164389.618441993],[99765.73294106202,7164392.265566153],[99765.61297804129,7164394.912465481],[99764.50042869337,7164397.514531334],[99764.04970063432,7164400.146600098],[99763.59887524461,7164402.778554934],[99763.13316294615,7164405.741528083],[99762.99821239285,7164408.71944272],[99763.19422497525,7164411.712304865],[99765.0746124509,7164414.118305323],[99767.33070445544,7164415.546866372],[99769.24106101453,7164417.2910573315],[99771.82812049886,7164418.734453905],[99774.76112413424,7164419.862003657],[99777.36306434491,7164420.97460255],[99780.29606877232,7164422.102150956],[99782.53728722467,7164423.861394573]]],"bbox":[99449.79359585827,7164091.224270374,99930.5382730022,7164691.360646107]},"properties":{"objectid":5,"Shape__Area":0.000011342410173650644,"Shape__Length":0.02198485815059917},"bbox":[99449.79359585827,7164091.224270374,99930.5382730022,7164691.360646107]},{"type":"Feature","geometry":{"type":"Polygon","coordinates":[[[139295.65803278115,7166841.147148332],[139293.32613746758,7166845.813159652],[139291.49934816925,7166851.032316683],[139289.16734960594,7166855.698324883],[139286.83545020543,7166860.364335567],[139283.44524749747,7166864.982490783],[139279.02093296213,7166869.023630794],[139275.60693805938,7166874.170843648],[139272.74583114876,7166878.812868024],[139269.35572004103,7166883.431023415],[139266.49470690486,7166888.07316049],[139263.63359440753,7166892.715183559],[139261.30168122426,7166897.381191401],[139258.4166737023,7166902.552381034],[139254.5454332027,7166906.088333054],[139250.67408708925,7166909.624392329],[139246.27363768994,7166913.1364677595],[139242.40239089186,7166916.672416952],[139238.50704857986,7166920.737527138],[139234.63569697877,7166924.273471833],[139230.7404507288,7166928.338582981],[139225.88276123413,7166930.239394544],[139220.4961691689,7166932.11622605],[139215.18124891672,7166932.4057751335],[139209.86632512417,7166932.695433],[139203.9984109595,7166933.4900499135],[139199.092929854,7166936.44907641],[139194.71635079355,7166939.431969927],[139189.32964547857,7166941.30889795],[139184.42405720393,7166944.267917024],[139179.54245872272,7166946.697880651],[139144.2651268897,7166964.717497183],[139143.71202974342,7166965.222564377],[139138.83051525656,7166967.652517566],[139133.92490444222,7166970.611520464],[139129.54849598912,7166973.594511872],[139124.11387698638,7166976.529527045],[139119.73736359918,7166979.512512976],[139114.83184420608,7166982.4715125635],[139110.45532959845,7166985.454385033],[139105.02069789066,7166988.389504334],[139100.64427947882,7166991.372376788],[139096.2438578274,7166994.884523881],[139091.31423099432,7166998.372567468],[139086.45659111498,7167000.27333623],[139081.1178326985,7167001.092116829],[139075.77897576144,7167001.910781772],[139070.48801265523,7167001.671222689],[139065.1970464291,7167001.431772359],[139059.92998212733,7167000.663041216],[139054.66311325756,7166999.894535125],[139050.04494196264,7166996.504402513],[139045.35497940466,7166994.701547129],[139038.0194856901,7166992.7789575225],[139032.75242187682,7166992.0103259375],[139027.50935632095,7166990.712637883],[139022.24239390914,7166989.944004707],[139016.97543180228,7166989.175369373],[139012.28537419398,7166987.37249879],[139007.66731393494,7166983.982463282],[139004.68427577493,7166979.605953224],[139007.04009513534,7166974.410807632],[139010.4302236336,7166969.792703142],[139012.25703589222,7166964.573567638],[139013.554843592,7166959.330442734],[139015.35765223292,7166954.640472296],[139018.7717752271,7166949.493201287],[139021.68068727205,7166943.79299173],[139024.54180164705,7166939.150895934],[139025.83939949004,7166933.907875972],[139027.64230526687,7166929.217796499],[139029.01179868198,7166922.387499818],[139029.80439075298,7166916.591436548],[139029.5147772851,7166911.276555305],[139028.69616315264,7166905.937685072],[139026.79534538114,7166901.079996407],[139024.91853079683,7166895.693142045],[139023.01771342423,7166890.8355633225],[139021.64600175526,7166886.00186532],[139021.4281954039,7166879.0995929185],[139021.69168797677,7166873.279648499],[139022.46038586675,7166868.012642402],[139022.7956798551,7166860.605307621],[139022.50607422617,7166855.290425409],[139023.27477198566,7166850.023419315],[139027.14607579552,7166846.487307053],[139027.62282090622,7166845.713769726],[139043.48889272066,7166829.988410758],[139042.7460473613,7166826.933962168],[139042.8922911419,7166799.133533287],[139042.95528270688,7166787.179936164],[139047.34825245157,7166742.843733994],[139048.10282844788,7166726.177263862],[139049.47653655225,7166717.207957873],[139051.48972543055,7166704.063059469],[139055.41876591404,7166687.540314922],[139056.10144593503,7166672.461010626],[139055.99058572407,7166657.345887639],[139058.3827835464,7166647.285966855],[139059.91971430596,7166640.823256755],[139060.45858001627,7166635.332326237],[139061.39592668967,7166625.780103425],[139056.77475366776,7166604.8936362825],[139052.6755502954,7166597.569504422],[139043.531120695,7166581.2308088485],[139042.7702423107,7166562.9058546815],[139047.84388642194,7166545.759604301],[139049.96887674375,7166538.578303025],[139084.0141627837,7166489.222507188],[139113.15609892202,7166454.4897306245],[139119.14745715086,7166449.0173999015],[139127.53532971238,7166441.356154919],[139129.21384150465,7166441.164857675],[139131.34195690753,7166440.922498191],[139134.83413970744,7166440.524702422],[139141.8280904726,7166439.728147456],[139154.1816965813,7166438.321089999],[139167.26081725676,7166442.899231946],[139175.0579901556,7166445.628525764],[139189.5850953122,7166452.648406042],[139206.5161830018,7166453.415004894],[139220.3683410969,7166451.921438614],[139224.4307374005,7166482.173350999],[139225.80245255074,7166487.007026672],[139226.5970963838,7166492.874935087],[139226.88664906786,7166498.189803718],[139226.11792884208,7166503.45680907],[139224.29113854078,7166508.675845688],[139221.93515816354,7166513.871004538],[139221.1666402371,7166519.1379044205],[139219.86882909556,7166524.381034765],[139219.58130767755,7166530.730136516],[139219.317882685,7166536.550076159],[139220.11262800533,7166542.418098209],[139220.9311688288,7166547.7569498345],[139220.6916372896,7166553.047832696],[139222.06336286833,7166557.88150765],[139223.9641770703,7166562.739167828],[139223.7245439323,7166568.030158696],[139222.33096135774,7166575.389621429],[139218.8929049124,7166581.065866459],[139216.03192215943,7166585.707877887],[139213.6999255357,7166590.37387199],[139211.34393188305,7166595.569030668],[139209.54112184804,7166600.259012925],[139208.7724963146,7166605.5260208845],[139208.5329598572,7166610.817014736],[139208.2934265766,7166616.107897705],[139206.99561039638,7166621.350917037],[139204.66380745522,7166626.016915918],[139203.3659895127,7166631.259935119],[139201.03408352402,7166635.925930949],[139199.73626081576,7166641.169060893],[139204.35442467028,7166644.55915591],[139209.64534053707,7166644.798681238],[139214.9842407545,7166643.980096621],[139219.81794393744,7166642.608357163],[139225.13285024668,7166642.318822542],[139230.95285489614,7166642.582324553],[139236.74896860396,7166643.37488058],[139242.0158915469,7166644.143446885],[139247.85988418298,7166643.877998464],[139251.7312669641,7166640.341950664],[139256.6367338724,7166637.383031666],[139261.49441873614,7166635.482224122],[139266.85720178596,7166634.134452211],[139272.10022855288,7166635.432174217],[139277.41512786632,7166635.142619247],[139282.24881530215,7166633.770969177],[139287.58760199032,7166632.952353833],[139290.67475618678,7166634.855085407],[139292.2296691239,7166635.81335976],[139293.60143319092,7166640.647022817],[139295.50218833843,7166645.50466514],[139296.29688066605,7166651.372674447],[139297.62066796044,7166657.264554842],[139297.8862747423,7166663.108470794],[139298.70486170152,7166668.447312333],[139301.11092822923,7166673.857994096],[139304.06987608294,7166678.763597848],[139308.1348921061,7166682.658832138],[139312.22399922716,7166686.025014004],[139315.7359367931,7166690.425428469],[139317.636709749,7166695.283065561],[139317.39722122892,7166700.574055897],[139317.15763532463,7166705.864932614],[139315.83597347385,7166711.637014265],[139314.5381982387,7166716.880039563],[139314.29870958137,7166722.171029901],[139314.05912053696,7166727.462017493],[139314.34873200167,7166732.7767671645],[139316.2496107347,7166737.6345171565],[139318.6555000925,7166743.045187553],[139320.55628484534,7166747.902822912],[139324.0683451937,7166752.30323534],[139327.05131329817,7166756.679666078],[139329.3134842207,7166765.264881873],[139329.28949415497,7166765.794046283],[139328.49693155347,7166771.590109173],[139326.69405435713,7166776.279990638],[139323.80909218919,7166781.451189047],[139320.924027491,7166786.622384336],[139318.59214784222,7166791.2883982025],[139316.76537266816,7166796.507556973],[139314.9384988263,7166801.726602033],[139313.1117244361,7166806.945649704],[139311.8139453308,7166812.188675376],[139310.011156508,7166816.878669303],[139307.67926932755,7166821.544682175],[139305.85249059298,7166826.763729381],[139302.46220110444,7166831.381885102],[139299.0721135502,7166835.999934782],[139295.65803278115,7166841.147148332]],[[139069.88119571598,7166738.894283595],[139075.01540149766,7166736.7408358585],[139078.6821060034,7166731.870138159],[139083.64754861867,7166727.588414429],[139087.5547964234,7166723.258819757],[139092.13482377125,7166715.778548021],[139097.36382861255,7166705.676769527],[139102.26838491496,7166696.885799519],[139104.6362318641,7166691.426121011],[139106.2224347822,7166685.665986202],[139103.48010296084,7166681.830488957],[139100.59408284217,7166681.1697679935],[139096.98729216005,7166684.717720214],[139094.6912348746,7166688.590118582],[139092.7316174592,7166690.887179986],[139085.5050566285,7166692.415616484],[139081.21230668947,7166693.546771713],[139078.928345624,7166697.1545327585],[139077.07758170017,7166702.9027258875],[139073.47077598213,7166706.450783974],[139068.32458478707,7166708.868646123],[139064.65788094536,7166713.739340808],[139065.48848291714,7166718.813682581],[139068.42357120023,7166724.248296265],[139068.68918241753,7166730.092341649],[139066.4170108565,7166733.435568936],[139065.22712639446,7166736.297726437],[139066.65936288185,7166738.949555306],[139069.88119571598,7166738.894283595]],[[139198.57298734627,7166753.733353175],[139182.05449260067,7166773.132356968],[139176.70475566667,7166780.047563767],[139176.09289494815,7166787.707479272],[139181.61456578178,7166800.416612135],[139184.97094628995,7166808.256145131],[139186.40360538638,7166817.599168239],[139193.98037334392,7166830.947923172],[139198.52154067712,7166831.725574183],[139213.56829267147,7166836.051668543],[139219.49066631735,7166836.982562097],[139224.45097078168,7166837.207123768],[139230.74881612917,7166837.160896267],[139237.4223327067,7166836.137555052],[139243.44956801127,7166834.753630899],[139249.5814640912,7166831.054781],[139254.9309107659,7166822.681579812],[139263.3763801186,7166811.797635064],[139270.4541082707,7166801.845955344],[139279.2962694391,7166787.030152442],[139282.076631024,7166781.827723483],[139283.39932297828,7166775.445968028],[139283.3261788927,7166770.034888415],[139282.491719022,7166763.873544835],[139281.45869148202,7166756.828385683],[139278.04839393304,7166749.596126351],[139275.11788450275,7166742.306069784],[139274.56162170932,7166738.781691705],[139271.50149408105,7166732.599124486],[139267.1240099903,7166723.8915816005],[139266.52087377803,7166719.649379949],[139266.69977206457,7166712.182011006],[139266.98704761913,7166704.083242403],[139266.91056974954,7166700.501178859],[139265.70159053378,7166697.344804088],[139263.80725567642,7166695.270882184],[139262.23796630156,7166694.802308209],[139259.1463707426,7166694.582763559],[139255.20003606426,7166695.676531631],[139252.2135793225,7166698.404270375],[139248.66112862166,7166703.094578772],[139245.99605385395,7166707.507010575],[139243.08565125108,7166712.067247844],[139241.40849899704,7166713.979527326],[139237.5957538794,7166715.636016575],[139234.58742738958,7166717.090273578],[139230.5688957941,7166718.02174873],[139224.443641351,7166718.062545966],[139216.68423620105,7166719.063226673],[139212.68400353956,7166721.3475237135],[139211.03948653187,7166724.295015713],[139209.160921228,7166728.902060593],[139207.99649264017,7166733.541431853],[139207.4024372078,7166739.638126253],[139198.57298734627,7166753.733353175]]],"bbox":[139004.68427577493,7166438.321089999,139329.3134842207,7167001.910781772]},"properties":{"objectid":6,"Shape__Area":0.000009157031484170913,"Shape__Length":0.019779510400979985},"bbox":[139004.68427577493,7166438.321089999,139329.3134842207,7167001.910781772]},{"type":"Feature","geometry":{"type":"Polygon","coordinates":[[[136856.93311797187,7169338.7507192865],[136854.85920280183,7169340.645216079],[136852.40633586544,7169342.124837288],[136849.95356893144,7169343.604460847],[136847.89761047816,7169345.10199292],[136845.84154793923,7169346.59963287],[136844.1286315577,7169349.305635055],[136842.45152216876,7169351.2180392975],[136840.39556167962,7169352.715570448],[136837.96074709116,7169353.798339197],[136835.54378426482,7169354.484362712],[136833.09100996522,7169355.964094523],[136830.27724297036,7169356.6319861],[136828.58217461023,7169358.9412419265],[136827.2660598689,7169361.665262799],[136825.21009593655,7169363.16279199],[136822.79323109298,7169363.84881621],[136820.06923680357,7169362.532662567],[136818.17477182945,7169360.458732644],[136816.67721456854,7169358.402825778],[136815.19761722907,7169355.949954788],[136813.28519754956,7169354.272876978],[136810.5971191367,7169352.163014971],[136808.251980983,7169351.261621509],[136805.90684308892,7169350.360227598],[136803.56180302327,7169349.458946852],[136801.27043564367,7169347.366990129],[136800.18764862505,7169344.9321381245],[136800.71015000285,7169342.172298781],[136800.85380214767,7169338.997585184],[136800.979393853,7169336.21983277],[136801.10509222304,7169333.441861348],[136800.4190119786,7169331.0250276625],[136798.0919327797,7169329.726892416],[136795.34999362926,7169328.807474763],[136793.437681075,7169327.130396044],[136791.95798846934,7169324.677629603],[136792.48039396934,7169321.917676792],[136793.00289691152,7169319.157837597],[136791.090485611,7169317.480755577],[136788.7454553304,7169316.579360512],[136788.05948222417,7169314.162417639],[136786.97670119593,7169311.727563862],[136786.7370195138,7169311.188655924],[136785.89392063214,7169309.292709943],[136784.82899744128,7169306.461000031],[136782.51978405303,7169304.765894616],[136780.17465290462,7169303.864605834],[136778.2803037651,7169301.790671115],[136776.3858546423,7169299.716733312],[136774.491403103,7169297.642906039],[136773.01182147523,7169295.190028476],[136771.09941620444,7169293.512942838],[136767.96067822352,7169292.575607035],[136764.42502926884,7169291.620466997],[136761.7010549162,7169290.304298906],[136759.37378810486,7169289.006039197],[136758.29101479053,7169286.571182156],[136757.20824193477,7169284.136324973],[136755.31379560078,7169282.062494332],[136753.00469053513,7169280.367385551],[136750.65956819657,7169279.465979938],[136748.3502599295,7169277.77097562],[136745.6262897335,7169276.454803703],[136744.14671292814,7169274.002032845],[136743.87541349948,7169271.206253539],[136744.0011255585,7169268.428281099],[136745.29939132743,7169266.101234019],[136746.97650785884,7169264.188841395],[136748.23658295436,7169263.27092555],[136748.72535836202,7169260.68903308],[136750.0235221453,7169258.361982968],[136752.07958574372,7169256.8643579455],[136752.99880611926,7169254.122317872],[136754.67591717996,7169252.210035441],[136753.6111074717,7169249.3783242665],[136752.1134739003,7169247.322404485],[136750.61594442808,7169245.266376343],[136751.13845903263,7169242.506426988],[136753.19441675273,7169241.008910207],[136755.5395320041,7169241.9103162],[136757.45192714065,7169243.587405281],[136759.74307002546,7169245.6792563535],[136761.65546622162,7169247.356344697],[136764.83010947378,7169247.499977021],[136767.6080499023,7169247.625588806],[136769.68196428136,7169245.731216466],[136769.80756802548,7169242.9533525035],[136769.93327239942,7169240.175491277],[136769.68833482172,7169239.312329717],[136769.51319604582,7169239.071993474],[136769.19343418913,7169238.949105825],[136766.84831892466,7169238.047702273],[136763.72745260224,7169236.713507902],[136761.40039401862,7169235.4153637355],[136759.90276434313,7169233.359333876],[136758.40523271373,7169231.303417402],[136757.71917134844,7169228.886468813],[136757.03331145906,7169226.469525632],[136755.5356775833,7169224.413716817],[136753.62328580645,7169222.736627068],[136751.71089450043,7169221.059536986],[136750.6281331759,7169218.6245674305],[136749.9600300719,7169215.810875827],[136750.08574234496,7169213.0329033565],[136750.21134804958,7169210.255149898],[136749.12858517165,7169207.820290929],[136748.04582275252,7169205.385431818],[136745.73652916995,7169203.690425333],[136743.39152508264,7169202.788908564],[136740.63154972455,7169202.266548239],[136737.49273475894,7169201.329199623],[136735.1656848077,7169200.031049795],[136733.66806363693,7169197.975015954],[136732.98210687446,7169195.558178877],[136731.48448662407,7169193.50214468],[136729.17529761937,7169191.807137553],[136726.8840688587,7169189.715276693],[136724.556823735,7169188.417008271],[136724.5965389259,7169187.539409513],[136726.34886984387,7169184.4290527515],[136728.67850902112,7169181.664416509],[136730.82027507498,7169180.050405417],[136732.8299678304,7169179.389924018],[136733.13421857118,7169179.405980917],[136734.0790118621,7169180.099471878],[136735.9913945723,7169181.776565529],[136737.4890138078,7169183.832599323],[136738.9865329591,7169185.888630142],[136740.4841592185,7169187.94444173],[136742.8113017872,7169189.242815338],[136743.89416509867,7169191.677567054],[136744.9589631221,7169194.5093908645],[136746.45658837567,7169196.565312413],[136748.78363545676,7169197.863571096],[136751.52565103065,7169198.78278302],[136754.3034779451,7169198.908506939],[136757.47811281105,7169199.052031526],[136760.2379810023,7169199.574607383],[136762.5831923983,7169200.47590486],[136764.49558143958,7169202.152993616],[136766.84058931185,7169203.05439565],[136769.61851737683,7169203.180119],[136771.67447035393,7169201.682489401],[136771.80007185292,7169198.904736251],[136772.32258484943,7169196.144675775],[136774.3965923302,7169194.250306368],[136775.69474988378,7169191.923144009],[136775.00878936483,7169189.506199067],[136774.32282614935,7169187.08936493],[136772.44635524566,7169184.618571099],[136770.1192054007,7169183.32042465],[136766.9445776231,7169183.176791759],[136764.22052645724,7169181.860618666],[136761.8933807477,7169180.562359747],[136759.15147232893,7169179.643041434],[136756.3555871066,7169179.914279394],[136753.55980529374,7169180.1854086425],[136750.78198228177,7169180.0596841015],[136747.60735179443,7169179.91615738],[136746.05075223662,7169179.164056111],[136746.14564700105,7169177.066529255],[136747.44380872132,7169174.739369207],[136749.1209157401,7169172.826977515],[136751.53775353153,7169172.140970139],[136753.23281557788,7169169.8318356965],[136751.75325573125,7169167.378953256],[136749.42611065466,7169166.0808025785],[136747.08090925985,7169165.179391048],[136744.7359062718,7169164.27809543],[136741.95808640646,7169164.152368647],[136739.63084206474,7169162.854213338],[136737.73642156244,7169160.78026665],[136735.39142280642,7169159.878858344],[136734.30846696667,7169157.443991739],[136734.17233812873,7169157.257090089],[136733.5328220087,7169157.011201654],[136731.1877205359,7169156.109900628],[136728.84262234526,7169155.208488271],[136726.49752441992,7169154.307075469],[136724.17038364284,7169153.008919809],[136724.29599940014,7169150.231054941],[136724.4217127603,7169147.453303691],[136726.49552363344,7169145.558825347],[136728.17263109836,7169143.646436298],[136729.10096600943,7169141.231197228],[136728.94300308212,7169140.645026423],[136730.73410449974,7169135.483547604],[136732.0888571217,7169134.226905866],[136733.07160739758,7169133.556752251],[136735.02472753928,7169132.822274139],[136737.08057515684,7169131.324647828],[136739.5335239789,7169129.845053261],[136741.9683146042,7169128.762195202],[136744.43911813048,7169126.88585474],[136746.4950642665,7169125.388229946],[136748.1721664861,7169123.475838985],[136749.07352461776,7169121.130655738],[136749.19913300255,7169118.352902068],[136750.49749442015,7169116.025636906],[136752.55333468906,7169114.528119575],[136754.60937866318,7169113.030496587],[136756.30443441274,7169110.721362554],[136755.61848398356,7169108.30441547],[136754.95049001335,7169105.490725961],[136754.2645432721,7169103.073667858],[136754.3664774825,7169102.535411274],[136754.7869530794,7169100.313826783],[136756.4640514449,7169098.401435242],[136759.24195783143,7169098.527163374],[136762.0197666206,7169098.652777307],[136764.79757538316,7169098.778390648],[136767.97228361166,7169098.9220292],[136770.38920481462,7169098.236133687],[136772.80622931325,7169097.550129624],[136775.6198511739,7169096.882142506],[136778.03677445283,7169096.196134817],[136780.81467992155,7169096.321858495],[136783.23149909283,7169095.635958045],[136786.00940735487,7169095.761569775],[136788.42632963235,7169095.0755603],[136790.8432485829,7169094.389661286],[136793.3318989303,7169092.116346523],[136795.00899024762,7169090.203950906],[136794.7557494283,7169087.011322447],[136793.67299287044,7169084.576466513],[136792.98713871388,7169082.1595246615],[136793.13070012588,7169078.984807549],[136794.0320422579,7169076.639844196],[136796.0880755707,7169075.142216008],[136797.7651647408,7169073.22982031],[136799.46021142392,7169070.92057131],[136801.93099907925,7169069.044111455],[136804.419643278,7169066.770795342],[136806.47567085014,7169065.273276734],[136808.54955811304,7169063.378791122],[136811.3991830577,7169061.91720489],[136813.8521132964,7169060.437488185],[136816.3048387681,7169058.957876487],[136819.10059248062,7169058.686737251],[136821.8784922526,7169058.812342405],[136825.0352322901,7169059.352821551],[136827.79507130716,7169059.875386667],[136830.1402593811,7169060.776674816],[136832.90009873948,7169061.299238818],[136835.69585511228,7169061.027985215],[136837.75187770685,7169059.530462308],[136839.8079028378,7169058.032828262],[136842.2247108501,7169057.346918298],[136844.56989603047,7169058.248314735],[136844.0473011965,7169061.008262436],[136843.92171108903,7169063.786014766],[136843.79601742415,7169066.563875235],[136843.67032683326,7169069.341624819],[136845.5165503227,7169070.051340965],[136848.45218146063,7169069.6078035375],[136855.3753191635,7169066.672680636],[136860.04839410604,7169066.420379486],[136859.31789646717,7169072.533930637],[136856.6501094185,7169078.513158705],[136856.29996447667,7169080.533161831],[136857.67511385767,7169085.352371924],[136860.65985298296,7169090.009041188],[136861.13223833957,7169090.411593992],[136862.199688908,7169090.4598649675],[136865.3743927916,7169090.603480487],[136868.15229524212,7169090.729186047],[136870.94805586134,7169090.457924422],[136873.38292328868,7169089.375158105],[136875.8177902712,7169088.292391399],[136878.2347042694,7169087.606366375],[136881.40940708306,7169087.749978147],[136884.1872080167,7169087.875677686],[136886.96500891855,7169088.001376642],[136889.29224646837,7169089.299617125],[136890.3750198196,7169091.734463171],[136890.24933964055,7169094.512211984],[136890.12365346384,7169097.290182548],[136890.8096292864,7169099.707009045],[136891.4956024089,7169102.123946346],[136890.59427436814,7169104.469025243],[136889.69284247432,7169106.814212253],[136889.56716255198,7169109.591961045],[136891.47954985755,7169111.269031446],[136893.89646356594,7169110.583114091],[136895.57363807538,7169108.67082095],[136897.25071455556,7169106.758414035],[136898.54884315684,7169104.431243069],[136900.22591571754,7169102.51894676],[136902.64283025783,7169101.832917176],[136904.96997099277,7169103.131151706],[136906.8823588392,7169104.808219797],[136910.03911053616,7169105.348677121],[136912.81691756682,7169105.4742593635],[136915.5947215397,7169105.599951895],[136917.27179146733,7169103.687653723],[136920.06764980254,7169103.416495239],[136922.86341037916,7169103.145222564],[136924.75784297666,7169105.219251565],[136925.02906964143,7169108.015020883],[136924.9033971362,7169110.792769132],[136927.17667917558,7169113.281557875],[136929.5038268679,7169114.579676708],[136932.26367855642,7169115.102218363],[136935.0235303854,7169115.624759421],[136937.80143659317,7169115.750449797],[136940.14653911005,7169116.651713783],[136942.45573183277,7169118.3467938285],[136944.36812609778,7169120.023855709],[136945.45090925955,7169122.4588065855],[136945.32524141006,7169125.236554485],[136944.42381888855,7169127.581744151],[136943.52250273293,7169129.926714764],[136943.7937316469,7169132.722593973],[136945.29127502535,7169134.77848782],[136947.18561538047,7169136.852509873],[136948.66520352417,7169139.305366881],[136948.5396373804,7169142.083117434],[136947.6383154157,7169144.428310072],[136947.51264862053,7169147.206057897],[136949.01019149413,7169149.262061904],[136950.4897847309,7169151.714807596],[136951.57257250132,7169154.149757446],[136951.9156198454,7169155.358114136],[136952.63741370564,7169156.981338184],[136953.72030302108,7169159.416290487],[136955.19989848766,7169161.86903539],[136956.69744445634,7169163.925038164],[136959.45730689558,7169164.447572827],[136961.7845672408,7169165.745687271],[136964.09367112868,7169167.440759392],[136965.9701705018,7169169.911522412],[136967.46772207745,7169171.967412779],[136968.51461299357,7169175.195955241],[136968.78584962623,7169177.991833055],[136968.2632837877,7169180.75167185],[136966.96516322298,7169183.078848824],[136965.2879927655,7169184.991150657],[136962.83516653976,7169186.470787539],[136961.98770058557,7169187.625533696],[136961.0862848959,7169189.970502712],[136960.56391553232,7169192.730457772],[136961.6466120825,7169195.165292459],[136964.3526265382,7169196.878272647],[136966.6798904047,7169198.176496325],[136967.36578423518,7169200.593424473],[136967.61897206446,7169203.786041319],[136969.11662613525,7169205.84204455],[136970.5962307945,7169208.294786666],[136972.09378531243,7169210.350786697],[136974.40300253488,7169212.045747738],[136975.88270652376,7169214.498602666],[136977.77706745453,7169216.572507399],[136979.6893779938,7169218.249669962],[136982.44935581437,7169218.772090262],[136984.79437585,7169219.673451922],[136987.10359315516,7169221.368521247],[136989.43076273415,7169222.666737413],[136991.34307851223,7169224.343787143],[136992.84073869052,7169226.399786955],[136995.13200658985,7169228.49170728],[136997.4590805457,7169229.789808183],[137000.2010060097,7169230.709185228],[137002.546129603,7169231.610546112],[137004.89125043823,7169232.512017414],[137006.80356945092,7169234.189064512],[137008.3011355535,7169236.24494854],[137010.59240743594,7169238.3368656915],[137013.67739147466,7169240.46459378],[137015.5897096966,7169242.141750212],[137017.50213199382,7169243.818798173],[137019.82920745423,7169245.117005454],[137022.15638390358,7169246.415215019],[137024.0687039909,7169248.09236999],[137026.37793382595,7169249.787320416],[137028.70511163527,7169251.085528654],[137030.61743619363,7169252.762571633],[137032.52985879045,7169254.439727891],[137034.42423405725,7169256.513622772],[137036.75131314306,7169257.811826627],[137039.4574496366,7169259.524791555],[137040.45180062245,7169260.254669569],[137052.14354923123,7169267.334513506],[137059.91505996726,7169273.976422718],[137062.89500830503,7169276.20269357],[137065.87534786115,7169278.429418091],[137076.61656531715,7169286.428281572],[137088.93033728795,7169299.9086599145],[137090.93098417,7169306.957913341],[137090.64682517515,7169313.24117039],[137090.01697197108,7169319.840125422],[137091.55231212714,7169329.850612066],[137094.5003140309,7169337.936920933],[137094.21606104338,7169344.220064095],[137090.2643102344,7169351.000118457],[137086.86761054577,7169352.834676005],[137081.57651144208,7169352.595347682],[137075.53268447542,7169347.020080353],[137072.1193710041,7169341.895110947],[137069.14149727602,7169334.470291287],[137068.34385642735,7169330.126316939],[137063.6460477789,7169327.712372108],[137060.40829684475,7169329.4134393055],[137059.98961682542,7169329.633279394],[137056.8319352673,7169329.52435708],[137055.364877656,7169328.4769227225],[137054.31513984193,7169326.468299902],[137052.36895586114,7169325.72028099],[137050.45661700977,7169324.043242838],[137048.5442786343,7169322.366204359],[137044.95486990875,7169322.601480501],[137042.10512666788,7169324.063116945],[137040.0491966816,7169325.560675697],[137037.596357689,7169327.040328151],[137035.17951859004,7169327.726277854],[137032.7446255689,7169328.809187844],[137030.30973814073,7169329.891875681],[137027.51403706212,7169330.163178904],[137023.96042503422,7169329.604741809],[137021.6512835038,7169327.909684597],[137019.324091536,7169326.61147676],[137016.18533656158,7169325.674202302],[137015.01276565238,7169325.223524205],[137013.02863131167,7169325.133779654],[137010.61179063364,7169325.819725031],[137008.17689830548,7169326.902519862],[137005.30929579033,7169328.761115275],[137003.2354093347,7169330.655521551],[137000.81846635934,7169331.341462586],[136998.40162365983,7169332.027405959],[136995.6236734803,7169331.901733646],[136992.84592140844,7169331.776177101],[136989.93092588068,7169332.007275717],[136989.61731208215,7169332.823045976],[136989.49175970803,7169335.600795485],[136990.1777694511,7169338.017723477],[136990.8277764854,7169341.228353946],[136991.49583875085,7169344.042023552],[136991.35223228368,7169347.216733782],[136989.2961917834,7169348.714283047],[136986.86129029986,7169349.7971855495],[136984.4444433463,7169350.483126866],[136982.02749550453,7169351.16906503],[136979.2497421385,7169351.043395249],[136976.54369158822,7169349.33042234],[136975.04611717374,7169347.274425086],[136973.9633006173,7169344.839590935],[136972.8804845194,7169342.4047566485],[136970.96805062715,7169340.727703515],[136967.79339006677,7169340.584123092],[136966.11630452494,7169342.496429758],[136966.38755318418,7169345.292195853],[136966.65880205738,7169348.087961919],[136965.7394263834,7169350.8298955755],[136962.87181209592,7169352.6884831395],[136960.07610590884,7169352.959662097],[136957.65915272658,7169353.645706935],[136955.3140112005,7169352.744229626],[136953.0048690986,7169351.049270909],[136952.07864415558,7169350.035302319],[136950.58792173758,7169351.735092716],[136948.89287685405,7169354.044361267],[136946.8189748082,7169355.938871028],[136944.4020231017,7169356.624802729],[136941.62426779862,7169356.49912522],[136938.44960275822,7169356.355538243],[136936.10445849958,7169355.4541683365],[136934.19202629203,7169353.777109638],[136931.50403309247,7169351.667276957],[136929.15888999903,7169350.765905679],[136925.98422904767,7169350.62220468],[136922.80956503464,7169350.478613792],[136920.10352015664,7169348.765628574],[136918.19109072041,7169347.08856722],[136916.2967127515,7169345.014766334],[136914.40233841137,7169342.940854231],[136912.0572006809,7169342.039368747],[136909.27934413782,7169341.913792249],[136906.1046818031,7169341.770197123],[136903.3088743866,7169342.041361332],[136900.87406836386,7169343.124140725],[136898.09621437662,7169342.998451041],[136895.3363114074,7169342.4760187995],[136892.59436272376,7169341.556733107],[136891.84656160843,7169341.305907847],[136891.40383871197,7169341.502896701],[136888.22917604278,7169341.359297294],[136885.46927652287,7169340.8367520515],[136884.78338223603,7169338.419930064],[136882.8889156676,7169336.3458991675],[136880.54377746064,7169335.4445186285],[136877.78387625417,7169334.922082489],[136875.0239751765,7169334.399645754],[136872.24622305593,7169334.27395319],[136869.46826671332,7169334.148365438],[136867.3943572227,7169336.042753015],[136865.3384996918,7169337.540401032],[136862.54259047634,7169337.811553974],[136859.76483737782,7169337.685858885],[136858.89179827028,7169337.646436179],[136856.93311797187,7169338.7507192865]],[[136861.52947298076,7169184.974400813],[136863.57886387967,7169186.551681307],[136866.09944805072,7169187.089798572],[136866.42594164668,7169184.559630195],[136865.50178249017,7169181.548790734],[136864.99137933343,7169178.768696215],[136864.03835308814,7169176.392750941],[136863.08553142747,7169174.01670015],[136863.62364510162,7169171.496179193],[136864.58510395198,7169168.994734006],[136865.3445303479,7169166.27208294],[136864.83402777958,7169163.491985552],[136863.890794473,7169160.904376227],[136863.58232458576,7169158.345484601],[136865.96789572312,7169157.180930316],[136868.35336581484,7169156.016372921],[136869.94019992207,7169153.755209055],[136868.77565391466,7169151.36973021],[136866.96665815404,7169149.167089263],[136866.01363460097,7169146.791143838],[136865.71485589177,7169144.0205856245],[136864.9927329871,7169141.23095152],[136865.11719553015,7169138.479577241],[136866.8965676899,7169136.651402739],[136869.63825355854,7169136.987384934],[136872.13015536964,7169138.160623779],[136874.39126462553,7169139.747331727],[136875.98863800848,7169141.940435316],[136878.499724206,7169142.690223267],[136879.24955711712,7169140.179241171],[136880.21101165522,7169137.677795387],[136880.11426239152,7169135.12844345],[136878.29557705187,7169133.137470535],[136877.14062213787,7169130.540323006],[136876.83225206315,7169127.981434546],[136876.3121599558,7169125.41300691],[136874.9360006777,7169123.017770197],[136873.9830760333,7169120.641938829],[136873.25136647746,7169118.063863613],[136872.3176259356,7169115.264582484],[136870.50853197707,7169113.062049545],[136867.9975554631,7169112.312151207],[136865.43862784235,7169112.620599086],[136862.92765156028,7169111.87069975],[136860.65696133923,7169110.495547563],[136859.05959485978,7169108.302441312],[136857.03878502926,7169106.090255815],[136854.32567575993,7169105.1192566715],[136851.82428875106,7169104.157796514],[136849.55370142718,7169102.782644875],[136847.72543469293,7169101.003336027],[136845.12824932684,7169102.1583491685],[136842.54065711604,7169103.101581611],[136841.37706518848,7169105.38181621],[136841.67593725742,7169108.152378538],[136841.7726811702,7169110.701620857],[136841.44618218427,7169113.231789187],[136839.66680558387,7169115.060071275],[136837.10787600407,7169115.368513867],[136834.56812773168,7169115.253617229],[136831.79767989257,7169115.5524135865],[136829.2675223152,7169115.225846546],[136826.7276733385,7169115.110945659],[136823.74560052,7169115.400314024],[136821.12923092378,7169116.978550984],[136818.55122163898,7169117.710220778],[136816.1656515664,7169118.874766303],[136813.7800810396,7169120.039311443],[136811.57745900954,7169121.848404622],[136809.79818040418,7169123.676575203],[136808.22082833445,7169125.726060641],[136805.69066870917,7169125.399489301],[136804.9590689016,7169122.821522433],[136804.00606142927,7169120.445460097],[136802.4189066207,7169121.1514145015],[136802.23637002317,7169122.062071229],[136801.69824176206,7169124.582701886],[136801.57376572228,7169127.334077161],[136801.45888096927,7169129.87378301],[136801.3439932427,7169132.413599738],[136801.2195203525,7169135.164864127],[136801.7395961614,7169137.733407209],[136803.12533963844,7169139.916872518],[136805.16522656346,7169141.705835851],[136806.32976089674,7169144.091321722],[136805.7913833605,7169144.533471537],[136808.60035260994,7169145.466480333],[136810.97633681138,7169144.513604952],[136813.02581946144,7169146.090786593],[136813.9787304824,7169148.466845071],[136814.71043178224,7169151.0449246075],[136816.31739208702,7169153.026256042],[136817.7032433474,7169155.209611185],[136819.2910198141,7169157.614391796],[136820.45555837115,7169159.99987592],[136824.33331516827,7169163.356478121],[136826.8251220032,7169164.529611652],[136829.35528912215,7169164.8561780285],[136830.7305089666,7169162.585480841],[136832.92353998433,7169160.988164353],[136835.47288768378,7169160.891390894],[136838.00305406383,7169161.217955691],[136840.54271350178,7169161.3327370165],[136843.08247047296,7169161.4476314625],[136845.60304646316,7169161.985864148],[136848.1236256095,7169162.523985451],[136849.95190222486,7169164.303293105],[136851.11644362652,7169166.68888469],[136852.4927114807,7169169.083904696],[136853.87836602598,7169171.267360544],[136853.97521236492,7169173.816715869],[136855.1397555566,7169176.202306898],[136855.65015653067,7169178.982402058],[136857.46884637774,7169180.9733776],[136859.94158194814,7169182.5697347345],[136861.52947298076,7169184.974400813]],[[136941.90357469209,7169306.949656928],[136943.95299746684,7169308.526810631],[136946.46401488746,7169309.276689608],[136948.95585848606,7169310.449795643],[136951.23608100094,7169311.613255409],[136953.73761137325,7169312.574804848],[136956.25822129543,7169313.112901749],[136958.797904482,7169313.227767887],[136961.36634959624,7169312.707736812],[136963.14562514733,7169310.879545921],[136963.04885315074,7169308.330197141],[136962.09599843726,7169305.954267882],[136963.4711034819,7169303.683555626],[136965.65464793693,7169302.297888679],[136966.61599117727,7169299.796434952],[136965.2398912725,7169297.401325716],[136963.854106031,7169295.217771858],[136961.80458308954,7169293.640618482],[136959.54354004824,7169292.053821826],[136957.0134523827,7169291.727175262],[136954.47367269226,7169291.612305561],[136952.19335310732,7169290.448843203],[136950.81725681957,7169288.053732033],[136948.29665488098,7169287.515522624],[136947.21926255792,7169287.890961735],[136946.05577982584,7169290.171207489],[136943.6702966554,7169291.335780624],[136941.26553809067,7169292.923578223],[136938.88005393383,7169294.088150614],[136937.71656931494,7169296.368395854],[136937.60161113687,7169298.908207599],[136939.87224211427,7169300.2833389025],[136941.92176109942,7169301.860606694],[136942.4417776164,7169304.429026182],[136941.90357469209,7169306.949656928]],[[136793.03873220697,7169250.377546648],[136791.87522336846,7169252.657781827],[136792.183581513,7169255.216784339],[136794.01186965586,7169256.9959879555],[136795.39762472286,7169259.17956331],[136796.35055040522,7169261.555400386],[136797.29398301378,7169264.143020361],[136798.67005093925,7169266.538150986],[136799.40176286758,7169269.116119715],[136799.70063597523,7169271.886683046],[136800.6439696931,7169274.474299854],[136802.693370339,7169276.051588741],[136803.85792015004,7169278.437073102],[136805.46499519836,7169280.418517524],[136807.98559396493,7169280.956754734],[136809.80419359857,7169282.947732978],[136811.19006105885,7169285.131086983],[136811.92167333915,7169287.709162695],[136812.23013781133,7169290.268166827],[136812.9617537579,7169292.846131528],[136814.78045653948,7169294.837111531],[136816.6086499648,7169296.616419096],[136818.43684388057,7169298.395726353],[136820.03433616366,7169300.588726921],[136820.9872671761,7169302.964672131],[136820.87239045405,7169305.504377365],[136820.7575077386,7169308.044304352],[136820.85425578733,7169310.593546529],[136820.30654222303,7169313.325736353],[136820.60532159574,7169316.096295705],[136822.20271321462,7169318.289403808],[136824.70424523036,7169319.250756606],[136827.22475124284,7169319.78898645],[136831.41947457136,7169320.826970494],[136831.63099881908,7169320.836504507],[136834.18037378934,7169320.739838553],[136836.3638396489,7169319.354077214],[136836.9020631736,7169316.833448322],[136836.59358954668,7169314.274556346],[136835.8618697818,7169311.696480073],[136835.76511884533,7169309.14723835],[136835.45664586592,7169306.588346284],[136835.57151976874,7169304.048641251],[136835.8981188152,7169301.5184756825],[136838.2837164341,7169300.353923198],[136840.82350004418,7169300.46881491],[136843.2089993662,7169299.304148003],[136844.38198808453,7169296.812347844],[136845.55518061563,7169294.320442225],[136848.0757856198,7169294.858560476],[136849.682768249,7169296.839995785],[136851.28975439747,7169298.821319964],[136852.87766147446,7169301.225985279],[136855.13869323925,7169302.8129121745],[136857.6879664075,7169302.716128543],[136860.10233163077,7169300.916564411],[136862.3048675662,7169299.10756901],[136860.4957479359,7169296.904927088],[136857.99432238698,7169295.943472639],[136856.39692883898,7169293.750369137],[136858.79200926737,7169292.374252176],[136861.55300523998,7169292.287007162],[136863.73646348028,7169290.9012422],[136864.2746814799,7169288.380612873],[136864.38955033076,7169285.840908211],[136864.08117387345,7169283.282020066],[136863.3590417243,7169280.49227631],[136864.93629186985,7169278.443002574],[136866.7251716638,7169276.403043233],[136868.51394733635,7169274.363191848],[136870.91871350724,7169272.775406676],[136872.9097233789,7169270.956765839],[136875.09318009572,7169269.57088866],[136876.87246441608,7169267.74270845],[136879.05601772328,7169266.356944345],[136881.44150413317,7169265.19238257],[136883.8174004305,7169264.2394897165],[136886.2125761612,7169262.863260625],[136888.19399279,7169261.256287204],[136890.59855285316,7169259.668493547],[136892.9746515291,7169258.71549385],[136894.9559660846,7169257.10851685],[136897.35103864706,7169255.732283305],[136899.54417703405,7169254.134847042],[136901.12132104748,7169252.085456391],[136902.90070299053,7169250.257165237],[136904.8821156504,7169248.650189781],[136907.06556203344,7169247.264419053],[136908.64280773938,7169245.214919589],[136909.60425756627,7169242.713582633],[136909.9308428801,7169240.183416918],[136909.41073950176,7169237.6148813125],[136906.8710698294,7169237.50000402],[136904.6875212376,7169238.885882679],[136902.3019411621,7169240.050445104],[136899.90687477845,7169241.426568289],[136897.52139433415,7169242.5911327],[136894.94336839323,7169243.322819525],[136892.1536180083,7169244.04496721],[136889.768136254,7169245.209530363],[136887.21877451782,7169245.306316046],[136884.6885920426,7169244.979762644],[136882.40838601254,7169243.8162893765],[136880.35898336803,7169242.239013188],[136878.30958119297,7169240.661736626],[136875.78898942115,7169240.123512095],[136873.2682972044,7169239.585284323],[136870.9976827983,7169238.210139556],[136868.50585543143,7169237.037127341],[136865.9947539086,7169236.287228762],[136864.39736500173,7169234.094236245],[136863.23281343526,7169231.708646985],[136865.01209547784,7169229.880468674],[136867.59022202465,7169229.148790471],[136869.59071635286,7169227.118478695],[136870.55217620364,7169224.617032897],[136871.30201558844,7169222.1059398865],[136871.6285078788,7169219.575771501],[136871.74337701726,7169217.036066815],[136870.7904463124,7169214.660125338],[136868.21242024592,7169215.391917431],[136866.43314028357,7169217.220095916],[136863.81685972278,7169218.798345563],[136861.22924522962,7169219.741694903],[136858.85325349972,7169220.694580305],[136856.66011406167,7169222.292009871],[136855.69875213975,7169224.7934577055],[136854.12149926618,7169226.84295165],[136852.14008218196,7169228.449919963],[136850.3607982846,7169230.278096744],[136848.84577724332,7169230.951847613],[136848.39855778974,7169231.461836796],[136846.41713930597,7169233.068804417],[136844.43572033133,7169234.67577179],[136844.73460059846,7169237.446333209],[136845.89914978173,7169239.8319244],[136846.63086806866,7169242.4098897055],[136846.30427057837,7169244.940055298],[136845.34280513687,7169247.441500005],[136844.59296309866,7169249.952481369],[136842.81367265695,7169251.780768444],[136840.27399898093,7169251.665878741],[136837.6959666256,7169252.3975550905],[136835.28160540067,7169254.197114591],[136833.90637970087,7169256.4678130355],[136832.53125718283,7169258.738403255],[136833.0513507884,7169261.30683258],[136834.00427995803,7169263.682777021],[136834.31264965964,7169266.241666661],[136833.35118102096,7169268.743110901],[136832.1876754983,7169271.023459781],[136830.61041742534,7169273.072841038],[136828.41736702534,7169274.670270046],[136826.8401049574,7169276.719761845],[136825.65752329916,7169279.423230071],[136823.4739612845,7169280.808986345],[136821.088365181,7169281.973535943],[136818.58694435807,7169281.012073427],[136816.54712901346,7169279.223228803],[136814.71893837658,7169277.443920904],[136813.55438990623,7169275.058326826],[136811.9473145855,7169273.076883437],[136810.57114000525,7169270.681862697],[136810.4839893619,7169267.920839795],[136808.84362622484,7169262.387263842],[136808.1643807984,7169262.938199945],[136805.6247043179,7169262.823303875],[136804.24843458796,7169260.428168579],[136804.15159415145,7169257.878812095],[136804.26647523954,7169255.339106526],[136802.6596051721,7169253.357667],[136802.35114156263,7169250.798773093],[136803.10099190148,7169248.287793156],[136804.4953040352,7169245.593755806],[136807.05425664235,7169245.285427313],[136806.55390235002,7169241.142700421],[136804.75383660162,7169239.879447322],[136802.70434146235,7169238.302155311],[136802.60760280327,7169235.752801435],[136802.72248472495,7169233.213095802],[136800.9037934692,7169231.222112806],[136799.73924973438,7169228.836627495],[136799.43088863976,7169226.277736053],[136799.11858174705,7169223.68633721],[136795.82100946084,7169222.128748385],[136795.4995091749,7169221.2752633905],[136795.37036674022,7169222.276585305],[136793.1772179663,7169223.874005386],[136792.01267637766,7169221.488519146],[136791.49269387423,7169218.920089719],[136789.6644181506,7169217.140663268],[136787.12464949122,7169217.025759878],[136787.4331083324,7169219.584654685],[136785.45167968178,7169221.191724826],[136782.95976333896,7169220.018581743],[136780.4105031849,7169220.115349302],[136780.29561667732,7169222.655055275],[136780.60397397244,7169225.213947618],[136782.65346473048,7169226.791243594],[136785.1740557534,7169227.329375578],[136787.7042351573,7169227.65594852],[136789.522823554,7169229.646930881],[136790.47584279592,7169232.0228824485],[136790.77461132559,7169234.793443685],[136790.65972715954,7169237.333149478],[136789.68865982455,7169240.0462608],[136788.11139430682,7169242.095748331],[136787.98692160146,7169244.847012689],[136788.71862662054,7169247.425093327],[136791.44135188876,7169248.184544218],[136793.03873220697,7169250.377546648]]],"bbox":[136724.17038364284,7169057.346918298,137094.5003140309,7169363.84881621]},"properties":{"objectid":7,"Shape__Area":0.000004902834912179871,"Shape__Length":0.022682222892129976},"bbox":[136724.17038364284,7169057.346918298,137094.5003140309,7169363.84881621]},{"type":"Feature","geometry":{"type":"Polygon","coordinates":[[[131572.96359522513,7171173.104519398],[131574.9845465754,7171175.316803642],[131578.01587429183,7171178.635226488],[131579.45986939408,7171181.881970256],[131579.86941721354,7171184.551655144],[131579.72588063206,7171187.726604036],[131579.6063181844,7171190.372359199],[131578.4284335556,7171192.970252199],[131576.21609661222,7171194.991197207],[131573.52249290585,7171195.929932678],[131570.87673386827,7171195.810388267],[131568.27882625128,7171194.632342168],[131565.1517014242,7171193.430584262],[131562.5776626644,7171191.723562144],[131560.5328389529,7171190.040361791],[131558.48801268463,7171188.357271945],[131556.46696379757,7171186.144871494],[131553.9168995219,7171183.9087644685],[131551.87207500683,7171182.225673384],[131549.85122937022,7171180.013277227],[131547.25321957993,7171178.8354454115],[131544.67918877752,7171177.128308322],[131542.0333353507,7171177.008644064],[131539.4355278528,7171175.83081612],[131536.78977517673,7171175.711153565],[131534.74485325709,7171174.028056655],[131532.12307382765,7171173.379310137],[131530.07815586386,7171171.696101509],[131528.03323533642,7171170.013003388],[131525.41145685682,7171169.364255417],[131522.74172874022,7171169.773783811],[131521.05849543423,7171171.81865232],[131519.37536224932,7171173.863523459],[131517.6922285693,7171175.908394435],[131516.00909439923,7171177.953265259],[131513.7967485757,7171179.974200819],[131511.60847950494,7171181.465944941],[131509.92534068204,7171183.510926062],[131507.73696997645,7171185.002666889],[131504.56200036546,7171184.859173668],[131501.96409895452,7171183.681113705],[131499.94315344887,7171181.468928022],[131497.8982343116,7171179.785825029],[131495.87729621195,7171177.5734168105],[131495.46776521043,7171174.903727271],[131493.4707022587,7171172.162232647],[131492.00284795667,7171169.444784552],[131491.0642081176,7171166.7511614375],[131488.5140596287,7171164.514926458],[131486.49312255176,7171162.302627187],[131483.91909824405,7171160.595587924],[131481.27334745973,7171160.475913959],[131478.6274929758,7171160.356347563],[131475.9578613208,7171160.765980234],[131473.7693886691,7171162.257712774],[131472.08624831383,7171164.302578707],[131469.41661856114,7171164.712099312],[131466.77086359047,7171164.592533445],[131464.1728619305,7171163.414684212],[131463.23423109646,7171160.720947515],[131463.37769572984,7171157.54599368],[131465.10869086802,7171154.442848713],[131465.80534426618,7171150.76263801],[131465.92493038136,7171148.116881049],[131465.51540409366,7171145.447300551],[131465.63499346725,7171142.801432697],[131464.1431727722,7171140.613063581],[131463.20444069325,7171137.919434717],[131462.2657090773,7171135.225805737],[131461.32707852707,7171132.53217941],[131461.4466660089,7171129.886422345],[131461.56625353073,7171127.240665283],[131461.70982021332,7171124.065714115],[131462.35851628368,7171121.443891728],[131463.00731278775,7171118.8220721185],[131465.21956152626,7171116.801031455],[131467.40802881098,7171115.309301023],[131469.59629743942,7171113.817453859],[131471.78476370074,7171112.325722823],[131474.5022398848,7171110.857812084],[131476.71458304167,7171108.836883536],[131479.43205483374,7171107.36908282],[131481.644399704,7171105.348042723],[131483.85673778167,7171103.327224093],[131485.5398701094,7171101.28235768],[131486.71777213103,7171098.684360497],[131488.9061332934,7171097.1926243855],[131490.58936475072,7171095.147760289],[131491.76716479787,7171092.54976004],[131492.41595493653,7171089.927939784],[131494.09908447566,7171087.883072618],[131494.21876720723,7171085.237318741],[131494.2426446227,7171084.708121942],[131494.09587133862,7171082.819222811],[131494.10833432252,7171082.542932125],[131491.79887974577,7171080.847859273],[131489.0746410371,7171079.531593223],[131485.89979676163,7171079.388095273],[131482.72485184763,7171079.244593788],[131479.54990688915,7171079.101091536],[131477.24045751354,7171077.405904993],[131475.7426709131,7171075.349974164],[131473.03634247655,7171073.636834575],[131470.25827879424,7171073.511282187],[131467.48021507857,7171073.3857292235],[131464.3411912808,7171072.448375164],[131462.03174167185,7171070.753296488],[131460.11917270033,7171069.07617],[131458.2066072671,7171067.398932291],[131456.32985625847,7171064.9280652],[131454.43519741163,7171062.8540677205],[131451.7289714031,7171061.141036814],[131449.43753766682,7171059.048977423],[131447.5248713357,7171057.371845938],[131447.25365506794,7171054.575811254],[131447.39712683932,7171051.400856873],[131447.52268984856,7171048.622772486],[131446.83658213104,7171046.205762723],[131445.3388101608,7171044.149605665],[131443.42634791345,7171042.472478801],[131441.11680565536,7171040.777392727],[131438.78955909266,7171039.479070872],[131436.8949068911,7171037.405070079],[131437.02047247172,7171034.626985497],[131437.146038102,7171031.848900903],[131436.45993358013,7171029.431890235],[131436.9823783493,7171026.671759127],[131439.05642228725,7171024.777068261],[131441.8703921854,7171024.109002033],[131444.6842672464,7171023.440710705],[131447.11936723668,7171022.357822935],[131449.17549699015,7171020.860111617],[131450.52751700836,7171017.342035744],[131450.65307722957,7171014.5640622135],[131449.98488377448,7171011.750071496],[131448.0724263973,7171010.072944736],[131445.72707496298,7171009.171487936],[131443.38181826798,7171008.2702552155],[131440.69331667532,7171006.160233997],[131439.6104391573,7171003.725161759],[131439.35703318927,7171000.532364482],[131438.67103455565,7170998.115245586],[131437.5879540291,7170995.680278359],[131435.6934130509,7170993.6061684145],[131433.34806214285,7170992.704819853],[131432.2651873881,7170990.269746683],[131432.40866475465,7170987.094791884],[131433.30997474084,7170984.749592805],[131434.6083693704,7170982.4221312255],[131434.73393387446,7170979.644157369],[131434.85950455436,7170976.865961745],[131433.7765276786,7170974.430996636],[131431.357280033,7170966.368049145],[131431.33936733817,7170966.765030077],[131427.83931351337,7170965.015969973],[131423.16663380194,7170962.816400935],[131420.4065021933,7170962.2939652465],[131417.64637378167,7170961.771418083],[131415.33695045148,7170960.076328089],[131413.8391947641,7170958.02016554],[131413.96476427582,7170955.242191298],[131414.09033690562,7170952.464106181],[131414.99165208708,7170950.118797256],[131415.5141012196,7170947.358666569],[131416.45143749443,7170944.219622977],[131417.35275194584,7170941.87431399],[131418.27217747946,7170939.132140439],[131417.63981749845,7170935.524406381],[131416.21390700346,7170931.880768901],[131415.13093838148,7170929.445801301],[131413.63318392023,7170927.3897491135],[131412.13543301297,7170925.333585819],[131409.7900958457,7170924.4322314095],[131407.46277006395,7170923.134009205],[131405.11733290175,7170922.232651103],[131402.3752244283,7170921.3132323325],[131400.0298884153,7170920.411876036],[131398.1173506966,7170918.734736837],[131395.78992622637,7170917.436509554],[131393.44469487714,7170916.535043864],[131390.66656171816,7170916.409468094],[131388.35714994848,7170914.714371987],[131387.27409045584,7170912.27928764],[131386.58810510876,7170909.862275012],[131385.90192194615,7170907.445145875],[131386.02750174294,7170904.667060213],[131386.15317913168,7170901.889088199],[131385.46709730156,7170899.471961742],[131383.96935413685,7170897.415794322],[131381.2629710019,7170895.702738113],[131378.9715732381,7170893.6108832285],[131377.05894153216,7170891.933737395],[131375.97598713357,7170889.498654375],[131374.47824665462,7170887.442485554],[131373.3952901396,7170885.007513089],[131372.3123371466,7170882.572429597],[131371.22938155523,7170880.137456848],[131370.54340472084,7170877.720331876],[131369.0454654204,7170875.664156599],[131367.24070855317,7170871.605909483],[131365.74287115934,7170869.549736455],[131364.65992121433,7170867.1146519855],[131363.57696866564,7170864.679678252],[131362.89089384204,7170862.262549799],[131361.80794214772,7170859.827575821],[131361.1397801902,7170857.013576945],[131360.0748421906,7170854.181735253],[131359.00970353256,7170851.349887846],[131358.34164654935,7170848.535780587],[131358.07035693253,7170845.739848742],[131358.19594424224,7170842.961762511],[131357.9246549816,7170840.165830622],[131357.2565961235,7170837.351834055],[131356.570421006,7170834.934812998],[131355.88445046853,7170832.517686545],[131356.01003859227,7170829.739600245],[131356.91136315506,7170827.394183787],[131358.209554438,7170825.066945642],[131359.88681274734,7170823.154315243],[131361.1851099158,7170820.826857932],[131363.25913349644,7170818.932402693],[131364.93628977943,7170817.0197690455],[131367.4071911503,7170815.14304794],[131369.84226460557,7170814.0601778105],[131372.65620384837,7170813.391909182],[131375.10918835952,7170811.912167959],[131375.63154501142,7170809.152035261],[131375.36035469937,7170806.35610676],[131374.27730967436,7170803.921019701],[131373.59133559617,7170801.504005142],[131371.71464745974,7170799.033008103],[131369.80203211727,7170797.355859302],[131367.47473344416,7170796.057626791],[131364.31776867644,7170795.5171076935],[131361.53955960076,7170795.391519994],[131359.23017435073,7170793.696415637],[131356.90277652838,7170792.3981783],[131354.21443288063,7170790.288245905],[131353.52836586453,7170787.871116094],[131354.0508276305,7170785.1109865215],[131355.72797895875,7170783.1984651815],[131357.02617060777,7170780.871116648],[131357.54873527185,7170778.110878931],[131357.67432148312,7170775.332903428],[131356.19451202272,7170772.879860105],[131354.6966868043,7170770.823794942],[131352.82000399922,7170768.3529050965],[131351.73706463538,7170765.917928892],[131349.10048401047,7170753.868302229],[131349.11839693214,7170753.471431926],[131349.27991510794,7170749.899607525],[131349.40550688462,7170747.121520946],[131349.53109564178,7170744.343545249],[131349.65669057722,7170741.565347782],[131348.97052475048,7170739.148325304],[131347.4728058108,7170737.092261432],[131346.78674439603,7170734.675130646],[131346.53337984497,7170731.4822164215],[131347.8495834674,7170728.758001522],[131348.75100341876,7170726.412699647],[131349.27346604323,7170723.652570229],[131349.39915913966,7170720.874486379],[131347.48655901727,7170719.197332533],[131345.17708943808,7170717.502221007],[131342.39899686025,7170717.376630117],[131339.6389212641,7170716.854060199],[131338.55588936707,7170714.419079203],[131338.2847151783,7170711.623037588],[131338.41031029675,7170708.844950754],[131338.5359024069,7170706.066974803],[131338.26462810347,7170703.270930354],[131337.99335401604,7170700.474885881],[131337.30729728355,7170698.0577540705],[131336.22426791512,7170695.622772597],[131335.53821189248,7170693.205640613],[131334.85215313133,7170690.788619442],[131334.18400831957,7170687.974727837],[131333.49795328657,7170685.557595635],[131333.24469547224,7170682.364683257],[131332.55854047742,7170679.947548162],[131331.47561455588,7170677.512568742],[131330.01373419515,7170674.662760861],[131328.1549889911,7170671.7948838305],[131326.26031311462,7170669.720855295],[131323.91512789734,7170668.819482198],[131321.19078732491,7170667.503274446],[131319.29621370154,7170665.429247495],[131318.62807425432,7170662.615354479],[131317.95994131028,7170659.801239627],[131317.273787772,7170657.384214081],[131315.7760845432,7170655.328144761],[131313.48454806465,7170653.236044513],[131311.15727785078,7170651.937909158],[131308.82980991516,7170650.639656901],[131305.6727771159,7170650.099227514],[131302.89479837695,7170649.973629445],[131300.11671900057,7170649.848028006],[131297.33863959665,7170649.722425983],[131294.56056015845,7170649.596823378],[131291.76456564124,7170649.868090651],[131288.57170589484,7170650.121287197],[131285.77561036433,7170650.392550465],[131283.3226368886,7170651.872384064],[131280.90549047763,7170652.558587175],[131278.12751068868,7170652.4329839945],[131275.349430268,7170652.307377443],[131273.8875677046,7170649.457450671],[131272.46163771622,7170645.813785417],[131271.8293377402,7170642.206258539],[131271.95495170902,7170639.428059638],[131273.2531496319,7170637.100718765],[131274.9662310377,7170634.3944698535],[131276.7331621771,7170630.497501176],[131277.2556398341,7170627.737372913],[131277.38125000818,7170624.959284946],[131277.10988927144,7170622.163345346],[131277.23549962987,7170619.385257357],[131279.3275331622,7170617.093727561],[131281.40165050898,7170615.199068014],[131283.8187843478,7170614.513087364],[131286.61477508437,7170614.241711738],[131289.78971431783,7170614.385276282],[131292.56768589863,7170614.510877997],[131295.00283443433,7170613.428027725],[131297.437784391,7170612.345060609],[131299.49387950986,7170610.847377207],[131301.55008088256,7170609.349474557],[131305.6442563999,7170606.7508632215],[131308.09732002014,7170605.271029533],[131310.15341275634,7170603.773344754],[131311.83065672498,7170601.860722412],[131314.66246946057,7170600.795711334],[131316.71866131586,7170599.298028491],[131319.15360655944,7170598.215057936],[131321.60666385642,7170596.735333003],[131324.05962303508,7170595.255494025],[131335.36719085264,7170582.643339664],[131335.76405677985,7170582.661297789],[131338.18108325772,7170581.975194677],[131340.23717188864,7170580.4773951955],[131342.70814024576,7170578.600685792],[131344.76422475162,7170577.102996605],[131346.44145740027,7170575.190481753],[131347.73974071298,7170572.863027709],[131349.0559342123,7170570.1388141],[131349.95734819584,7170567.793513032],[131351.6524926647,7170565.484127384],[131353.32962550165,7170563.5714982785],[131355.38570657227,7170562.073807857],[131357.82074506412,7170560.990723313],[131360.65264216042,7170559.925817596],[131363.0876766647,7170558.842843062],[131365.8837494293,7170558.571566107],[131368.3187800781,7170557.488701586],[131370.75371274416,7170556.405723002],[131373.60372166627,7170554.943950034],[131376.0386563987,7170553.86085972],[131378.47368516156,7170552.777993541],[131381.25174253696,7170552.903581068],[131384.0118841487,7170553.4261491755],[131386.77202895295,7170553.9486058075],[131389.55008639372,7170554.074191572],[131392.34605622204,7170553.802906487],[131394.76317392383,7170553.116796887],[131397.57715309033,7170552.448754147],[131399.9942701509,7170551.762643661],[131402.77232684847,7170551.888226719],[131405.08166934748,7170553.583328428],[131407.39111301146,7170555.278432444],[131409.7185666574,7170556.576779418],[131412.06383500143,7170557.478142046],[131413.9764151402,7170559.155288795],[131415.88899269036,7170560.832546081],[131418.18042664597,7170562.924515324],[131420.07509370474,7170564.998642078],[131421.98767591733,7170566.675787407],[131423.4853813466,7170568.731844267],[131424.17144219863,7170571.148970937],[131425.66914854897,7170573.205027441],[131427.1489440871,7170575.657953895],[131428.62873716565,7170578.110990992],[131429.31490028964,7170580.528119979],[131430.00086559833,7170582.945132459],[131430.68702935713,7170585.362261295],[131432.18473857624,7170587.41831672],[131432.870802488,7170589.835442584],[131434.3327911913,7170592.685240748],[131435.81258790195,7170595.13827662],[131437.2923882734,7170597.59120137],[131439.20487705804,7170599.268340566],[131441.1174638518,7170600.945593087],[131442.2002960554,7170603.380670274],[131444.07706249523,7170605.851662514],[131445.95373519388,7170608.322429854],[131447.45144663256,7170610.378593797],[131449.31020711386,7170613.246341502],[131451.20488684066,7170615.320462273],[131452.2698150708,7170618.152297472],[131454.12857479492,7170621.020155104],[131455.59047166188,7170623.8699471],[131457.05226863717,7170626.719736071],[131458.4962537032,7170629.966508554],[131459.97606283735,7170632.419429721],[131461.85273966705,7170634.890304832],[131463.3325470012,7170637.343336352],[131465.22703148122,7170639.417448843],[131467.13963066845,7170641.094585591],[131469.4671080116,7170642.392808642],[131471.37960447074,7170644.070052769],[131473.25628518622,7170646.540925785],[131474.75400873437,7170648.59697467],[131476.25172971637,7170650.653134205],[131477.74945118983,7170652.709293513],[131479.22926678497,7170655.162211752],[131480.727092947,7170657.218262497],[131482.6037744017,7170659.689244615],[131484.94906503556,7170660.59059157],[131487.7271426553,7170660.716154115],[131490.5051165818,7170660.841824184],[131492.83259629272,7170662.140153326],[131495.159978888,7170663.438368348],[131497.4872612941,7170664.73658013],[131499.3998680124,7170666.413711284],[131501.70923951484,7170668.10890308],[131503.62184722844,7170669.786033502],[131505.53445235564,7170671.463274468],[131507.87974307325,7170672.364727829],[131510.60399679083,7170673.680892407],[131512.5166063541,7170675.358021314],[131514.41110383073,7170677.432125166],[131515.49416139326,7170679.867088504],[131516.18014680647,7170682.284204654],[131516.0544905524,7170685.062175073],[131515.9289288206,7170687.840370032],[131517.8415412685,7170689.517497823],[131520.1868389328,7170690.418837642],[131522.51422886603,7170691.717046943],[131525.29220852285,7170691.842708959],[131528.07039240398,7170691.96826507],[131530.84837199323,7170692.093925919],[131533.59053623182,7170693.013325995],[131534.6735988072,7170695.448287165],[131534.54794371442,7170698.226368144],[131533.64655919228,7170700.571678443],[131531.19361474883,7170702.051444341],[131529.1374380648,7170703.54915899],[131526.72030508582,7170704.235295223],[131524.28536757524,7170705.318192877],[131522.2112785218,7170707.2128874175],[131520.89511426998,7170709.937114995],[131520.37268804683,7170712.697246807],[131519.07443105947,7170715.024604358],[131517.75816503493,7170717.748828987],[131515.64826018247,7170720.437151835],[131514.74687135493,7170722.782461381],[131513.448609574,7170725.109929476],[131513.3230545221,7170727.887902632],[131513.19739586016,7170730.66598388],[131513.07183783938,7170733.444067908],[131512.9462798749,7170736.222151931],[131513.21739387844,7170739.01807178],[131514.67941723025,7170741.867967488],[131516.17715971166,7170743.924009439],[131518.08967778244,7170745.601244209],[131520.43498594908,7170746.502582733],[131523.62785570027,7170746.249328596],[131526.08081148396,7170744.769452199],[131528.15480110905,7170742.874864595],[131530.21098624566,7170741.37703854],[131532.64602975285,7170740.294141895],[131535.8568047941,7170739.644015163],[131539.0496751545,7170739.3906466905],[131541.84567531687,7170739.119326072],[131544.6057573188,7170739.641852716],[131546.51837823453,7170741.319085855],[131548.016124996,7170743.375123648],[131549.08108447667,7170746.207057871],[131549.3524076825,7170749.00298157],[131549.22675405652,7170751.781173088],[131549.4980776125,7170754.577096749],[131549.3724272378,7170757.3551773755],[131549.6258442247,7170760.547970844],[131551.93513854197,7170762.243148253],[131554.71333657467,7170762.368697016],[131557.49133031053,7170762.494350517],[131560.66629828198,7170762.637846102],[131562.57882406435,7170764.3150734715],[131563.2469181614,7170767.129055226],[131562.72450384294,7170769.88907684],[131562.20208633936,7170772.64920933],[131562.0764360517,7170775.427400596],[131562.3477636067,7170778.223323535],[131563.43063950946,7170780.6582751],[131564.89257824892,7170783.508160554],[131566.39033033053,7170785.564306158],[131568.26695044618,7170788.035158124],[131570.97322704812,7170789.748173659],[131572.47098083026,7170791.804318368],[131571.56959994027,7170794.149630925],[131569.13464915444,7170795.232649047],[131561.54036707693,7170796.082309818],[131559.12322077132,7170796.768453658],[131555.55137602205,7170796.606897027],[131552.77337204898,7170796.48135487],[131550.87874872348,7170794.407256728],[131550.19274797733,7170791.990144132],[131549.92142213433,7170789.194220718],[131550.04707152658,7170786.416140167],[131549.36087038805,7170783.999021889],[131546.94382580515,7170784.685166126],[131544.49086943158,7170786.164936004],[131543.5715765776,7170788.907117098],[131543.41011194995,7170792.47893745],[131544.09611462662,7170794.895939652],[131545.59386544657,7170796.952087792],[131546.67683816585,7170799.38715451],[131547.36294258066,7170801.804159189],[131548.04894365475,7170804.221271902],[131548.30225953972,7170807.41417326],[131548.17671402474,7170810.192145687],[131548.03315813653,7170813.3670960525],[131547.88960231887,7170816.542046414],[131548.1609293106,7170819.337969764],[131548.84703258664,7170821.755085039],[131550.7236530275,7170824.226050014],[131552.18549812993,7170827.075822812],[131554.0622237021,7170829.546679041],[131560.70772000635,7170858.479908751],[131561.05077431252,7170859.688465757],[131561.32210342382,7170862.48449914],[131562.76604705985,7170865.731250537],[131563.03727933345,7170868.527170148],[131563.30850876123,7170871.32320061],[131563.57983900298,7170874.119233828],[131563.83316282625,7170877.312134014],[131564.10449658195,7170880.108056289],[131564.77250048402,7170882.922034068],[131566.25236044475,7170885.375047879],[131566.92056950682,7170888.188920118],[131568.40032997337,7170890.641930779],[131569.86218831292,7170893.491700081],[131570.54830150824,7170895.9088130975],[131571.23441502923,7170898.325926036],[131571.090870469,7170901.500764893],[131570.947322918,7170904.675714627],[131570.42480623,7170907.435844656],[131569.5235213769,7170909.781160523],[131568.22515694977,7170912.108631694],[131567.305968791,7170914.850706367],[131567.16242075525,7170918.025656136],[131566.26093371084,7170920.3709663525],[131565.72051019303,7170923.527966103],[131565.18018715415,7170926.684968629],[131554.42265530612,7170940.853142479],[131555.27322963974,7170948.882837749],[131555.44908753346,7170956.9555972535],[131554.9486737863,7170965.014675363],[131554.46829847252,7170968.286628148],[131553.77576497901,7170973.003473543],[131550.84850767662,7170982.466926839],[131547.2832296571,7170991.708919409],[131543.09681747027,7171000.686641047],[131538.30854771932,7171009.358235171],[131532.94066926936,7171017.683591666],[131527.0181137183,7171025.62389504],[131520.5683764288,7171033.142286953],[131517.36592260905,7171036.277481204],[131514.7358799911,7171039.906296552],[131512.75318206009,7171043.925608236],[131511.47405211162,7171048.220789179],[131510.93517952762,7171052.670014857],[131511.1515427758,7171057.146533441],[131512.11719834124,7171061.522904184],[131513.80457289488,7171065.674750765],[131516.1657828355,7171069.484015686],[131519.1334477567,7171072.842311736],[131521.19822002132,7171074.505877456],[131522.62342459417,7171075.653993608],[131532.8146521463,7171079.912173922],[131543.24853920005,7171083.535227025],[131553.8855982853,7171086.509301271],[131564.6855671992,7171088.823075929],[131571.81801694114,7171091.02103969],[131578.74808856513,7171093.792091573],[131585.42957847007,7171097.117756568],[131591.81829230086,7171100.976064366],[131597.872051096,7171105.3413276095],[131603.55047470704,7171110.184690697],[131601.40377771942,7171118.71540774],[131601.2842177794,7171121.361162724],[131601.1645572842,7171124.006914919],[131601.04499743425,7171126.652669895],[131600.9254376305,7171129.298424861],[131599.74745701853,7171131.896426872],[131599.09868809202,7171134.518249912],[131596.91033653758,7171136.010003241],[131594.19287286524,7171137.477937802],[131590.92222851032,7171139.451022458],[131588.25251320394,7171139.8604521],[131585.55891804287,7171140.799299488],[131582.33611920633,7171141.713992046],[131579.08944302186,7171143.157991273],[131576.39575184317,7171144.096612427],[131574.20749336336,7171145.588476179],[131572.01903317118,7171147.0803340655],[131570.33591422386,7171149.125099476],[131568.60494596016,7171152.228255041],[131567.95616737206,7171154.850188245],[131567.81262701657,7171158.025137416],[131567.69306448486,7171160.670781946],[131568.6318158288,7171163.36451154],[131568.51225053822,7171166.01026692],[131569.98001800914,7171168.727702012],[131571.47185512073,7171170.9161676485],[131572.96359522513,7171173.104519398]]],"bbox":[131271.8293377402,7170551.762643661,131603.55047470704,7171195.929932678]},"properties":{"objectid":8,"Shape__Area":0.000008100982440225356,"Shape__Length":0.01830490724847855},"bbox":[131271.8293377402,7170551.762643661,131603.55047470704,7171195.929932678]},{"type":"Feature","geometry":{"type":"Polygon","coordinates":[[[96661.12217545637,7176854.185389145],[96658.9328877026,7176855.678163737],[96655.68464059778,7176857.123134911],[96653.49525100231,7176858.615905719],[96650.80025072425,7176859.5554832565],[96648.61096413288,7176861.04814551],[96645.89204131777,7176862.51706735],[96643.17331920867,7176863.985994786],[96640.4784242307,7176864.925351707],[96638.2651062361,7176866.94757652],[96637.61625698418,7176869.570796074],[96637.496832325,7176872.2180827],[96635.81304836384,7176874.264044668],[96634.10533526965,7176876.83957351],[96633.16300218104,7176877.348663794],[96642.86212893069,7176662.350281656],[96645.39042017772,7176661.962171482],[96648.06155538588,7176661.552170139],[96650.70866709913,7176661.671510495],[96653.35577542993,7176661.790961223],[96656.0029843984,7176661.910414464],[96659.17961631424,7176662.053712677],[96662.35614749882,7176662.197007099],[96665.00325565599,7176662.3164555],[96668.17988741572,7176662.459751561],[96670.82709616976,7176662.579201835],[96673.45028255676,7176663.227993704],[96676.07356978935,7176663.876788063],[96679.20244941686,7176665.079107465],[96681.80181246798,7176666.257356642],[96683.84793229925,7176667.941108935],[96686.44719219313,7176669.119464949],[96689.02273284085,7176670.827171573],[96692.12759333331,7176672.558829625],[96694.1497912003,7176674.772036014],[96696.19591377,7176676.455786026],[96698.79527682881,7176677.634142309],[96700.81747655623,7176679.847347431],[96703.39292022522,7176681.555047721],[96704.88569433655,7176683.744519311],[96706.93181956804,7176685.428267306],[96708.95401851402,7176687.641581753],[96710.44679430005,7176689.831052498],[96712.97449854459,7176692.597554462],[96715.02052213787,7176694.281408757],[96717.0427271708,7176696.494610699],[96719.08875185566,7176698.1784642255],[96721.68822478922,7176699.356707343],[96724.28759409708,7176700.535057772],[96727.46413263149,7176700.678335455],[96730.08742840769,7176701.3271178985],[96732.71072101535,7176701.976010701],[96735.3339131287,7176702.62489992],[96737.98112829507,7176702.744335806],[96740.62824274739,7176702.863768122],[96743.80478137243,7176703.0070418455],[96748.04036636744,7176703.198115326],[96752.2757499073,7176703.389181383],[96755.98180985037,7176703.556407699],[96758.6289240428,7176703.675836426],[96761.27613887348,7176703.795267652],[96763.92325298977,7176703.914695315],[96766.57036706823,7176704.034122454],[96777.64071125013,7176705.594475863],[96777.59287002595,7176706.6533872355],[96778.53231695999,7176709.3483527955],[96779.4716670331,7176712.043204289],[96779.8817944228,7176714.714221314],[96779.7622961076,7176717.361391814],[96779.64289852255,7176720.008565355],[96779.5235009914,7176722.655738885],[96778.85076147021,7176725.808416785],[96777.67251717055,7176728.407798572],[96777.55302215723,7176731.05485818],[96775.8214348635,7176734.15974423],[96775.67811313813,7176737.336484397],[96775.0292931351,7176739.959706583],[96774.38037229812,7176742.582925729],[96774.26097438665,7176745.230099315],[96774.14157653012,7176747.877272891],[96774.02208139456,7176750.5243325215],[96773.37335825292,7176753.147668663],[96772.14727037348,7176756.8059617225],[96771.49844945304,7176759.429183896],[96771.379051466,7176762.076357499],[96771.25965353276,7176764.723531093],[96771.11633848672,7176767.900049468],[96770.9730201757,7176771.076678745],[96770.82970528508,7176774.25319711],[96770.71030760172,7176776.900370698],[96770.0613821621,7176779.523700779],[96769.38864009693,7176782.676378673],[96768.21039097814,7176785.275760367],[96767.00822428038,7176788.404486792],[96765.82997103705,7176791.003979295],[96764.0983757556,7176794.108865006],[96763.44955281506,7176796.732087127],[96762.27120108169,7176799.331465539],[96761.59855437005,7176802.484257286],[96760.94963015348,7176805.107476344],[96760.30080646521,7176807.730698431],[96759.62816257606,7176810.88337926],[96757.4148730479,7176812.905620286],[96755.73101146863,7176814.951701896],[96754.02332917659,7176817.527242124],[96752.84497444349,7176820.126620132],[96750.63178648497,7176822.148752484],[96748.94792284386,7176824.194833513],[96747.26415939257,7176826.240917428],[96744.5452569353,7176827.70985695],[96742.3559877603,7176829.202532487],[96740.16661405313,7176830.695315596],[96737.97713915602,7176832.1880953815],[96735.28225986648,7176833.127469645],[96732.61119774799,7176833.537495497],[96729.91631431121,7176834.47697968],[96727.24535227712,7176834.887007555],[96724.59811059735,7176834.767573031],[96721.90322944429,7176835.706944797],[96719.23216264741,7176836.117079012],[96716.53728069615,7176837.056449791],[96713.84239494882,7176837.995930985],[96711.14740806678,7176838.935408644],[96708.95803202718,7176840.428076414],[96706.26314487075,7176841.367556237],[96704.07376447105,7176842.860334236],[96701.86046075774,7176844.882567836],[96699.67108259263,7176846.375234341],[96697.48170057707,7176847.868011456],[96694.81073391455,7176848.278033352],[96691.56249372289,7176849.723012481],[96688.89152298606,7176850.133144184],[96686.1965346192,7176851.072506467],[96682.99603554403,7176851.458679669],[96680.34889021312,7176851.339239832],[96677.65389739972,7176852.278711416],[96674.45349814749,7176852.664885685],[96671.80635237705,7176852.545444184],[96669.15910589125,7176852.425999111],[96666.46421240119,7176853.36547162],[96663.8171669821,7176853.246031586],[96661.12217545637,7176854.185389145]]],"bbox":[96633.16300218104,7176661.552170139,96779.8817944228,7176877.348663794]},"properties":{"objectid":9,"Shape__Area":0.000001881737355401649,"Shape__Length":0.005848030368623818},"bbox":[96633.16300218104,7176661.552170139,96779.8817944228,7176877.348663794]},{"type":"Feature","geometry":{"type":"Polygon","coordinates":[[[97108.82261266641,7188774.524635763],[97104.19765226333,7188775.164610339],[97098.59474366717,7188775.808906216],[97093.86110402079,7188775.649818115],[97090.13748724654,7188774.544149775],[97084.59571282152,7188772.388370134],[97080.00467145251,7188770.264748855],[97074.47523669334,7188768.107891306],[97068.9498949679,7188765.952485964],[97064.30718512798,7188764.805716852],[97059.87265330524,7188764.062476931],[97056.84548216779,7188763.555128459],[97052.20808429265,7188762.409513181],[97047.57298798097,7188761.264520209],[97042.87548823806,7188761.090955868],[97036.36608877068,7188759.87733946],[97028.01606074226,7188757.650114285],[97026.18923944293,7188756.623379724],[97019.76455045235,7188753.516088352],[97018.95330528199,7188751.54949449],[97013.34433873405,7188750.410925766],[97008.81990595517,7188747.364593335],[97001.53178472962,7188743.268095134],[96997.08489894099,7188739.2602167325],[96991.62725311855,7188736.193113992],[96990.82384524628,7188734.23441194],[96985.51368063211,7188729.242330287],[96981.95309275691,7188726.238538289],[96976.65284602577,7188721.255629893],[96974.11342494603,7188717.32413639],[96971.72164937464,7188711.475663513],[96968.32337799988,7188706.56365321],[96966.98461783957,7188699.784883402],[96964.39686403447,7188696.823130574],[96961.44200223021,7188691.560201319],[96961.1062274538,7188690.962133686],[96959.54117566376,7188687.07861135],[96958.05629346473,7188682.243616428],[96958.37050108431,7188678.424656771],[96956.73070235079,7188675.506977299],[96956.10817779409,7188671.66681226],[96956.50143298128,7188666.906892225],[96956.81589130964,7188663.103147866],[96957.2084209384,7188658.353973673],[96957.67882469593,7188652.6625829255],[96957.83539926785,7188650.767406989],[96958.38314545056,7188644.141443158],[96958.85180576897,7188638.471202305],[96959.1638040478,7188634.6956907455],[96960.43029098376,7188630.026227184],[96960.59790264443,7188624.463293872],[96960.95379542268,7188617.928929726],[96962.16492198338,7188613.286001813],[96963.2738684027,7188610.510242183],[96965.64177449222,7188602.168973394],[96968.72380094958,7188597.58969255],[96971.8120456821,7188592.0932427365],[96975.77889404999,7188587.557364944],[96977.83517959656,7188583.897095479],[96981.79825653543,7188579.365765772],[96984.78127916623,7188575.736835212],[96988.69126941299,7188573.056605179],[96991.73360377701,7188569.420571473],[96994.71687372687,7188566.714996024],[96997.81115968729,7188562.156836967],[96998.97334899416,7188558.476196295],[97000.09172101488,7188554.80378836],[97002.08193278732,7188550.248824444],[97002.17623908957,7188546.561918892],[97004.16656018078,7188542.00662518],[97007.09312456654,7188537.4784034295],[97009.94846747775,7188535.7157618515],[97013.81065808283,7188531.214925531],[97018.66039222036,7188528.578961242],[97023.58042671316,7188525.021088323],[97025.52356125903,7188524.151890405],[97032.26053052122,7188522.494187721],[97036.06215541565,7188522.600060245],[97042.72019444458,7188520.947645727],[97047.42260461132,7188520.1640546005],[97051.26713459432,7188517.513263166],[97054.13996413688,7188515.755689344],[97061.70928482624,7188513.216673148],[97066.58852720697,7188508.758082274],[97071.48913931631,7188505.221592026],[97076.29003292078,7188503.524367452],[97079.11230713327,7188503.607752115],[97082.92038544128,7188502.801669115],[97091.4681736757,7188501.218870638],[97097.19041190925,7188499.554253563],[97101.07739528135,7188496.9199308865],[97106.83419919171,7188494.344320994],[97110.73998534825,7188490.799977446],[97112.9090157231,7188485.378745496],[97114.21394303831,7188479.943045219],[97114.46542105719,7188475.389235737],[97114.817283054,7188469.020823001],[97114.96780361224,7188466.294032213],[97115.2186073768,7188461.752635157],[97115.46928494447,7188457.215452537],[97115.7696961129,7188451.776171824],[97116.06982718362,7188446.342877026],[97115.3198020003,7188442.687722888],[97113.82081299002,7188435.382441305],[97113.9210556972,7188433.575937202],[97113.42326721083,7188425.415838309],[97112.82556476502,7188419.068136523],[97112.17831198266,7188413.6265344005],[97112.27874892944,7188411.827029435],[97111.77783045219,7188404.612607367],[97111.98068000411,7188401.940223862],[97111.57276192127,7188394.782649361],[97111.10422575468,7188388.530287765],[97111.17094357806,7188387.64368454],[97110.77014914015,7188380.52106814],[97110.23668482114,7188375.179784452],[97110.63676620205,7188369.887909753],[97111.16874283977,7188362.847314734],[97111.6995897534,7188355.82422479],[97113.83543403819,7188352.411320383],[97117.89008631668,7188349.131419668],[97120.85846109764,7188347.549539018],[97124.83011891576,7188345.1540868655],[97126.11564855004,7188339.958133781],[97126.4531385554,7188334.711893827],[97125.745978033,7188331.168030947],[97124.25464151544,7188326.770669108],[97122.69161743997,7188323.237337923],[97120.27472873026,7188318.800019531],[97118.6399536631,7188316.129495578],[97117.08205813891,7188312.606862551],[97113.65955522348,7188308.976937164],[97110.14231231721,7188306.186040277],[97107.64103564224,7188302.602600176],[97103.10724945035,7188300.603448672],[97101.46727054927,7188297.931766599],[97097.09101292538,7188294.23061701],[97093.73540636594,7188289.742171316],[97092.18009659508,7188286.2278256845],[97090.70763986983,7188281.87076341],[97091.19484692928,7188276.801735748],[97090.58179955173,7188273.365479907],[97090.66282798472,7188272.523041913],[97090.45644346008,7188264.891181469],[97089.84544434276,7188261.470749684],[97090.41241726716,7188255.611529959],[97089.76096698956,7188251.256213217],[97090.11310427834,7188243.399325688],[97090.34759061516,7188238.164870683],[97091.59423864755,7188231.262145449],[97091.7892786297,7188226.906119991],[97094.02756697178,7188221.973177472],[97095.21017956577,7188218.669680541],[97096.39103986055,7188215.370793307],[97097.51327375224,7188212.924007137],[97100.64554464736,7188208.982841441],[97103.60128508514,7188207.586081298],[97107.55203330994,7188205.446326047],[97112.32455217402,7188205.095757913],[97115.25875655713,7188203.707452413],[97120.01601619308,7188202.459606424],[97123.9366346628,7188201.7654634975],[97125.13985110034,7188201.552436034],[97136.14893940475,7188209.680524077],[97147.56032362487,7188218.1895331275],[97151.10492803226,7188220.15780086],[97154.59707352426,7188222.964366344],[97158.9966267919,7188225.840756744],[97163.40829621733,7188228.736934618],[97167.92400586727,7188229.969030561],[97170.66234374145,7188230.209405083],[97176.1292654333,7188230.689194004],[97178.85784591403,7188230.928719324],[97183.39854181575,7188231.327237934],[97188.83312323334,7188230.894027385],[97193.31961364899,7188230.3283854285],[97197.75115740276,7188230.589865472],[97204.04536233773,7188229.303690877],[97207.67763336579,7188227.8626914825],[97213.85824359744,7188228.229760315],[97217.38638559316,7188228.439181678],[97222.76502894814,7188227.106132619],[97227.16508929676,7188227.368102619],[97232.47424621577,7188226.83920318],[97236.02336405037,7188226.2107099015],[97240.40283612412,7188226.45629575],[97243.90393495181,7188226.652689109],[97249.15120323526,7188226.94703514],[97254.3532243321,7188228.064685655],[97257.82074902375,7188228.196795824],[97263.79162080126,7188230.02649655],[97269.72755653347,7188232.682140938],[97273.03575617459,7188236.088140756],[97277.24982516334,7188238.696511743],[97280.60130251705,7188241.281030857],[97283.16208471899,7188242.186203405],[97287.38377646747,7188244.799461247],[97289.9112403189,7188246.53384636],[97295.00484695961,7188249.176336604],[97300.1364700041,7188250.991083492],[97304.40362586273,7188252.780591296],[97307.87210017856,7188252.8845205065],[97312.1422502962,7188254.675114375],[97316.41469566425,7188256.466552517],[97321.55691108818,7188258.284715882],[97325.79383187403,7188260.85456867],[97328.35974249145,7188261.709932607],[97331.73688255384,7188264.266454857],[97336.04045092652,7188265.13036634],[97336.90729730704,7188265.133471219],[97342.05664958764,7188266.851601435],[97346.37153541803,7188267.718179594],[97349.79446234636,7188269.43331288],[97353.22086691856,7188271.150214426],[97358.36693181633,7188273.728866488],[97363.52105063602,7188276.311420744],[97366.08800252224,7188278.030987201],[97370.40546095558,7188279.761147206],[97373.82752399286,7188282.34353494],[97377.20285999711,7188286.640558577],[97378.90489796025,7188288.363294119],[97382.26236284827,7188293.526290853],[97384.82117799937,7188296.116892534],[97388.21206873347,7188300.433582158],[97389.8232859968,7188305.602207954],[97391.46100754174,7188309.91643971],[97393.96515154495,7188315.049317624],[97396.4502408572,7188321.054017318],[97397.26359832461,7188323.633954631],[97398.86827808374,7188329.664119136],[97399.68366093712,7188332.250555107],[97400.47568035714,7188335.704466226],[97402.13488551148,7188340.015564697],[97402.87129814137,7188346.019385301],[97404.54400503164,7188350.310795509],[97405.2646207845,7188357.192196965],[97406.9479926069,7188361.487922125],[97406.82947724772,7188366.639584397],[97406.7106631826,7188371.801228201],[97405.73738089006,7188375.2400003],[97403.84864570963,7188379.537174808],[97401.1053269424,7188382.1018163],[97398.34024154389,7188385.5310943015],[97394.7027985417,7188388.0871558245],[97389.25886251859,7188391.487691928],[97385.6526786795,7188393.141545958],[97382.91248182679,7188395.67919287],[97380.14646126592,7188399.085573111],[97374.73179251212,7188401.566078391],[97370.17981636449,7188404.9359389525],[97365.70424430008,7188405.7014519265],[97359.34146054223,7188409.901333069],[97355.72744525864,7188411.5570549825],[97350.24529919925,7188415.771104524],[97346.59473439353,7188418.283137473],[97343.83108313096,7188420.81885468],[97341.06483196473,7188423.357157728],[97334.66636187868,7188427.549189293],[97331.92809219297,7188429.227479923],[97327.35048169986,7188432.630861986],[97323.65978055913,7188436.054709758],[97319.11336773686,7188438.584965264],[97316.2899028078,7188442.009263245],[97314.42482826201,7188443.704499345],[97313.30991649785,7188448.947642274],[97313.12766740553,7188453.350774853],[97312.98161152127,7188456.879156524],[97312.76223382325,7188462.18154422],[97309.01053676137,7188465.607669489],[97306.19227753632,7188468.181374499],[97302.39010015648,7188472.50790771],[97296.84166025545,7188475.910390746],[97293.12675939681,7188478.478430706],[97288.50702469586,7188481.021467945],[97285.72576105199,7188482.727103088],[97282.90405960823,7188485.327897765],[97276.41869258072,7188488.715843735],[97272.63772063202,7188491.2873388175],[97266.07691323815,7188494.6784595195],[97261.31167017872,7188498.132371975],[97256.60771603696,7188500.695299929],[97251.01275824296,7188503.236078871],[97246.29847419361,7188505.807019736],[97241.56231719046,7188507.478822642],[97236.75047297281,7188510.0608239835],[97232.91761289787,7188511.768461888],[97228.14889526839,7188513.453049712],[97226.29271802312,7188513.400090454],[97219.71980592009,7188514.12491291],[97213.2045263598,7188513.9395462405],[97207.61199805752,7188513.780386453],[97202.03211170784,7188513.62004911],[97195.65291782725,7188513.426874571],[97192.9194789544,7188513.344178869],[97186.48654232553,7188514.062523867],[97180.90652890736,7188515.720228726],[97177.07463916304,7188518.347454276],[97173.06401757541,7188521.900550906],[97168.92153478676,7188527.295723152],[97167.60812999302,7188532.779458931],[97167.30146456312,7188537.378345712],[97166.2301157128,7188539.197371254],[97163.8362716235,7188546.534160892],[97160.88325749559,7188550.1363810375],[97159.74950325757,7188554.713920392],[97156.75815065607,7188559.2418905385],[97155.5895176708,7188562.923676658],[97154.51511806721,7188564.760260293],[97153.29377774819,7188568.464221928],[97150.91840453935,7188574.9555883],[97148.75812241313,7188578.651722322],[97145.66014782654,7188582.328632306],[97141.62164851296,7188585.986565843],[97137.65233841416,7188588.708905007],[97130.92989389849,7188592.25064772],[97124.3752909776,7188595.731147847],[97121.4495915267,7188599.356826525],[97116.7105748101,7188602.908948971],[97114.63769233838,7188607.507846834],[97111.76255362085,7188610.200258312],[97108.88730634662,7188612.892888113],[97104.99107752292,7188617.422922955],[97101.9625925619,7188621.095803699],[97100.80703491293,7188624.821938357],[97100.53413619148,7188629.5150842015],[97100.286060619,7188634.201092675],[97102.9093825639,7188637.110489178],[97105.47801983333,7188640.050881604],[97108.98996102402,7188641.19150132],[97113.52286449302,7188641.4038522765],[97117.1622891436,7188641.568663148],[97120.9522450359,7188639.823798031],[97125.65332688642,7188638.119783636],[97130.4125114166,7188635.469851444],[97133.19968720683,7188634.64891286],[97136.95117636037,7188632.925425179],[97141.66738739942,7188630.299178014],[97145.42194018775,7188628.574337097],[97150.14152953192,7188625.9463016335],[97155.77837508958,7188623.356412137],[97156.79079432215,7188621.511642918],[97162.4811834161,7188619.807073928],[97167.39647441835,7188617.0697855465],[97173.17380403436,7188615.314535342],[97177.06873211614,7188612.597171996],[97183.66430326825,7188610.020907982],[97188.3672010274,7188608.316152113],[97192.22058878385,7188605.621739592],[97196.00898092019,7188603.877808802],[97199.73473904049,7188603.0829873625],[97202.6077099581,7188601.300188377],[97207.31367093063,7188599.593964506],[97213.01790303062,7188597.877802983],[97219.67230227438,7188596.178456606],[97224.39226755989,7188595.3745694915],[97230.10832425341,7188593.647322142],[97235.8192943036,7188591.921474276],[97240.59628005145,7188590.16708266],[97246.22695286642,7188589.400912091],[97251.83867166546,7188588.647936061],[97257.39183210005,7188588.846187906],[97263.8756071332,7188589.077649762],[97268.51302806509,7188589.241021274],[97273.16198716837,7188589.396300453],[97278.7432362194,7188589.582730385],[97281.48022535496,7188590.631262609],[97286.08246735064,7188591.743228169],[97290.7409893201,7188591.899120669],[97297.21633759723,7188593.0749725755],[97301.78433117602,7188595.148326021],[97305.33108569565,7188599.115920849],[97307.95138599095,7188603.062973622],[97309.68710980198,7188606.022547785],[97311.33556094154,7188610.925659151],[97311.15368024347,7188614.808407294],[97310.57235793839,7188617.211581947],[97309.98403153138,7188619.643186238],[97306.0286371194,7188623.417100721],[97303.10473325528,7188625.27443311],[97297.40072951064,7188626.050753842],[97289.77379970509,7188627.715562292],[97283.13882724941,7188628.440007654],[97278.43936366949,7188628.259909734],[97274.62665883248,7188629.092110166],[97270.81364773517,7188629.924411437],[97264.18393477506,7188630.6482284],[97258.49412986671,7188631.408197038],[97254.55898763059,7188634.195864717],[97247.73948726791,7188637.857195138],[97242.81719057553,7188641.565935017],[97237.89143588574,7188646.187703675],[97235.92003171588,7188648.037487809],[97230.98886963446,7188652.664531944],[97227.97386398044,7188656.413768225],[97223.14614940394,7188659.102973331],[97220.182556385,7188661.883558089],[97215.29659482295,7188665.547089855],[97211.39805180317,7188668.284004923],[97206.6260139416,7188670.00013141],[97202.72664821969,7188672.737463826],[97197.95624614297,7188674.452748659],[97193.99503252277,7188678.166742313],[97190.96090380003,7188681.930940575],[97186.74497855338,7188689.567240488],[97183.51394840627,7188696.287173777],[97179.34525067726,7188702.969904387],[97176.10072035115,7188709.716073729],[97172.84455396776,7188717.399005697],[97170.78608646581,7188721.17734354],[97166.79421189561,7188726.76186185],[97162.80201868544,7188732.346813951],[97158.86069645511,7188736.957770093],[97154.97158914089,7188740.593660414],[97151.03193411126,7188745.202666905],[97147.09300181991,7188749.811028288],[97144.17876874225,7188752.535247052],[97141.21232612361,7188756.234197689],[97136.33328108134,7188760.7991739],[97133.40547508275,7188763.538636098],[97128.5838218879,7188767.124037946],[97125.71506239922,7188768.882644056],[97121.87232858164,7188771.552833766],[97118.1480496815,7188772.2628777195],[97116.31646988017,7188772.128279975],[97108.82261266641,7188774.524635763]]],"bbox":[96956.10817779409,7188201.552436034,97406.9479926069,7188775.808906216]},"properties":{"objectid":10,"Shape__Area":0.000010787359822058273,"Shape__Length":0.020139424752713835},"bbox":[96956.10817779409,7188201.552436034,97406.9479926069,7188775.808906216]},{"type":"Feature","geometry":{"type":"Polygon","coordinates":[[[103367.4548815554,7190616.538722428],[103365.00244244566,7190616.4725149805],[103361.2994806646,7190616.98191696],[103358.77674389642,7190618.74220491],[103355.6153794754,7190621.096477592],[103353.1119492852,7190622.249845812],[103349.4003373512,7190622.761764732],[103348.17026630201,7190622.729267426],[103343.74555369961,7190624.482862905],[103343.09877829498,7190625.0829341225],[103340.53357285983,7190626.874045213],[103336.64462055499,7190630.482218562],[103333.42168990767,7190632.882067483],[103331.47951723472,7190635.278392153],[103327.69152549125,7190637.620952363],[103325.79665451893,7190638.792816831],[103322.66059820901,7190639.93618286],[103320.1608236205,7190640.486494251],[103315.81366398849,7190640.386271501],[103312.7061777201,7190640.314502005],[103310.21897672652,7190640.257138953],[103306.50259961066,7190639.562254408],[103304.06302861619,7190637.677724337],[103301.63882923045,7190635.183050554],[103299.81960364722,7190633.3109308705],[103298.62309529347,7190631.452846342],[103296.83585838048,7190628.359255446],[103296.90305805218,7190625.919850098],[103296.98705296847,7190622.869899534],[103297.07116837671,7190619.819286523],[103297.15519945731,7190616.768116036],[103297.27294153383,7190612.495192671],[103297.30653204769,7190611.274102239],[103297.44112525258,7190606.388748327],[103298.16650428693,7190602.7403454445],[103298.23393934529,7190600.296396097],[103298.33510839299,7190596.629917569],[103298.38565729576,7190594.796177762],[103298.51760398276,7190591.118952157],[103297.98384707689,7190588.649392074],[103296.86632869008,7190584.937315976],[103297.01663092151,7190581.256746704],[103296.50790200173,7190578.17455302],[103296.60816307808,7190575.722247865],[103294.147557989,7190573.816114912],[103290.36470800743,7190573.101502805],[103289.09413259401,7190573.067693837],[103284.70914989244,7190571.107690703],[103282.16178395145,7190571.03877824],[103280.88699244236,7190571.00428913],[103276.47562897374,7190570.875850163],[103274.59176516364,7190570.819623113],[103271.41796723224,7190571.953648629],[103267.0171588476,7190571.822964987],[103263.85519332986,7190572.343744099],[103261.33724757546,7190572.269035608],[103258.17204037384,7190572.790272824],[103254.39037842437,7190572.678290431],[103251.86779018876,7190572.603665253],[103249.35972496215,7190571.913543152],[103246.2346340398,7190570.589074377],[103243.73930815543,7190569.282403056],[103241.87464106822,7190567.993999923],[103238.74418497295,7190566.666817953],[103235.62709291809,7190564.722439475],[103233.14097854355,7190562.795783726],[103230.65328517929,7190560.867970843],[103228.81354133424,7190558.3414578885],[103226.35387176572,7190555.176404751],[103224.51170510729,7190552.646600539],[103223.95374642551,7190549.537974577],[103223.38021341391,7190547.046257122],[103222.82180720178,7190543.93573085],[103222.88314497098,7190541.463073299],[103222.30927510443,7190538.969125792],[103222.38576259784,7190535.876883144],[103222.4470489893,7190533.402559077],[103223.1745046255,7190529.711817373],[103224.50662149832,7190527.279641509],[103226.48925009742,7190524.25072895],[103227.83657356328,7190521.200412525],[103229.18379575666,7190518.150093069],[103230.54655346251,7190514.480754897],[103230.62536393135,7190512.007280873],[103231.34676276805,7190509.557867266],[103232.74841704761,7190505.896558244],[103232.84986599034,7190502.806051055],[103233.59106481756,7190499.740075523],[103233.69250397582,7190496.649901044],[103233.81409195857,7190492.9416209655],[103233.87493475538,7190491.087537857],[103234.01686998282,7190486.761269011],[103234.09796244488,7190484.289083265],[103233.53935183026,7190481.790813166],[103233.66094377491,7190478.082422138],[103233.14275846444,7190474.347056497],[103232.60413217137,7190471.229454787],[103232.0655258894,7190468.111187601],[103231.52673479513,7190464.992359898],[103230.96749921615,7190462.4914070405],[103230.4083810536,7190459.989902586],[103229.20842386805,7190457.459837878],[103228.6488319842,7190454.957320299],[103227.48895385512,7190451.188262574],[103226.86818959092,7190450.5407063905],[103225.74819919083,7190445.532316961],[103225.84965584351,7190442.438257661],[103225.28953958629,7190439.933060277],[103224.74970667117,7190436.808651129],[103224.85118350567,7190433.713926377],[103224.93238388246,7190431.238191524],[103225.68129035772,7190428.177660665],[103226.41645012243,7190425.740419239],[103227.15128448175,7190423.3039451875],[103227.88589747978,7190420.868130584],[103274.37174667919,7190298.851110585],[103276.93977128796,7190295.885860829],[103279.42736327014,7190295.367064038],[103281.23800776433,7190296.659646466],[103282.43167099048,7190297.928924311],[103284.18206159852,7190301.055737694],[103285.3354227303,7190303.5477952035],[103287.7423161504,7190305.474331951],[103289.61300179479,7190308.1474939585],[103291.47310317465,7190311.446257906],[103292.69813541166,7190314.049205814],[103293.24990898487,7190317.179291181],[103294.49316763325,7190319.167739606],[103295.71508850332,7190321.763380395],[103295.63484127237,7190324.200292917],[103296.85556415305,7190326.79212423],[103296.71532026742,7190331.054617675],[103297.2650695332,7190334.174764061],[103297.20494903199,7190336.0011183405],[103297.12485558656,7190338.436259356],[103297.00461475435,7190342.08896791],[103296.96456482814,7190343.306649318],[103296.78363912902,7190347.512222089],[103296.67666213936,7190349.91160599],[103295.86588421062,7190353.442718016],[103295.76842908951,7190355.857811403],[103295.00428579265,7190358.819994156],[103294.23957299325,7190361.784380052],[103294.09879412904,7190365.418723266],[103294.02834126307,7190367.236336986],[103293.88731522893,7190370.872226853],[103293.12181091652,7190373.842916289],[103291.73048843094,7190376.149364702],[103290.33767946257,7190378.458322141],[103289.56965037179,7190381.435929911],[103288.15079438285,7190384.357823769],[103286.73002256366,7190387.28310197],[103285.33643526508,7190389.60813085],[103285.19498521456,7190393.2617679965],[103285.10073388502,7190395.698156509],[103283.70363136986,7190399.291338287],[103283.58560950612,7190402.338732526],[103282.81576979859,7190405.965843795],[103282.6974940832,7190409.015006514],[103282.55566266301,7190412.674737277],[103282.41369460872,7190416.335684974],[103282.3367413836,7190418.161653859],[103281.55942110042,7190421.78932151],[103281.42782441521,7190425.461119858],[103281.31819408841,7190428.521526281],[103281.23044565076,7190430.969983308],[103281.77567090193,7190433.4503181735],[103283.54220961139,7190437.217060578],[103285.35191796551,7190440.385356775],[103286.5484838339,7190442.907545284],[103287.76615488349,7190444.816762382],[103289.55876634788,7190448.595594144],[103291.41532905324,7190450.537861578],[103293.37895003508,7190449.424752686],[103296.02317701705,7190447.12861592],[103297.36561670422,7190445.371715646],[103299.36658276385,7190443.043620011],[103300.7282130805,7190440.680462757],[103302.08276424231,7190438.940347025],[103303.55105309363,7190435.416194607],[103304.92842894775,7190433.702392273],[103306.3332415655,7190431.390013126],[103307.76524345728,7190428.480603844],[103308.49513155955,7190426.727725769],[103309.22416752804,7190424.976376509],[103310.68048926635,7190421.478288229],[103312.08617186983,7190418.565216614],[103313.41170025844,7190417.456818422],[103316.67427873256,7190415.896624649],[103319.95157258475,7190413.738255352],[103321.90511040523,7190412.686338676],[103324.51267216419,7190411.085847329],[103327.77074267791,7190408.939674285],[103329.75743878982,7190406.694957918],[103331.76331616542,7190403.854529203],[103333.1136086937,7190401.56429399],[103333.83280493767,7190399.223035915],[103335.21763762506,7190396.360073887],[103335.92320026114,7190394.635004045],[103337.35695480905,7190390.595358727],[103338.73940050328,7190387.748309789],[103340.14424108516,7190384.312858269],[103341.52259145997,7190381.474679229],[103342.87480640749,7190379.232007152],[103343.62258192035,7190376.338824952],[103345.66966730432,7190372.394964866],[103345.76568256074,7190370.035217819],[103347.20738718408,7190365.448811725],[103347.2312161015,7190364.859674538],[103347.3985709119,7190360.737506488],[103347.54194052791,7190357.206357955],[103347.66125356662,7190354.265227867],[103347.85219570616,7190349.562129273],[103347.99528172356,7190346.037188204],[103348.07844983158,7190343.661633637],[103348.17637398152,7190340.679691711],[103348.29390912014,7190337.101162367],[103347.74037049862,7190333.982573196],[103345.3324675801,7190330.684203297],[103343.50480753207,7190329.287679881],[103341.02280541335,7190329.042326034],[103337.88184032222,7190328.6649866495],[103334.0426419354,7190330.010490149],[103331.45702685165,7190331.510287466],[103327.63774132746,7190331.660712873],[103326.38847114623,7190330.908713036],[103324.58131517906,7190327.671344867],[103324.04433001747,7190324.583322229],[103322.85064400389,7190322.0184869375],[103322.31286721816,7190318.926555857],[103321.13721668028,7190315.75365348],[103321.15711941652,7190315.1506366525],[103320.0398071374,7190310.163870265],[103319.48080067505,7190307.668700678],[103318.9611782339,7190303.964709977],[103318.40547048423,7190300.831069512],[103318.43805531779,7190298.320714422],[103317.8514293509,7190295.120562514],[103317.25584522309,7190292.545616657],[103316.66772277851,7190289.338094614],[103316.05501446227,7190288.017469192],[103297.89768882684,7190206.870713054],[103298.02358105022,7190203.8404223025],[103298.1496421842,7190200.811246496],[103298.95994777844,7190197.220848495],[103299.72131112515,7190194.84520586],[103301.15148777334,7190191.904888881],[103301.89937005483,7190189.528071594],[103303.97417435446,7190186.018925825],[103305.35536389664,7190183.6827657595],[103306.70854441432,7190181.95082649],[103308.74889001535,7190179.055922721],[103310.78597677225,7190176.165473541],[103312.13348528964,7190174.441136473],[103312.87211390887,7190172.08047366],[103314.26938812342,7190169.161274064],[103314.32157032314,7190167.96315301],[103315.71708767838,7190165.048785433],[103317.08498362836,7190162.7357641235],[103318.47718310624,7190159.827847408],[103320.47224299639,7190157.561961368],[103322.43872289202,7190155.895728203],[103324.4279519114,7190153.635996634],[103325.77653857332,7190151.327844193],[103328.33135987335,7190149.681072153],[103331.52575584716,7190147.4759768825],[103332.83134682477,7190145.756951088],[103334.75685059436,7190144.077853351],[103337.30022855743,7190142.439400291],[103341.05711912998,7190141.478857487],[103342.95375605929,7190140.402289281],[103346.74179800169,7190138.25210583],[103349.2493904577,7190137.218197232],[103351.13823655644,7190136.145838192],[103354.91069684888,7190134.004073091],[103356.77374044218,7190133.529561269],[103359.9022565133,7190131.947210869],[103363.0165986304,7190130.978812276],[103366.16408221878,7190130.076767886],[103369.30312275834,7190129.177137768],[103371.79597243882,7190128.813991761],[103374.240531591,7190129.000745026],[103377.87830221164,7190129.237116361],[103381.50993229216,7190129.473083617],[103384.5316264992,7190129.669418195],[103387.54899079411,7190129.865513399],[103390.5492332158,7190130.666149441],[103392.95647001703,7190130.822273316],[103395.94829050906,7190131.621216753],[103398.32167176163,7190132.983548112],[103400.70532890735,7190133.740913635],[103402.47327752819,7190135.061415044],[103404.85125334305,7190135.81650325],[103407.80829819501,7190137.209918832],[103410.14901142445,7190139.163677039],[103411.90568293358,7190140.476740576],[103414.83388240222,7190142.461918304],[103417.1627665495,7190144.406446372],[103419.47170787718,7190146.94522034],[103421.16828145983,7190150.03990363],[103422.89422158262,7190151.936903819],[103423.99442929652,7190154.986695996],[103426.27257664129,7190158.101302104],[103427.95696052222,7190161.175090076],[103429.65516134386,7190163.650343828],[103431.91650639335,7190166.7226070855],[103434.17113387375,7190169.773027239],[103435.28877308517,7190171.592150098],[103437.53894661186,7190174.6363332365],[103439.82189904823,7190176.4970305925],[103441.51926920435,7190178.333579431],[103443.7983842623,7190180.191054849],[103446.63998609176,7190182.657618083],[103448.33196594444,7190184.4889009725],[103450.00384656119,7190186.906100379],[103451.69290565647,7190188.733855644],[103453.38069443015,7190190.560241198],[103454.48560471908,7190192.3631138075],[103456.7129094277,7190195.379312813],[103458.97556236119,7190197.230860591],[103460.65486107749,7190199.064764371],[103462.33210291836,7190200.896609264],[103464.58640001965,7190202.747687457],[103466.83764246322,7190204.596344173],[103469.06410281465,7190207.0290030725],[103470.75366818486,7190208.265043872],[103473.01915424131,7190209.521172117],[103476.34392791346,7190213.156232313],[103478.55588588823,7190215.574586902],[103480.23619312095,7190216.803138427],[103482.44227611605,7190219.215547096],[103484.09434768435,7190221.02211591],[103485.1702749668,7190222.805926858],[103486.74469248008,7190226.346756832],[103487.84199575201,7190227.54579847],[103490.03407109185,7190229.940809828],[103491.02739723609,7190233.445416082],[103492.66676116962,7190235.234959131],[103494.27823176899,7190237.597756982],[103495.34251784952,7190239.362575923],[103496.9497418839,7190241.7189212525],[103498.52685656497,7190244.645015098],[103500.10039056948,7190247.566008203],[103500.56175262999,7190249.870923796],[103501.59006558027,7190252.192331176],[103501.48243758641,7190254.471259953],[103502.48159206647,7190257.354119192],[103503.50609814818,7190259.664425306],[103504.52899612929,7190261.971131967],[103505.55028274568,7190264.274350071],[103506.06041282933,7190265.424556477],[103507.61615721264,7190268.305952527],[103509.22477334365,7190270.054183049],[103510.23977022892,7190272.345005442],[103510.71866930148,7190274.051718548],[103511.70960627648,7190276.898704136],[103511.6285864134,7190278.583028358],[103512.0826618137,7190280.844439266],[103512.5090229736,7190283.6627937835],[103512.400702346,7190285.900299921],[103513.0595946674,7190287.789803233],[103512.81556971773,7190288.930653077],[103512.11745741189,7190291.75537421],[103511.45102505083,7190294.004954068],[103510.73226835224,7190297.38627228],[103509.45582504495,7190300.741271697],[103508.76571500365,7190303.547692193],[103507.51847046154,7190306.3295860775],[103507.44011799834,7190308.022646722],[103505.63708768354,7190310.778721719],[103505.5596393256,7190312.468479119],[103503.70785815927,7190316.344521058],[103503.63123930496,7190318.030085038],[103502.97248409357,7190320.255249767],[103502.33969545021,7190321.917758435],[103501.07542840665,7190325.23937346],[103500.36857078841,7190328.576199572],[103498.5518265047,7190331.8692071475],[103498.42794210132,7190334.6585764615],[103498.32895142853,7190336.887478024],[103498.20536733483,7190339.670085359],[103498.08188464202,7190342.44925477],[103497.95861721062,7190345.224545613],[103496.75268482277,7190347.405497605],[103496.67938537785,7190349.067406099],[103496.03463125939,7190352.37087691],[103495.44393152819,7190354.015201803],[103494.8401649532,7190356.215681219],[103493.66172483843,7190359.513408986],[103493.04998689005,7190362.2785179205],[103492.450102442,7190364.490988461],[103491.84942091774,7190366.706543427],[103490.68481645256,7190369.469894716],[103490.08169523638,7190371.69292555],[103488.91316154622,7190374.466372697],[103488.30780218239,7190376.696885347],[103488.2404740103,7190379.504238617],[103487.08082452882,7190381.729954671],[103485.91903502081,7190383.959825484],[103484.75500471093,7190386.193848083],[103483.03307561489,7190388.422301548],[103481.87820104015,7190390.0993881645],[103480.70694438874,7190392.345851238],[103477.85788620653,7190394.57115663],[103476.70976499206,7190395.690681292],[103474.9389547701,7190399.081054442],[103472.64735911886,7190400.762146568],[103469.78667407267,7190402.440890853],[103468.04673321167,7190404.13746858],[103465.188043584,7190405.252405224],[103462.87174010329,7190406.950416187],[103460.549453841,7190408.652912341],[103458.79080999119,7190410.3645883985],[103455.90456210042,7190411.493917568],[103454.69053618854,7190413.795060987],[103452.3283897342,7190416.093434861],[103449.95938873023,7190418.398488181],[103449.32889582583,7190420.136763686],[103447.52717103856,7190422.454323321],[103445.12424464099,7190425.362644691],[103443.33125152707,7190427.117150562],[103442.09389686608,7190429.463669427],[103440.85386228719,7190431.815548085],[103440.15223099699,7190435.350879893],[103439.90969075094,7190442.4416679125],[103440.41200584231,7190444.804734392],[103442.04020495951,7190448.342267776],[103443.12591961393,7190450.701333478],[103444.81315219105,7190452.469202334],[103444.71629850165,7190455.422535406],[103445.24028442835,7190457.194292268],[103445.12429970305,7190460.745225206],[103443.90051001788,7190462.528944673],[103442.71404792118,7190463.128647409],[103439.16764408554,7190464.336855734],[103436.82481776754,7190464.351142563],[103433.89114121097,7190464.368987635],[103430.95151235414,7190464.386878581],[103428.07078722928,7190462.615565345],[103426.36684464209,7190460.836323891],[103423.41420723958,7190460.850721616],[103421.04443345475,7190460.87586583],[103418.61755505973,7190462.122848505],[103417.99828635767,7190462.734499397],[103422.30305057316,7190477.680660005],[103427.4741465415,7190495.417743996],[103427.17095726862,7190502.167425768],[103426.0915877833,7190508.484310905],[103421.45673747384,7190514.243612643],[103414.78324631468,7190521.105059423],[103411.39297503477,7190525.726813621],[103408.39977089566,7190530.366490204],[103400.10877036222,7190534.801570663],[103398.1490468611,7190537.96159967],[103397.48610839283,7190539.222961553],[103396.13285616506,7190542.369681675],[103395.41665342788,7190544.876527181],[103394.04039103811,7190548.62916878],[103393.3449020799,7190551.059481915],[103392.62746960187,7190554.097191008],[103391.32062159159,7190556.538892666],[103388.4956098398,7190567.272169547],[103388.97765435796,7190570.894015366],[103388.87039076874,7190573.899100378],[103389.97333654342,7190576.943086866],[103389.87135646422,7190579.358488202],[103390.38039652637,7190581.791128183],[103390.86438597098,7190584.83051746],[103390.73729268357,7190587.858216124],[103391.2218246159,7190590.903171172],[103391.7069838472,7190593.950808579],[103392.1923705411,7190597.001005568],[103392.65298900864,7190600.662067041],[103393.13931166643,7190603.71817434],[103393.03830439068,7190606.155359679],[103392.91197900556,7190609.204947317],[103392.81072392245,7190611.647120213],[103392.65881627484,7190615.314652212],[103392.53208297933,7190618.374661541],[103392.43058284273,7190620.825151989],[103392.27947990072,7190624.5030304305],[103389.83586563997,7190624.43853089],[103386.16862694261,7190624.341838155],[103383.74435202271,7190623.669309769],[103380.1174180471,7190622.356163785],[103377.14507569611,7190619.84256844],[103374.74017768347,7190618.560790572],[103371.74428739783,7190616.654320475],[103367.4548815554,7190616.538722428]]],"bbox":[103222.30927510443,7190128.813991761,103513.0595946674,7190640.486494251]},"properties":{"objectid":11,"Shape__Area":0.00000747788582535177,"Shape__Length":0.01598364949606737},"bbox":[103222.30927510443,7190128.813991761,103513.0595946674,7190640.486494251]}]}