{"type":"FeatureCollection","features":[{"type":"Feature","geometry":{"type":"LineString","coordinates":[[63218.61929422547,7268693.100628328],[63216.62829459505,7268691.901884159],[63207.64829858957,7268686.478460694],[63203.1044179218,7268683.713197045],[63197.987482437224,7268680.615896616],[63187.420559954364,7268674.187295971],[63176.94487032801,7268667.762553319],[63166.50438373996,7268661.3353546215],[63156.07988081698,7268654.861679327],[63145.56803749874,7268648.438435955],[63135.102469931124,7268642.009198355],[63124.64229503769,7268635.52493421],[63114.105496835255,7268629.005272287],[63103.59192468674,7268622.55095581],[63098.046329826,7268619.140102477],[63093.14295417437,7268616.111430708],[63082.87319739442,7268609.860191601],[63072.88416678051,7268603.796656167],[63064.52925027168,7268598.780638428],[63063.000603156106,7268597.865234522],[63053.777819945884,7268592.306803113],[63044.574662046914,7268586.757087368],[63035.15202718275,7268581.044450875],[63025.30768576014,7268575.0414994415],[63015.27719609247,7268568.822819995],[63005.12550653011,7268562.053117204],[62995.38255529181,7268555.108827695],[62985.63556960708,7268548.30275781],[62976.304078340996,7268541.855859495],[62967.187667954655,7268535.447476568],[62958.20587062684,7268529.031883773],[62958.18353854137,7268529.015857799],[62951.52691631013,7268524.199421149],[62942.34173855971,7268517.457956655],[62935.48595180869,7268512.655786943],[62935.45674923109,7268512.635547349],[62932.9836618898,7268511.024953695],[62924.03224931925,7268505.154271623],[62915.21945408906,7268499.003904428],[62914.240075075475,7268498.325175535],[62908.580776256684,7268494.714778079],[62899.91198252811,7268489.881528104],[62889.02183632023,7268485.204900056],[62877.7809291805,7268480.312246466],[62867.60065654421,7268474.399856208],[62858.88993166678,7268467.909877623],[62850.69154912495,7268461.287887089],[62842.42962990829,7268454.695204113],[62834.0947591546,7268447.866591643],[62825.0152068414,7268440.316431719],[62815.51400429412,7268432.406772969],[62806.1986033179,7268424.791989396],[62805.97956789343,7268424.614983358],[62796.563419826154,7268416.9187378045],[62787.037223393214,7268409.191482613],[62777.44506496354,7268401.689996507],[62768.40107353643,7268394.769281628],[62759.49405680649,7268387.882407006],[62750.64731651085,7268380.880053192],[62742.006601680245,7268374.049071085],[62733.04108947591,7268366.919043895],[62724.01560839033,7268359.737264678],[62715.03054026351,7268352.571296219],[62706.01969387464,7268345.444261048],[62697.05308368633,7268338.292183381],[62694.54260000307,7268336.252744749],[62688.04267522314,7268330.9938123645],[62678.82641850418,7268323.635099066],[62669.355347006116,7268316.182077773],[62659.78915126418,7268308.636666227],[62649.859190980904,7268301.427237651],[62638.82318339619,7268295.864566366],[62628.532630539325,7268291.853043798],[62617.91496323235,7268287.548394153],[62606.67828167917,7268282.995946152],[62595.36289152992,7268278.590358285],[62584.10135502799,7268274.353793107],[62572.981951826776,7268269.139432762],[62562.65460277465,7268263.1935989205],[62552.497819642944,7268257.320306387],[62542.21642595966,7268251.311164987],[62532.03440537682,7268245.324464896],[62521.81579269562,7268239.301070495],[62511.681396703934,7268233.304415045],[62501.539473777986,7268227.292412108],[62491.50810578221,7268221.3473972045],[62481.61980805325,7268215.477834462],[62471.889699591964,7268209.75149083],[62462.49346282525,7268204.258624135],[62453.24554500083,7268198.767978748],[62444.08468201815,7268193.352466357],[62434.81823013956,7268187.893201882],[62424.392602478736,7268181.880854959],[62414.16460931831,7268176.051500688],[62403.68731913983,7268169.798104575],[62394.12902231311,7268164.019255489],[62385.247442881286,7268158.72819856],[62376.26653438475,7268153.507180974],[62371.9250085355,7268151.093628043],[62362.592147975345,7268145.707831489],[62352.826652625925,7268140.102305353],[62342.68123672629,7268134.288703101],[62332.737381920975,7268128.543070262],[62322.32040353981,7268122.538898231],[62311.63452777389,7268116.442963398],[62300.78681702801,7268110.680814688],[62289.93679132551,7268105.288680991],[62279.2416374663,7268100.115948076],[62268.773486196354,7268095.166777209],[62258.70925416198,7268090.292509101],[62249.11349975399,7268085.644195749],[62241.10492517159,7268081.812631128],[62232.22672940424,7268077.750449503],[62223.23720307497,7268073.530406008],[62212.565918571025,7268068.06532908],[62201.92388406233,7268062.619152978],[62191.81379377388,7268057.671539348],[62182.38387028634,7268053.085806901],[62172.74898417783,7268048.505043501],[62162.71239907661,7268043.640892753],[62152.31317897915,7268038.606403017],[62141.4918080729,7268033.361055015],[62130.572665209766,7268028.01401074],[62119.575919748284,7268022.675614034],[62118.04070421128,7268021.933433162],[62112.57989979052,7268019.3104972],[62100.83381609304,7268015.373557407],[62088.86074305995,7268013.208990392],[62077.72358498728,7268011.539359866],[62067.89962399792,7268009.792754405],[62057.74650964793,7268006.926465156],[62057.67325301323,7268006.9032797],[62056.66680216929,7268006.570292528],[62052.44207380153,7268005.450821415],[62051.31921428774,7268005.211102108],[62047.08103325323,7268004.331608577],[62044.63385040237,7268003.826495511],[62037.79637291562,7268002.408995785],[62033.92713012849,7268001.599871717],[62023.27964773122,7267999.445173845],[62012.79315116961,7267997.344623776],[62002.37253887369,7267995.295111926],[61991.96413759835,7267993.222103034],[61983.06778396136,7267991.431731682],[61981.48682756635,7267991.116820658],[61981.479967953,7267991.115493925],[61970.63435419148,7267989.016354745],[61959.40137394797,7267986.806940917],[61947.7889718723,7267984.444529108],[61936.14979799214,7267982.071824102],[61924.54511852702,7267979.625577053],[61912.89610405924,7267977.09197549],[61900.82105446182,7267976.246852666],[61888.80732755968,7267976.845744472],[61876.79057292681,7267977.466516808],[61864.76492791204,7267978.085888188],[61857.46091982897,7267978.43745484],[61852.45416107762,7267978.6868167855],[61840.181409768935,7267979.153907903],[61827.980506785214,7267979.514989823],[61815.69062741642,7267979.797746209],[61803.550648494216,7267979.935759523],[61791.753045568825,7267980.062688962],[61779.74759450357,7267979.462281922],[61767.951934208686,7267978.170033781],[61756.00485067,7267976.900202739],[61744.15426434728,7267975.624633601],[61732.46859621542,7267974.365361948],[61720.75918138452,7267973.118877898],[61708.96005955251,7267971.881656448],[61697.47645124723,7267970.72244947],[61685.68932373001,7267969.532889828],[61673.90901648515,7267968.371628612],[61662.12206534814,7267967.153960489],[61650.20683071343,7267965.9136895705],[61638.34524501383,7267964.7068591835],[61626.56240785302,7267963.532485003],[61614.83185274154,7267962.540970447],[61603.13082645676,7267962.019084113],[61591.542757734365,7267961.619456653],[61580.19379152206,7267961.191278188],[61568.76960039727,7267960.4389173705],[61557.68296021654,7267957.658145301],[61547.098105318204,7267952.578429991],[61536.64052075357,7267946.672686686],[61525.53611719853,7267941.683706111],[61513.67263954779,7267939.923050946],[61501.45262818318,7267939.61521384],[61489.14334150491,7267938.669610949],[61477.38835374365,7267935.4593679905],[61466.37633140327,7267930.3770895265],[61455.33857689635,7267924.917445827],[61444.367196896404,7267919.499862637],[61433.41055147606,7267914.065856159],[61422.31068968144,7267908.744910482],[61411.3214809458,7267903.368707461],[61400.5089594989,7267897.758445448],[61391.77830324648,7267891.744876346],[61384.81634539651,7267882.57893387],[61383.65464400564,7267880.497078409],[61379.56541644171,7267870.181069769],[61379.32185072574,7267869.1232548505],[61379.2941857258,7267868.999790943],[61376.97211589577,7267859.439928899],[61374.39220329741,7267850.09078639],[61371.276713448635,7267838.99691654],[61368.357653972635,7267827.770112991],[61367.21419103851,7267816.1707628565],[61368.5405473272,7267804.558026526],[61372.205499308475,7267793.3685965],[61376.51874736638,7267782.4692504015],[61380.46787947131,7267771.845003808],[61383.34536616522,7267760.31112552],[61385.7453894653,7267748.666228122],[61388.20509731112,7267737.033875764],[61388.95181717398,7267725.190078468],[61386.40391238296,7267713.388917447],[61380.56238700886,7267702.595042136],[61373.32281965151,7267693.353790908],[61363.748063749925,7267686.024431787],[61352.28554751229,7267682.044649817],[61340.03333247744,7267681.258909744],[61328.471460163186,7267681.314898221],[61316.16999779077,7267681.541950071],[61303.897968321166,7267681.807453124],[61292.10853562539,7267682.111176001],[61279.825458935404,7267682.44348962],[61267.50905346387,7267682.828373017],[61255.3541928755,7267683.188367816],[61243.20478289161,7267683.745179961],[61230.96079180611,7267684.651774443],[61218.66331699607,7267684.006631451],[61206.92626892519,7267680.065908231],[61196.193018816004,7267674.132146928],[61192.848853314936,7267672.006959945],[61183.188539751456,7267665.117146064],[61173.58208722988,7267657.7532097185],[61164.1125862067,7267650.102439611],[61154.85621556081,7267642.211104836],[61146.14102416538,7267634.788027999],[61136.77973295079,7267627.047599589],[61127.251068901736,7267619.420355789],[61119.15155261941,7267613.076167649],[61117.758562013216,7267611.998119844],[61107.89500232041,7267604.8717362825],[61102.59130773356,7267601.795256296],[61097.18656700675,7267599.1736300215],[61086.38368558808,7267593.3652620595],[61076.753792436735,7267585.734441811],[61068.95158314798,7267576.474534834],[61062.034907185414,7267566.501180585],[61057.710175836575,7267560.102473779],[61051.03429484065,7267550.33326691],[61044.350516194536,7267540.862398441],[61036.499023197975,7267531.8531948505],[61027.10776286101,7267524.178679513],[61017.0157691433,7267517.298944483],[61006.98755011952,7267510.543474099],[60997.14901337691,7267503.9456750825],[60987.31820950186,7267497.2640526835],[60977.40504261892,7267490.6036919],[60967.33797759743,7267483.7522384785],[60958.635878908855,7267477.702684145],[60949.036049663846,7267470.2105017565],[60939.85125834524,7267462.354443583],[60930.78085993836,7267454.613814181],[60921.724430413626,7267446.714161452],[60913.277921212895,7267438.6296899],[60905.023023311805,7267430.497414458],[60896.902164210565,7267422.3278407585],[60888.70478957263,7267414.0716706235],[60880.501290164946,7267405.771993494],[60872.36440093751,7267397.420227248],[60864.28950505651,7267389.001901481],[60856.39189161197,7267380.613382919],[60847.651350764674,7267372.599286858],[60836.95028863981,7267366.894498337],[60825.20358128782,7267363.606344241],[60813.661102200625,7267360.97190693],[60801.73992975615,7267358.280953652],[60789.78498352703,7267355.284552749],[60778.06290466938,7267351.891976668],[60766.344103558746,7267348.24509421],[60754.795793769124,7267344.319546122],[60743.52877124149,7267340.363353977],[60732.11994056165,7267336.369685901],[60720.66276542598,7267332.358043609],[60709.049995249836,7267328.32447882],[60697.69014353171,7267323.370141236],[60687.00525395153,7267317.801425843],[60676.202832097246,7267312.143368043],[60665.43913818576,7267306.538160576],[60654.744649125496,7267301.004090562],[60643.85332923534,7267295.404263861],[60633.02804515016,7267289.831390168],[60622.28393923951,7267284.307269077],[60611.56481329142,7267278.78614945],[60600.740394947,7267273.26357588],[60589.93016240932,7267267.7836376345],[60579.12468235596,7267262.378238751],[60568.36970934918,7267256.986976219],[60564.747397429775,7267255.1644980265],[60554.26525807136,7267249.083062151],[60544.94859189767,7267241.081809953],[60537.993083075504,7267231.034352802],[60534.14415359107,7267224.1198013555],[60528.08126458741,7267213.523717508],[60521.70896863559,7267203.189892185],[60514.34895273106,7267193.402557537],[60505.662973786704,7267184.712662565],[60496.810468157695,7267176.509966034],[60488.057222970994,7267168.442101202],[60479.35696752375,7267160.3773498535],[60469.579597914824,7267153.525400611],[60458.30596602027,7267149.168636631],[60446.71420054574,7267145.756764084],[60435.68060576194,7267142.425623888],[60424.30174052896,7267138.889661525],[60412.96501539298,7267135.080634713],[60401.70683483593,7267131.1277290685],[60390.32653402776,7267127.169503168],[60379.00396219682,7267123.3562296545],[60367.862243044714,7267119.652053615],[60356.46624546946,7267116.9688563105],[60344.780021490005,7267116.470678873],[60333.216293776175,7267117.206399599],[60332.4750633284,7267117.253218854],[60321.742134107626,7267117.937063184],[60310.20267710148,7267118.027926644],[60298.534945662774,7267116.14436117],[60287.10780375794,7267113.803798136],[60275.489143789804,7267111.486031126],[60263.78909220896,7267109.241963042],[60252.17481826688,7267107.051792298],[60240.49168763665,7267104.968919469],[60228.550218606135,7267102.922937643],[60216.66074896301,7267100.699589564],[60214.4190057877,7267100.240375882],[60205.40902076039,7267098.451014113],[60193.36119045876,7267096.062392725],[60181.30798390915,7267093.683361767],[60169.26405214798,7267091.364021897],[60157.101707583584,7267089.184943615],[60145.02279310551,7267087.002500709],[60133.006095819874,7267084.701424135],[60120.901917482435,7267082.570127174],[60109.20084789168,7267080.50944416],[60097.211947529635,7267078.35301725],[60085.28991174948,7267076.136291236],[60073.32261884684,7267073.807298596],[60061.24006747553,7267071.52539006],[60049.18679794308,7267069.305916561],[60037.10386061354,7267067.097151506],[60025.1504798879,7267064.912246557],[60013.06028129347,7267062.50357214],[60003.35999979329,7267060.332968906],[59991.3411508202,7267057.943525109],[59979.377820716356,7267055.96069634],[59967.14044487575,7267055.310917092],[59955.07916925562,7267057.424043942],[59943.2755935475,7267060.868419156],[59931.476117211045,7267064.240847757],[59919.721661379386,7267067.547068523],[59908.6186107659,7267070.7041411195],[59896.754247033736,7267074.070600235],[59885.13467408699,7267077.321550662],[59873.562451789505,7267080.519248587],[59861.7948834034,7267083.757717226],[59849.86880413268,7267086.239937833],[59837.75668276631,7267086.878357826],[59825.685155258165,7267086.748406602],[59814.20080137119,7267086.61007633],[59812.84045625955,7267086.593710968],[59801.16065052815,7267086.470827181],[59788.824818109104,7267086.469604313],[59776.57016377902,7267086.375890432],[59764.45490857662,7267086.190754378],[59752.6447342888,7267085.931775743],[59742.52178947453,7267085.923167756],[59731.531319331785,7267086.0712668765],[59719.3460063712,7267086.226109129],[59707.66839834559,7267086.078231879],[59696.395140454755,7267086.01934387],[59684.68098875752,7267086.044406267],[59678.13903865026,7267086.072136868],[59666.23722607334,7267086.007727152],[59654.30942210491,7267085.869970927],[59642.44419800688,7267085.675779813],[59630.6357059048,7267085.542342573],[59618.936048007105,7267085.506846163],[59607.08867275395,7267085.456882775],[59595.17498751887,7267085.340844385],[59583.18873221305,7267085.186515487],[59571.15037700097,7267085.078050757],[59559.13513894152,7267085.059810951],[59547.04067402048,7267085.03715983],[59534.85271259595,7267085.002426596],[59522.763649278146,7267084.9277348425],[59510.66343441268,7267084.855788099],[59498.594954136,7267084.791167234],[59486.48330763815,7267083.172871649],[59475.05927024863,7267078.489558218],[59464.473138892616,7267072.513829198],[59453.82312701683,7267066.277440208],[59443.33099579858,7267060.103238959],[59433.27126754471,7267054.221693227],[59422.714786853525,7267048.073747674],[59412.2198716338,7267042.099976634],[59401.795073022484,7267036.219588927],[59390.49215770152,7267031.517384386],[59389.145685415424,7267031.140521072],[59378.45619688189,7267029.450210774],[59366.3427236086,7267028.421612656],[59354.05278339406,7267027.344317791],[59341.7572077965,7267026.233519451],[59329.55759165669,7267025.085890416],[59317.400623608264,7267023.537843122],[59305.371716298105,7267021.584315361],[59293.5332653767,7267019.632047026],[59281.48416136397,7267017.473977683],[59269.79109598196,7267016.693497867],[59257.86280265893,7267018.444365396],[59246.732365248026,7267021.379639963],[59234.90255560179,7267024.526010569],[59223.016514272254,7267027.717114921],[59211.50300078676,7267031.222523868],[59200.13481070078,7267035.738163338],[59189.04969068355,7267040.86997713],[59178.18890055624,7267046.006684987],[59167.22041356412,7267051.245903635],[59165.769715183065,7267051.939738496],[59154.88093125855,7267057.142391774],[59143.94853418757,7267062.315114623],[59133.127545438125,7267067.3893172145],[59122.23968275363,7267072.52690614],[59111.19792589295,7267077.789968538],[59100.248622224026,7267083.024089491],[59095.812677171605,7267085.146998799],[59084.73273159098,7267090.432594927],[59078.94408813538,7267093.189365847],[59068.18409378966,7267098.268239785],[59057.10489326221,7267103.583934732],[59046.18644843064,7267108.9378192],[59035.13045913965,7267114.317754876],[59024.08591156162,7267119.5767851155],[59013.03465619852,7267124.848587401],[59002.14906990749,7267130.026258531],[58993.28654870606,7267134.262439007],[58982.12152786937,7267139.568363186],[58970.95934922225,7267144.21253903],[58959.04320945655,7267147.197724568],[58947.02280989336,7267149.12920938],[58934.960019737424,7267150.995597782],[58922.79157171922,7267152.938683907],[58910.723815063364,7267154.897173746],[58898.65146061458,7267156.891597568],[58886.535352537176,7267158.9021668285],[58874.44841595634,7267160.907989682],[58862.631368337665,7267162.682851698],[58850.52251805313,7267164.317510538],[58838.38502279209,7267165.991114726],[58826.35234590067,7267167.649272582],[58814.384570445516,7267169.296157286],[58802.225469307625,7267169.167439008],[58790.34332164476,7267167.525184054],[58778.86382731522,7267165.96478379],[58766.88239737594,7267164.320130425],[58754.91545210348,7267162.759433035],[58742.907253456826,7267161.315233579],[58735.72204101493,7267160.502459347],[58724.18214242702,7267157.754677883],[58715.84126939968,7267154.788964365],[58704.77198779897,7267150.661718678],[58693.60700772685,7267146.425816802],[58682.27656591695,7267142.031402431],[58678.8315353276,7267140.694072003],[58668.06061896507,7267134.652072133],[58658.319788897585,7267127.325021481],[58648.50283504545,7267120.09104196],[58638.80237856787,7267112.96636145],[58628.99257045728,7267105.81787486],[58619.66781410138,7267098.978515325],[58609.87805901037,7267091.761689456],[58600.162876258255,7267084.5842038095],[58590.37321632495,7267077.320279941],[58580.61416943412,7267070.089745977],[58570.89867895102,7267062.827052124],[58561.16590255435,7267055.476295674],[58551.29123619897,7267048.253719358],[58541.159962364414,7267041.300812776],[58530.69860755693,7267034.808903785],[58520.23987470899,7267028.461428542],[58509.73768911342,7267022.054040641],[58499.92668309697,7267016.080047589],[58489.52204400994,7267009.621663293],[58479.19167160068,7267003.116437627],[58469.91605872335,7266997.467708452],[58459.43066180812,7266991.318768414],[58448.90218412492,7266984.983334529],[58440.6798958804,7266979.952516317],[58439.00556575175,7266978.926390793],[58429.10235372052,7266972.86001188],[58418.72866747662,7266966.518368403],[58408.31583257398,7266960.153816269],[58397.77012849727,7266953.799686616],[58387.265892926254,7266947.485399299],[58377.55895373871,7266941.264201055],[58367.62673062581,7266934.506470114],[58359.75944244728,7266929.133091385],[58358.04595094145,7266927.969676301],[58357.41972722602,7266927.543104301],[58348.68037661223,7266921.603957686],[58339.14016587398,7266915.148280485],[58329.16432437446,7266908.403674711],[58319.18149750348,7266901.677937766],[58309.243567887286,7266894.983158582],[58299.2749618573,7266888.299054465],[58289.28368682979,7266881.539819032],[58279.33785510046,7266874.79756696],[58269.31904976751,7266868.046099321],[58260.01916395151,7266861.758462938],[58250.01831336232,7266854.988671281],[58240.28815593693,7266848.451353839],[58230.54610084806,7266841.908652217],[58220.41533628764,7266835.127148937],[58210.80804545642,7266828.690659186],[58200.955614885606,7266822.035704687],[58190.916239306855,7266815.250308941],[58180.89079458389,7266808.996928115],[58169.61676929402,7266804.6399024995],[58158.424707703525,7266802.101977824],[58146.704907465086,7266799.656406378],[58135.419627205,7266797.228651654],[58124.54696378793,7266794.818128665],[58118.477891340386,7266793.5524700545],[58106.847802713164,7266791.898039473],[58094.66752311669,7266790.397209169],[58082.63433690084,7266788.420217019],[58070.987789303064,7266786.387005493],[58058.813394016295,7266784.245478058],[58046.70896909316,7266782.1791245965],[58035.1341072456,7266779.217256891],[58024.032220306515,7266774.297020731],[58013.43714014796,7266768.086885806],[58003.84013620933,7266760.451136442],[57995.315402794455,7266752.19933724],[57986.63020993548,7266743.508117204],[57977.92718256422,7266734.7239307],[57972.345437330136,7266729.080252674],[57963.719786752015,7266720.403679075],[57955.08075505326,7266711.647273353],[57946.805150865286,7266703.385376238],[57940.01771020313,7266696.780153965],[57932.39896390401,7266689.302165693],[57924.71119607589,7266681.725918014],[57917.48074145347,7266674.70114031],[57910.236232462106,7266667.815163005],[57902.55869029084,7266660.418898456],[57894.543655763555,7266652.297624801],[57886.25103323918,7266643.69277766],[57877.90319551679,7266635.018315278],[57869.559299740475,7266626.37017859],[57861.189580071135,7266617.758857438],[57852.703196526156,7266609.041205877],[57843.50176354329,7266601.055560326],[57833.63908990176,7266594.037054699],[57824.05496448715,7266587.230296044],[57814.27208862407,7266580.154127161],[57804.438049622695,7266572.9862604225],[57794.662362671224,7266565.860220674],[57784.88463864237,7266558.686912177],[57774.73135272646,7266552.213333378],[57763.85015793162,7266546.878444908],[57752.963160997606,7266541.815094534],[57742.06208539312,7266536.862555182],[57731.130250664486,7266532.021961134],[57720.2648953147,7266527.286527225],[57709.48693740659,7266522.229054298],[57699.91914821189,7266515.415936358],[57691.7961842143,7266506.805347251],[57684.13679972169,7266497.822966483],[57676.6505226834,7266488.991567775],[57669.10235147795,7266480.058137121],[57668.53364880098,7266479.391386809],[57661.97700383118,7266471.595578836],[57654.46415222844,7266462.681807022],[57646.94144243619,7266453.784705404],[57639.38893148204,7266444.839008762],[57631.88526330865,7266435.943723612],[57624.395560895326,7266427.049988109],[57616.89198986144,7266418.085400546],[57609.4191779822,7266409.127228696],[57602.01620312891,7266400.315416564],[57594.6408485577,7266391.605310243],[57587.249895323825,7266382.910469834],[57579.78197985701,7266374.204286896],[57571.85604574124,7266365.540022772],[57563.22599000909,7266357.353800926],[57554.37751047395,7266349.646221217],[57545.59814998176,7266342.123399705],[57536.72633856622,7266334.486131927],[57527.481424908096,7266326.783438189],[57517.48733442661,7266319.994763655],[57507.06141108752,7266314.043828283],[57496.64937826706,7266308.093548379],[57495.38769410335,7266307.358167004],[57485.1367608399,7266301.349604161],[57474.82495236746,7266295.264356157],[57464.432812669314,7266289.11423986],[57454.14684396109,7266283.033905794],[57443.87712095701,7266277.042696657],[57433.67839399056,7266271.170897534],[57423.39579049428,7266265.291306712],[57413.061144089326,7266259.360408809],[57402.75218873657,7266253.416550878],[57392.36577183538,7266247.410136645],[57382.04396894277,7266241.414546255],[57371.73672600312,7266235.433625033],[57361.74243410607,7266229.609924341],[57360.864938744984,7266229.10210217],[57351.16027042823,7266223.422440758],[57340.78538117377,7266217.380367865],[57330.53050919471,7266211.371652053],[57320.33392443444,7266205.425751448],[57310.10987840028,7266199.491514331],[57299.96745838545,7266193.639270984],[57289.67554819997,7266187.717287369],[57279.33298237133,7266181.738709932],[57269.089024859306,7266175.799692358],[57258.876466817455,7266169.8310179245],[57248.092077246576,7266164.344809638],[57237.0952355928,7266159.474128365],[57226.04521300719,7266154.555988603],[57215.02161006373,7266149.563834968],[57203.5644729645,7266145.652998206],[57191.55360999564,7266142.751237376],[57179.57680201018,7266139.847775621],[57177.98236782866,7266139.471978357],[57165.99859035481,7266136.618475421],[57154.06062161736,7266133.744768484],[57142.08684611926,7266130.889674565],[57130.15654423268,7266128.049393518],[57118.20359430538,7266125.2192614665],[57106.44476320851,7266122.494923087],[57094.53410621907,7266119.754846323],[57082.65850077418,7266117.06451633],[57071.15235669853,7266114.477580937],[57059.97483762441,7266111.922111072],[57048.142584691406,7266109.177386519],[57036.287186634145,7266106.391601809],[57024.574805609416,7266103.659232098],[57012.884545674955,7266101.016063479],[57001.11640277901,7266098.342525216],[56989.387364007474,7266095.71575431],[56977.59732525877,7266092.48836261],[56966.18977294571,7266088.705155474],[56954.71183869889,7266084.831518565],[56943.08346999186,7266080.682443248],[56931.58544939518,7266076.513198453],[56921.09286414011,7266071.234237914],[56912.06569163571,7266063.5027889265],[56904.150257843256,7266054.851028737],[56896.2063027455,7266046.412675625],[56888.24790934299,7266038.074021118],[56880.31049640046,7266029.714264534],[56872.50929473969,7266021.452797832],[56864.30316619162,7266012.79427834],[56856.08181953279,7266004.253533108],[56849.25614341319,7265997.123023558],[56847.95012927987,7265995.749846881],[56839.78816039319,7265987.044188779],[56831.48314269696,7265978.146727784],[56822.35732714756,7265970.1040002145],[56812.81007713231,7265963.163292769],[56809.053182773176,7265960.42401234],[56803.18829776638,7265956.116033105],[56793.60586899938,7265949.041259956],[56784.67177565355,7265941.409173779],[56776.15403814928,7265933.015921659],[56767.38221364014,7265924.539367426],[56758.63289935206,7265916.006556438],[56749.94294139795,7265907.264751656],[56741.464438115305,7265898.365673708],[56733.106581486645,7265889.416694254],[56724.58738201141,7265880.527851119],[56716.03785932844,7265871.6958886525],[56707.58043501014,7265862.773690527],[56699.09242441348,7265853.9102525525],[56690.44747936481,7265845.099206628],[56681.66510564397,7265836.498754191],[56672.8599158515,7265828.072800747],[56664.104496748885,7265819.496514473],[56655.24320567335,7265811.140491316],[56645.95482391439,7265803.005351842],[56636.711666323594,7265794.805019444],[56627.61970401474,7265786.446711273],[56618.59416325879,7265778.036325231],[56609.59273879562,7265769.67189881],[56600.624772473355,7265761.391376243],[56592.07060253847,7265753.509963552],[56583.02444716694,7265745.29822099],[56573.90408680361,7265737.198591197],[56564.64615147404,7265729.034590695],[56555.52661469538,7265720.986053788],[56546.312740666326,7265712.936493173],[56537.10279638681,7265704.846850157],[56527.952172036166,7265696.660593955],[56518.887094639766,7265688.557352287],[56509.694107567135,7265680.35406821],[56500.509868634166,7265672.10918997],[56491.393700287095,7265663.916229287],[56482.38359634543,7265655.704107494],[56473.03782569122,7265647.802182142],[56463.56876076653,7265640.522626536],[56454.40756614052,7265633.653902789],[56447.50709213602,7265628.621453944],[56438.47966351191,7265621.9750936385],[56429.36221352825,7265614.748168811],[56420.23009473825,7265606.916880082],[56411.33803107403,7265598.9193536965],[56402.74935053778,7265591.025355004],[56393.61419812823,7265582.851802351],[56384.635459543555,7265574.953869894],[56375.78709156549,7265567.197021775],[56366.99216542358,7265559.476633255],[56358.11781435186,7265551.666524052],[56349.3852048174,7265543.990978189],[56340.415061908076,7265536.035203522],[56331.39459333161,7265528.038167296],[56322.58783850371,7265519.648177819],[56314.78541396349,7265510.314167601],[56307.25798376679,7265500.63214146],[56299.78118951706,7265490.963277522],[56292.40553758829,7265481.432345077],[56284.95878330537,7265471.856156807],[56277.553575179714,7265462.405999983],[56270.05573258392,7265452.942880413],[56262.11739660945,7265443.68821169],[56253.76520072622,7265434.631073449],[56245.43091380899,7265425.531524573],[56237.07617151202,7265416.510270814],[56228.63097000169,7265407.446138887],[56220.18083426944,7265398.565185182],[56211.630584620114,7265389.6989012435],[56203.17684770224,7265380.969289891],[56194.87820924865,7265372.267508548],[56186.583555056946,7265363.5017719045],[56178.329958864895,7265354.6425049985],[56170.14524903643,7265345.723913027],[56161.70722869859,7265336.815534464],[56153.199264659605,7265329.481709519],[56152.348323913175,7265328.825501749],[56142.89673859411,7265321.578973734],[56137.6675286871,7265317.621666051],[56133.267227875476,7265314.273330445],[56124.0242163309,7265307.188262017],[56114.76870662597,7265299.999287229],[56105.10033200553,7265292.434295238],[56095.48095632647,7265284.87330531],[56086.440831665415,7265277.484088751],[56077.10204111895,7265269.952603746],[56068.41834908462,7265261.5036979085],[56061.43484810839,7265251.587576773],[56055.77398230601,7265242.067354465],[56049.55845164927,7265231.677403719],[56043.300938418775,7265221.10287224],[56036.956234249636,7265210.754420355],[56031.446462757245,7265199.824459489],[56026.777241652366,7265188.619446947],[56022.0995916996,7265177.376848681],[56017.41774416354,7265166.322787186],[56012.77632914239,7265155.537203216],[56008.26791982056,7265145.174753976],[56006.92161834537,7265142.040365255],[56002.58591889526,7265131.558063768],[55998.284884738736,7265121.175592599],[55994.02606376173,7265110.863209806],[55989.71666589682,7265100.558644995],[55985.3405027187,7265090.196970873],[55980.85717949242,7265079.5817792155],[55976.27743804676,7265068.694535067],[55971.58801487996,7265057.721378164],[55966.813716950244,7265046.626011526],[55962.10199988901,7265035.522428045],[55957.587461013114,7265024.701223539],[55953.25119774282,7265014.2329765735],[55949.00380883872,7265003.84175319],[55944.788325094734,7264993.636558242],[55941.15733117174,7264984.859298229],[55940.847460237215,7264984.125442533],[55936.96771667502,7264974.800624582],[55932.749896208115,7264964.992463512],[55928.12978600414,7264954.386407625],[55923.31736749044,7264943.130878093],[55918.62457946042,7264932.281843413],[55914.42470720073,7264922.820612055],[55910.19295111642,7264913.2175456965],[55905.85785026086,7264903.181625598],[55901.539697312866,7264893.076172598],[55897.28215658793,7264882.938342771],[55893.05884008552,7264872.79994024],[55888.92821482726,7264862.742904175],[55884.71735370322,7264852.710393205],[55880.30611561297,7264842.48656561],[55875.50604034157,7264831.659831176],[55869.77764677198,7264820.845793609],[55862.82314892067,7264810.86057747],[55855.4316603046,7264801.351874515],[55848.50804657093,7264792.196628044],[55841.1020448872,7264782.403381733],[55833.491753310256,7264772.734516751],[55826.05076843122,7264762.912597641],[55819.04038554558,7264753.039385077],[55812.17661512585,7264743.7313339],[55804.917632401106,7264734.197182855],[55798.455621109286,7264725.74830287],[55797.678500493756,7264724.734289911],[55790.23393840203,7264715.04160102],[55782.82987162366,7264705.361752192],[55775.035646526085,7264696.068074448],[55765.53148467193,7264688.467899036],[55755.0392928237,7264682.65008465],[55744.25750491425,7264676.964908563],[55733.71531486703,7264671.371572748],[55723.014448441216,7264665.717175622],[55712.228631171514,7264660.053939924],[55701.44449686905,7264654.442941997],[55690.96922025189,7264648.675029011],[55680.7417975234,7264642.744360797],[55670.46737582312,7264636.880918374],[55661.715958158544,7264631.878479781],[55660.49213545065,7264631.168973584],[55659.42717287183,7264630.543513276],[55650.20384576573,7264625.162368487],[55639.89873185329,7264619.130006626],[55629.52868573065,7264613.065793667],[55619.178329257644,7264607.033407392],[55608.72409908456,7264600.968366435],[55598.28186283063,7264594.925133022],[55587.8719364811,7264588.925235682],[55577.465170319425,7264582.874457771],[55567.118785953964,7264576.890347801],[55556.714191480016,7264570.835622774],[55546.386695530324,7264564.8072347045],[55536.00211594935,7264558.733254049],[55525.70656211814,7264552.731412572],[55515.32248631056,7264546.667534924],[55505.02253632952,7264540.673529632],[55494.637079394364,7264534.640572194],[55484.2846020853,7264528.633204536],[55473.8418690493,7264522.557747964],[55464.28159868118,7264515.525763032],[55456.47362675902,7264506.4330745945],[55449.68497403542,7264496.58136616],[55442.73712519201,7264486.741985102],[55435.990831435425,7264476.861084753],[55430.95644877077,7264465.95796499],[55427.85328193876,7264454.472201785],[55425.05776647746,7264442.835495837],[55422.14789007208,7264430.993120473],[55419.259631244815,7264419.207850294],[55416.357986376446,7264407.495332057],[55413.4660448425,7264396.046980796],[55411.33505208604,7264384.260770986],[55410.01059143414,7264372.313292225],[55408.6089482815,7264360.320361754],[55407.21526851348,7264348.6236372385],[55405.85943827499,7264336.591528967],[55403.65514249331,7264324.762985734],[55399.70967931516,7264313.227326127],[55395.12895828899,7264302.066086594],[55390.58196656528,7264290.729798002],[55386.46255895571,7264279.341027348],[55383.73149542068,7264267.447391644],[55381.03700823814,7264255.4037861265],[55378.33257099427,7264243.566304343],[55375.61086263327,7264231.61888174],[55373.00032762071,7264219.698342491],[55370.62060715398,7264208.279379953],[55367.09589585557,7264196.665903125],[55361.72896122752,7264185.680879138],[55355.53213361808,7264175.257371394],[55349.42905573797,7264164.799773708],[55343.437620087876,7264154.449473029],[55337.788391304784,7264144.826310524],[55337.29253501154,7264143.986077414],[55331.38061463577,7264133.973137345],[55325.2821709963,7264123.660259245],[55319.253581325116,7264113.4255756885],[55317.209361262154,7264109.875456557],[55311.18965084519,7264099.550989129],[55305.93804002745,7264088.845809853],[55301.87047557748,7264078.402142165],[55298.194026209705,7264068.694958287],[55294.55045344529,7264059.336084476],[55291.50828125072,7264051.411956122],[55290.78836025612,7264049.480561629],[55286.799424875295,7264038.775547916],[55282.24304186425,7264027.450768538],[55277.49650862889,7264016.227163808],[55273.1325360132,7264005.544762751],[55268.74493869202,7263994.419061077],[55264.315385217255,7263983.263470729],[55262.68072447681,7263979.223741557],[55259.808843835024,7263967.661793353],[55258.30352456978,7263955.6311686495],[55256.74991253007,7263943.742805944],[55255.658811639005,7263935.423591024],[55254.01432299876,7263923.660687738],[55252.401022717124,7263911.966414195],[55250.92360482551,7263900.354233963],[55249.48074272927,7263888.844884424],[55248.019303413515,7263877.415006407],[55246.46857200592,7263865.966161182],[55244.93697544327,7263854.648525458],[55243.45678332297,7263843.123538625],[55241.91631724709,7263831.459469045],[55240.92349173431,7263819.479365116],[55240.50111029961,7263807.411836417],[55239.88209140056,7263795.277477071],[55239.79679169797,7263793.97288354],[55239.030194296385,7263781.6816493925],[55238.47819560254,7263769.552326072],[55237.984191683354,7263757.402430124],[55237.73636714602,7263745.334612642],[55237.374255990144,7263733.040026348],[55236.65295719862,7263720.9504688615],[55236.079906481085,7263708.680765254],[55235.95036207925,7263704.861432561],[55235.8139453294,7263696.501757175],[55235.520978275395,7263687.458201619],[55233.65135164617,7263675.618209473],[55230.7314539096,7263664.32699191],[55227.959189709916,7263653.491711113],[55225.05047357705,7263641.966196869],[55222.20314547216,7263630.782579174],[55219.53292425943,7263620.066060767],[55216.918871837086,7263609.512478687],[55214.328550098755,7263599.054383514],[55211.73297153885,7263588.697064282],[55209.24488908099,7263578.9966201],[55206.74650954339,7263568.845529873],[55204.11664086988,7263558.124745019],[55202.86518461758,7263553.535921017],[55199.93989869341,7263543.926723335],[55197.61588990752,7263535.245549973],[55195.20657870121,7263524.687863868],[55192.34761135251,7263513.242884255],[55190.83385591197,7263507.36077414],[55190.483223863645,7263505.9992474755],[55189.70307214279,7263502.97082518],[55189.35652479739,7263501.630640361],[55186.364162633545,7263489.9571642745],[55183.417906825605,7263478.238412883],[55180.419533552486,7263466.265678112],[55177.4911709429,7263454.413457835],[55174.219292822,7263442.572202517],[55170.570157198876,7263431.053550843],[55166.97491466871,7263420.183058262],[55163.12332867639,7263408.956413429],[55159.11205114564,7263397.507980317],[55158.49442532798,7263395.761752401],[55154.476272504486,7263384.420371717],[55150.414190954936,7263372.873465754],[55146.469372382155,7263361.324767245],[55142.62837362563,7263349.791613271],[55138.64884783607,7263339.128988865],[55133.183043656696,7263328.595019242],[55126.47189638339,7263318.991454097],[55119.5385005828,7263309.676927115],[55113.008122019935,7263300.77744672],[55106.34822749894,7263291.787851129],[55099.821737239894,7263282.982769028],[55093.5037423693,7263274.4094755445],[55089.450980671216,7263268.876515329],[55083.250378398225,7263260.439800207],[55076.03866561968,7263250.905531365],[55068.67691241903,7263241.016516732],[55061.83059106278,7263231.223552313],[55061.21618533373,7263230.341958664],[55054.53666677454,7263220.954351302],[55047.322325678426,7263211.000643111],[55040.04698020592,7263200.994220307],[55033.005559381505,7263191.236616089],[55025.92296439747,7263181.86747722],[55025.30452214158,7263181.058046383],[55018.28938927315,7263171.338810076],[55012.94025311177,7263161.142773217],[55009.75483762525,7263150.443826608],[55007.143488610105,7263139.025587408],[55004.50933829276,7263127.625604682],[55001.89930904214,7263116.201408053],[54999.321596194466,7263104.772694749],[54996.725982235745,7263093.339185335],[54994.09831115889,7263081.836126214],[54991.48533087503,7263070.431929326],[54988.79416883446,7263058.982132886],[54986.06017783686,7263047.526517867],[54983.31739914697,7263036.041412452],[54982.032581959735,7263024.155682884],[54981.94264646282,7263011.900085676],[54981.81982839806,7262999.5468172],[54981.69184236729,7262987.335640255],[54980.921098124294,7262977.177836487],[54977.48195544124,7262965.53877194],[54971.94531642698,7262954.588295916],[54965.9297649432,7262943.805342745],[54964.842840818805,7262941.919095817],[54958.37610222789,7262931.429376641],[54950.82569314056,7262922.09378293],[54950.75465254742,7262922.021539141],[54942.42609626183,7262913.457420513],[54934.39723119105,7262904.967550045],[54926.31177583587,7262896.398119423],[54918.58340435597,7262888.330665809],[54910.73815540457,7262880.13674043],[54903.158109718235,7262872.187310921],[54895.60231047799,7262864.143482445],[54892.172551981406,7262860.39305219],[54887.67646994401,7262855.316174006],[54879.71997845062,7262846.593707595],[54871.70297476696,7262838.270856449],[54863.21591003123,7262829.615626405],[54854.930226198165,7262821.012165986],[54846.43279715313,7262812.08950796],[54837.90140193119,7262803.166418048],[54829.6273776351,7262794.273575366],[54821.45497151557,7262785.101472331],[54813.23795492196,7262775.982345205],[54804.97633383871,7262767.310874315],[54796.49581241625,7262758.574618023],[54787.98981519992,7262749.734701648],[54779.46236151428,7262740.928181842],[54770.87191855069,7262732.067658775],[54762.56204576767,7262723.216363341],[54754.28980281128,7262714.2584377695],[54747.89412852912,7262707.50632409],[54739.482790785085,7262698.564351303],[54731.51255856402,7262689.836325923],[54724.48778797372,7262682.264186235],[54717.491655681224,7262675.045220244],[54709.93318828626,7262667.059577286],[54705.081302263075,7262661.884673728],[54697.08026535122,7262653.425155228],[54690.21369635902,7262643.980952132],[54686.10473762802,7262632.907474489],[54683.328394429875,7262621.389624434],[54680.595907969575,7262610.013330314],[54677.906344370276,7262598.779228505],[54675.328169662505,7262587.271183809],[54673.55690222909,7262575.568736822],[54672.12029171304,7262563.852943717],[54670.687107393926,7262552.036979363],[54669.71778712759,7262540.117870491],[54670.456272871466,7262528.209438892],[54672.252570752695,7262516.381528934],[54674.146034961566,7262504.920993961],[54676.07320963906,7262493.058643356],[54678.11777232884,7262481.515343312],[54680.31872968748,7262469.677115643],[54680.56836601219,7262468.352949848],[54682.77589771245,7262456.891068816],[54684.20504288445,7262449.321224328],[54685.53367740568,7262438.137829262],[54685.11509370484,7262431.438899586],[54684.14708994771,7262426.792336161],[54683.14946183551,7262422.524620591],[54682.964526023425,7262421.73109269],[54680.40731709532,7262410.522889863],[54677.76802745141,7262398.784325844],[54677.731184774486,7262398.617340336],[54677.7068063817,7262398.510834839],[54675.24350157962,7262387.929762516],[54674.371317718935,7262384.371593626],[54673.47554355551,7262380.549804879],[54673.44599589938,7262380.421033772],[54670.47627162415,7262370.181830259],[54666.770668131125,7262360.892242996],[54661.9055253159,7262351.830917924],[54654.894240062975,7262342.119592903],[54647.98683341127,7262332.532315052],[54641.029504641716,7262322.481337165],[54635.555429503496,7262311.591711275],[54632.31887829793,7262299.793952307],[54629.64477303444,7262287.752072308],[54626.4699043383,7262275.806592908],[54621.91017080331,7262264.309898537],[54616.36572374834,7262253.994914476],[54615.832316031854,7262253.051701516],[54610.01657654683,7262242.723884637],[54603.61380323651,7262232.152535567],[54595.6560736298,7262222.6817087475],[54586.72388288239,7262214.228335857],[54577.51214404538,7262206.202073853],[54568.32691261993,7262198.257391203],[54559.75790922699,7262189.689624363],[54551.86726301088,7262180.816494955],[54544.17205153179,7262172.154534265],[54536.3778388573,7262163.369003487],[54528.48639954743,7262154.445744644],[54520.47404445516,7262145.35156846],[54511.42139007046,7262137.6563013205],[54502.068107762316,7262131.577065283],[54492.89813437802,7262125.552689357],[54484.144236351945,7262119.715259245],[54475.34878226882,7262113.816739602],[54466.78653036989,7262108.251540706],[54457.73080598208,7262102.388837755],[54447.60146591219,7262095.663483256],[54438.62981041573,7262089.32294146],[54430.38919637812,7262083.376594918],[54425.38637766085,7262079.90822928],[54422.03566051833,7262077.60385168],[54413.298605657474,7262071.701830221],[54403.96666845208,7262065.548126334],[54394.151890338806,7262059.242846886],[54383.85829328868,7262052.831318643],[54373.7115623976,7262045.99883757],[54365.225291537005,7262037.098634368],[54358.60663577332,7262026.872990667],[54352.89580501127,7262017.015029991],[54351.75329754577,7262014.931684678],[54347.57073714078,7262004.715418957],[54345.55673460761,7261992.94607842],[54344.42502839974,7261981.098170356],[54342.748551008524,7261969.730813347],[54339.14576658007,7261958.3472511675],[54335.20844123786,7261947.343278451],[54331.55539837509,7261936.992778168],[54327.783217397286,7261926.157471998],[54324.1154676131,7261915.526529057],[54321.25505413802,7261904.075105028],[54319.84353209613,7261892.177764038],[54318.45880799595,7261880.264404133],[54317.04240023671,7261868.4119919855],[54314.259924449434,7261856.989167344],[54309.27428607148,7261846.14590916],[54303.3064948516,7261835.72004169],[54297.53884185804,7261825.166455712],[54292.313632141624,7261815.30574203],[54286.58603721589,7261804.501012521],[54280.88191098184,7261793.780768055],[54275.356830659264,7261783.115365159],[54270.47309373639,7261772.764993923],[54265.76672455057,7261762.373350201],[54260.780089448905,7261751.484829025],[54255.97060043388,7261741.13272793],[54251.02136777772,7261730.331025611],[54246.259558072896,7261719.989114317],[54241.40063056239,7261709.531467028],[54236.56570192834,7261699.302581374],[54231.805276173574,7261689.363051802],[54228.78592039464,7261683.001377538],[54224.04178877111,7261672.555852523],[54218.86668592936,7261661.551739894],[54214.17034503905,7261650.769255247],[54210.75355686777,7261638.875205677],[54207.64641896088,7261627.0097749345],[54204.67678004474,7261615.991995916],[54201.54518333316,7261604.045260644],[54198.697859049425,7261592.250485925],[54196.03233820689,7261580.837698095],[54193.339252656384,7261568.9322767705],[54190.661690900975,7261557.017580694],[54187.9384389412,7261545.138837723],[54185.18777276034,7261533.790602047],[54182.57039220177,7261522.724065828],[54180.0895155897,7261511.83605304],[54177.813060800894,7261501.594952338],[54175.42446668958,7261490.891479359],[54173.025438227516,7261479.967005892],[54170.79404567211,7261469.612411389],[54167.5369136926,7261458.791695192],[54162.96978059143,7261448.585587237],[54157.53494618129,7261438.106787954],[54152.10392705008,7261427.8848635815],[54144.87365655898,7261418.228036538],[54135.26374181174,7261410.65760346],[54134.36949860456,7261410.121861279],[54123.776148053235,7261403.910822698],[54114.69743128918,7261397.290653046],[54106.9475334576,7261388.365352002],[54101.88567990856,7261377.752377061],[54098.43862233666,7261366.7578246575],[54095.149003700935,7261356.381909784],[54092.18405533477,7261345.460620511],[54090.190108607,7261334.587911021],[54088.46350742754,7261323.97667584],[54086.652267638536,7261313.419907829],[54084.7462435661,7261302.485836632],[54083.48591835267,7261295.150035086],[54082.03735586902,7261286.365696582],[54080.11274159135,7261274.323374571],[54077.95609763457,7261262.539666606],[54075.038760750205,7261250.6955982875],[54071.955507461214,7261239.751052797],[54069.198969221616,7261229.981311167],[54066.11157440534,7261219.039738495],[54062.82984668843,7261207.179600963],[54062.40728575364,7261205.654333064],[54059.60451820609,7261195.474420307],[54056.719027812476,7261184.961790971],[54056.14051260892,7261182.92032108],[54053.10663712723,7261172.1985735735],[54050.02568703791,7261161.206003306],[54047.05970469228,7261150.354839485],[54044.024116583576,7261139.469449438],[54040.81893245678,7261128.264870184],[54037.64940227638,7261117.046555789],[54034.4393264993,7261105.679232455],[54031.248177251895,7261094.269427721],[54028.02259455633,7261082.706701782],[54024.98080008314,7261070.909348998],[54022.143585650716,7261059.091817694],[54019.26340844866,7261047.1089858115],[54016.32644759823,7261035.5759798465],[54013.00830871414,7261023.7663899185],[54008.42449655302,7261012.5031842915],[54001.81738096062,7261002.4282879885],[53994.40810559568,7260993.149687586],[53986.96890848124,7260983.934195848],[53979.35239795601,7260974.576391779],[53973.42347410176,7260967.222369319],[53965.62445361499,7260957.5657162685],[53958.09604421619,7260948.053257634],[53950.822753718065,7260938.66828119],[53943.74146683636,7260929.61587045],[53936.44187064411,7260920.374183557],[53928.89624974161,7260910.931221963],[53921.260771158966,7260901.412064426],[53913.880285591586,7260892.20695658],[53906.24498778611,7260882.591508705],[53898.7889571737,7260873.165401217],[53891.21009803272,7260863.6347163],[53883.605019805254,7260854.061646409],[53875.970842581475,7260844.466310558],[53868.810275641445,7260835.484584516],[53861.12577824475,7260825.823759394],[53853.46265615901,7260816.202041257],[53846.58031203947,7260806.709860574],[53840.345111393486,7260796.207829041],[53834.99303697073,7260785.971233437],[53830.891790132795,7260777.472617021],[53826.40556980093,7260767.782644322],[53822.073521178216,7260758.46244896],[53818.992733876104,7260751.7640191335],[53814.585816713516,7260742.22996003],[53811.27492158208,7260734.9717295915],[53806.76351570891,7260725.100914501],[53802.17148395075,7260715.144430323],[53797.645353391825,7260705.243039466],[53792.96434832376,7260694.937526667],[53788.037778312166,7260684.098589728],[53783.1839095818,7260673.390259671],[53783.169338837964,7260673.357584441],[53779.978403898946,7260666.244021847],[53774.84226108837,7260655.313699795],[53769.519632260606,7260644.610912262],[53764.455481735524,7260633.644589081],[53760.76803609246,7260622.001438277],[53758.37162268197,7260610.174003005],[53756.33512628719,7260600.409893163],[53756.321799959056,7260600.348050686],[53754.16173134436,7260590.382725295],[53752.113882299105,7260581.106553538],[53749.94503509876,7260571.341507328],[53747.82881418482,7260561.473542776],[53746.01871001109,7260552.79450609],[53743.93516384461,7260542.684161434],[53741.811086910835,7260532.380385537],[53739.64764294936,7260521.714857427],[53737.4402634764,7260510.448440772],[53734.81716357841,7260498.942185502],[53731.717060629686,7260487.378910669],[53728.60795510566,7260476.022793451],[53725.41662698536,7260464.366176588],[53722.228572431195,7260452.658578269],[53719.13931105222,7260441.19104109],[53716.062468449294,7260429.62484178],[53713.01425385551,7260417.9543947615],[53708.55475851166,7260406.8982342845],[53701.42722407216,7260397.299845368],[53691.90775190439,7260389.730391384],[53691.3626359647,7260389.397537694],[53681.47551025642,7260383.392642622],[53670.89294069167,7260377.098569471],[53660.54571271344,7260370.330207022],[53651.83910680225,7260361.564431899],[53645.460853034165,7260350.98377916],[53641.86084397463,7260339.247093671],[53641.27999611781,7260327.03480229],[53642.82415850862,7260314.946984611],[53644.56893253233,7260303.251104346],[53646.35218804609,7260291.362230284],[53648.14853857469,7260279.44790276],[53649.90245945082,7260267.955991702],[53651.82611760037,7260255.840539535],[53653.796481450205,7260243.824543212],[53654.31158219016,7260240.588027487],[53656.17385694926,7260228.705588207],[53659.84749493527,7260217.14740556],[53666.973113772576,7260207.232276629],[53675.12412270822,7260198.728386449],[53683.566322043014,7260189.92103923],[53691.23139705969,7260180.513154049],[53698.25254227233,7260170.508137051],[53705.04347891349,7260160.582209153],[53711.91888022423,7260150.493642068],[53717.41577758116,7260139.609356159],[53719.78397395089,7260127.697027847],[53719.78534360946,7260127.663977767],[53718.838416168524,7260116.595307131],[53716.13259852823,7260104.619929318],[53711.64698907157,7260093.24562166],[53705.15031556651,7260082.852395862],[53697.95906549605,7260072.880104616],[53690.88078361208,7260062.846593432],[53683.86843668268,7260052.845075816],[53676.75950761174,7260042.91640039],[53669.51165536005,7260032.93271087],[53662.27560600295,7260023.042681849],[53655.173242524266,7260013.10331762],[53648.32489580376,7260003.18024425],[53641.6018361731,7259993.32672712],[53634.781413042045,7259983.453851736],[53628.10961943312,7259973.986892506],[53620.988554364536,7259964.08487867],[53613.95831407473,7259954.264081186],[53606.9394801656,7259944.429653072],[53600.06187225395,7259934.579450192],[53593.3972936552,7259924.676363694],[53587.33407556248,7259914.280145932],[53582.61587205529,7259903.131255102],[53578.06031762768,7259892.1169847185],[53572.69782020536,7259881.4564968925],[53567.24335235864,7259870.700641932],[53561.80587423197,7259859.805179888],[53561.205490927445,7259858.582207195],[53555.84110194584,7259847.622687129],[53550.52552740829,7259836.669179667],[53546.186804680794,7259825.400569793],[53543.757358235365,7259813.29987376],[53542.24935884331,7259801.117172241],[53540.6071352578,7259789.114269858],[53539.03397715086,7259777.231645198],[53538.43239475647,7259765.263302365],[53539.91613576503,7259753.2539350325],[53542.24186402239,7259741.348683895],[53544.44898179837,7259729.359092815],[53546.707353431615,7259717.252326228],[53549.08609435544,7259705.190976303],[53551.5225566029,7259693.120160499],[53553.92001253972,7259681.088621816],[53556.20963787474,7259669.14178309],[53558.4441521322,7259657.167402376],[53560.346946046746,7259646.8096092595],[53562.48761115002,7259634.826094015],[53564.50025150826,7259623.336419608],[53566.57244677603,7259611.336925573],[53568.640585832065,7259599.450576715],[53570.99268924969,7259587.494315173],[53573.3877739312,7259575.54210525],[53575.651938579394,7259563.509822711],[53577.865442079375,7259551.444144741],[53580.33872515487,7259539.356971359],[53584.01397978881,7259527.604301872],[53588.19305554521,7259516.236805003],[53592.387610715,7259504.76663728],[53596.600293274794,7259493.180890694],[53598.34744022944,7259488.340499514],[53600.72904907784,7259481.750135006],[53604.88556846994,7259470.140921091],[53608.89377550228,7259458.7329304665],[53612.76501019945,7259447.935765639],[53616.46444686997,7259437.5773902275],[53620.020433734404,7259427.72246389],[53624.09901951149,7259416.519084113],[53628.30868280376,7259405.277397381],[53632.490710811166,7259394.002280179],[53636.61497470713,7259382.762947472],[53640.8530788864,7259371.352929904],[53645.0911815993,7259359.807536381],[53649.373376064876,7259348.285109175],[53653.65847130312,7259336.694587702],[53657.72682673059,7259325.473774057],[53661.67732023832,7259314.378204942],[53662.101263820194,7259313.176049549],[53665.70463222446,7259301.667934446],[53667.36808239145,7259289.745772403],[53666.952181305445,7259277.436495174],[53666.064966851845,7259265.168656235],[53665.17990668729,7259253.05747332],[53664.27502402238,7259240.963419316],[53663.38458485558,7259228.7707697125],[53662.505351015716,7259216.501297863],[53661.63879724493,7259204.266550267],[53660.79766392644,7259192.0017486885],[53659.86751280306,7259179.933752092],[53658.89040207089,7259167.84047472],[53658.110252935556,7259155.921463633],[53657.65173031762,7259143.579267066],[53657.28930706938,7259131.214071535],[53656.94152320211,7259119.046136765],[53656.62891433766,7259106.756398479],[53656.322940032755,7259094.685651666],[53656.111757330946,7259082.7173557095],[53655.00212013617,7259070.557165167],[53651.43208781502,7259058.873893641],[53646.12627095758,7259048.434420776],[53640.87452390103,7259039.023611752],[53635.12743383844,7259028.628979988],[53629.418304031016,7259018.237123252],[53623.73743970331,7259007.702024993],[53618.146118686534,7258997.231002143],[53612.75861852686,7258987.099047968],[53606.993708992784,7258976.443841725],[53601.18804173061,7258966.127921779],[53595.31776690052,7258955.723957087],[53589.333155303495,7258945.141499429],[53583.46300486196,7258934.715430212],[53579.02118004084,7258926.875814501],[53574.34013186477,7258915.594106212],[53572.845893914346,7258903.375950377],[53572.979524134134,7258891.231187673],[53573.25722944108,7258879.34649899],[53573.72188078682,7258867.131900048],[53575.849463616556,7258855.199055098],[53579.967880534765,7258843.706578648],[53584.55602077552,7258832.482460617],[53588.84725351684,7258821.031651657],[53592.45139728929,7258809.415416155],[53595.854567994655,7258797.972717214],[53599.090804335254,7258786.8778985925],[53602.360508990474,7258775.0913992785],[53602.85812859249,7258773.262497563],[53606.00644440501,7258761.635221948],[53609.25710110058,7258749.825786198],[53612.666751825076,7258738.049576446],[53615.92923229694,7258726.13124419],[53616.8646723401,7258713.953491805],[53614.963309530925,7258701.986183088],[53611.96181419329,7258690.0580116715],[53608.85420072655,7258678.262568297],[53605.57240212435,7258666.364108492],[53600.9523572466,7258654.952649031],[53594.37004383461,7258644.571548497],[53587.11724846467,7258634.680663473],[53578.36870431015,7258626.128035608],[53567.8664451153,7258619.869740308],[53556.7796362465,7258615.148010759],[53544.89481198363,7258612.039471834],[53532.603546943865,7258610.94556075],[53526.25368755369,7258610.561536627],[53520.35699496168,7258610.182359462],[53508.1485240584,7258609.304656654],[53495.909728154016,7258608.021279616],[53484.555107658205,7258604.671258932],[53474.930010159616,7258598.070709415],[53466.08763069578,7258589.725081769],[53458.40715683112,7258580.61779163],[53458.350424487784,7258580.540110066],[53451.6475992722,7258570.666323425],[53445.47723667318,7258560.543961346],[53439.341240912036,7258550.438251603],[53433.26885762246,7258540.279062858],[53427.17460072582,7258530.046755698],[53421.093417104974,7258519.789989638],[53415.05124026601,7258509.604109732],[53409.01671912067,7258499.4044795595],[53402.92132022476,7258489.312491471],[53396.77460733737,7258479.314683249],[53390.55429230421,7258469.212212833],[53384.30459604482,7258458.95497784],[53378.104161462164,7258448.787173083],[53371.902235959016,7258438.515034683],[53365.767445697624,7258428.246835771],[53359.62704864895,7258417.945245778],[53353.4570402939,7258407.609156599],[53347.03960179916,7258397.494182127],[53338.604891002295,7258388.753021525],[53328.72687373968,7258382.088191284],[53318.52218355378,7258375.780176606],[53308.32759330497,7258369.445492317],[53298.11546662229,7258363.239501099],[53287.69483023533,7258357.553948402],[53277.29117360379,7258352.030742335],[53266.94354194362,7258346.509891244],[53256.54754568066,7258340.950931947],[53246.11210097495,7258335.373031655],[53235.75031322247,7258329.832594046],[53225.43399548781,7258324.398340888],[53216.73633357434,7258319.157613624],[53215.27432017692,7258318.162540765],[53206.6350909202,7258311.495851478],[53198.88321446767,7258304.864142603],[53190.60536801227,7258297.850290624],[53182.44037155429,7258290.985781712],[53174.571030120656,7258284.307726861],[53166.673674794845,7258277.561350549],[53159.19161344739,7258271.135006238],[53158.56844758941,7258270.590030016],[53155.521801044,7258267.943567067],[53155.51510770287,7258267.937242823],[53155.494756925444,7258267.920371389],[53146.11792556592,7258259.982432237],[53136.824913686956,7258252.031200076],[53127.505978079455,7258244.075790635],[53118.17500929383,7258236.006485276],[53109.03669858724,7258227.892531412],[53101.570429206884,7258220.052583398],[53095.0375815875,7258209.825987922],[53090.642471585714,7258201.264094746],[53090.15169465507,7258200.310596861],[53084.723793765006,7258189.270888528],[53079.664459335094,7258178.336591934],[53074.75555522926,7258167.653695449],[53069.69488820422,7258156.93390868],[53065.36203595827,7258147.912353225],[53060.32063919259,7258137.368983945],[53055.14401161345,7258126.5941330865],[53054.30613108043,7258124.862023041],[53053.80027452705,7258123.819746236],[53049.769708259206,7258115.614879524],[53044.44745647843,7258104.911722817],[53039.10598186881,7258094.097440738],[53033.95981512667,7258083.517462934],[53028.95194514835,7258073.080880925],[53023.85806320148,7258062.452943547],[53018.7052307704,7258051.819544125],[53013.71732614114,7258041.613482675],[53009.465997167164,7258032.862284761],[53004.1654935042,7258022.21033282],[52998.93753184582,7258011.737078058],[52993.674574845994,7258001.169957168],[52988.462476314104,7257990.630130013],[52982.27412536979,7257980.804825482],[52973.28085888992,7257972.582921112],[52963.57709025551,7257965.810205866],[52955.14440081746,7257958.208658412],[52946.532962649595,7257949.515865866],[52937.8641826337,7257940.852641533],[52929.99045150372,7257931.577310494],[52923.809037541505,7257920.930709236],[52919.24502109166,7257909.4984606635],[52917.00864819897,7257899.9539865665],[52916.802943935734,7257897.465235157],[52916.21062246547,7257885.660599677],[52915.939430049795,7257873.922204258],[52915.688610241166,7257862.2439930495],[52915.47114873084,7257849.828781103],[52915.33176337177,7257837.577678981],[52915.18989617354,7257828.193297793],[52914.953120619175,7257815.920834095],[52916.22038608085,7257803.711199227],[52919.02742686332,7257791.635513861],[52921.66857626807,7257779.934722615],[52924.45743588667,7257768.069900552],[52927.28218858293,7257756.23366957],[52930.06166462938,7257744.398529528],[52932.90509912465,7257732.476834113],[52934.77799732727,7257724.431832009],[52937.445746678684,7257712.469364561],[52940.011263519584,7257700.870522089],[52942.583518143336,7257689.436593636],[52945.048578527814,7257678.388007809],[52947.63828067668,7257666.925657848],[52949.47150581604,7257654.779184369],[52950.06245774124,7257646.183333797],[52950.864813280234,7257634.188227014],[52951.67010675691,7257621.920239383],[52952.39749771758,7257609.690047091],[52953.66794797726,7257597.475630771],[52955.50023151608,7257585.257829372],[52957.22140042001,7257573.060313655],[52958.931628710474,7257561.154188675],[52960.79673786287,7257548.921789704],[52962.75509619486,7257536.71339448],[52964.70668910048,7257524.770759949],[52966.66860161099,7257512.596685104],[52968.4736018721,7257501.1160811605],[52970.26150187338,7257488.837097917],[52971.861481038795,7257476.723511247],[52972.240724197356,7257465.11597459],[52969.63487387489,7257453.066455495],[52965.27750619728,7257441.636206993],[52960.923990144394,7257430.2784886565],[52956.11940876505,7257419.59906592],[52949.286863408226,7257409.688117305],[52940.990707418474,7257401.035204589],[52932.45163496665,7257392.708711212],[52924.10140154208,7257384.828763891],[52915.81677200843,7257377.194476707],[52907.896182799595,7257369.927220417],[52901.07510806032,7257363.707448343],[52893.25339706859,7257356.770548923],[52891.876345014316,7257355.598697605],[52888.318970442226,7257352.544474122],[52886.877199689974,7257351.272467148],[52882.78866158746,7257347.65922585],[52874.5184977178,7257340.1027792655],[52867.7651493146,7257333.690271139],[52859.537142684974,7257325.771577333],[52851.12897786539,7257317.590289647],[52842.81051071943,7257309.470977184],[52834.89663079346,7257301.17983138],[52828.06776923488,7257291.140754882],[52824.08841395937,7257282.938064801],[52819.04599377484,7257271.711472159],[52814.15752418997,7257260.705303525],[52809.725418342045,7257249.149389778],[52805.97517511487,7257237.601307714],[52802.323526799446,7257226.159916166],[52798.620167548885,7257214.57081097],[52794.93448496738,7257202.990493247],[52791.25091220514,7257191.589819578],[52787.5108241227,7257180.083367143],[52782.98136100732,7257168.782936316],[52777.967847242835,7257158.06410917],[52772.0945581572,7257147.372889478],[52764.455489009386,7257137.714464329],[52756.05932985619,7257128.665789807],[52747.80337465054,7257119.738807316],[52740.289650990744,7257110.078863865],[52734.732316265,7257099.294999519],[52734.730552631954,7257099.2899449365],[52730.25718084088,7257087.944875346],[52726.75766238716,7257078.934725218],[52726.05660138588,7257077.103271992],[52723.6917371038,7257067.222045336],[52722.16042985517,7257055.352104463],[52720.661102496844,7257043.807482128],[52719.104484864976,7257032.309537498],[52717.50989032275,7257021.035697223],[52715.86215326667,7257009.329126735],[52714.0696167337,7256998.038553502],[52712.82295249967,7256992.893958116],[52710.58651005977,7256986.851215314],[52706.53019315802,7256976.173517487],[52702.70570226206,7256965.813830532],[52700.71136802994,7256960.354522263],[52696.879727066495,7256949.495068154],[52692.89616276801,7256938.099291343],[52688.8807319238,7256926.422174301],[52684.99037933396,7256914.914020022],[52681.382141615555,7256904.470582844],[52677.58836389822,7256893.595683236],[52673.86422252271,7256882.709818436],[52673.10780451831,7256880.492756315],[52669.2870925318,7256869.3849829715],[52665.48318043846,7256858.2848584],[52661.68617182103,7256847.344654243],[52657.928662445454,7256836.647829155],[52654.08473281859,7256826.023502145],[52650.18873743323,7256815.237455608],[52646.351758625126,7256804.499071499],[52642.472080734384,7256793.660574127],[52638.71275414835,7256782.387849873],[52636.64237134275,7256770.713883441],[52636.39978441916,7256759.218442649],[52636.53474318358,7256747.439695796],[52636.800091705925,7256735.822201878],[52637.139114978374,7256726.54505698],[52637.5897140826,7256714.434023978],[52638.037502820895,7256702.293914137],[52638.499936520355,7256690.597727414],[52638.54786618677,7256689.18541559],[52638.96915955108,7256678.174561078],[52638.423117641534,7256666.666856386],[52635.602232527686,7256655.475573726],[52630.361898178235,7256644.327385375],[52623.14244309184,7256634.800770018],[52613.76937508944,7256626.915843027],[52605.830769736436,7256621.704152809],[52595.46396313218,7256615.295424978],[52585.22001117858,7256609.265257953],[52575.208958671195,7256603.231291201],[52566.18372107297,7256595.352582105],[52558.9295014175,7256585.222533643],[52553.95015943708,7256573.910274608],[52549.82028580323,7256562.374516868],[52546.56669735169,7256550.55127226],[52546.10610781389,7256538.493582245],[52548.37721754948,7256526.362273756],[52552.418585356616,7256515.082983879],[52557.28283556638,7256504.8460526895],[52557.285023495846,7256504.841125947],[52562.471155708015,7256494.379504677],[52567.87136680324,7256484.09084136],[52573.61150364339,7256473.189150569],[52578.65132103959,7256462.333981841],[52582.32551290438,7256450.531056816],[52584.290742279205,7256438.420390211],[52584.74507756077,7256426.613540905],[52584.86914344103,7256414.738919251],[52584.924361887446,7256402.929591715],[52585.44500188308,7256390.616025621],[52586.34821907943,7256378.477650857],[52587.03617662552,7256366.349967222],[52585.75213726831,7256354.336372234],[52581.4992118738,7256342.838387275],[52575.022691906255,7256332.910960499],[52567.88258457574,7256323.039679203],[52560.86822135089,7256312.953124948],[52554.54007859918,7256302.47842177],[52548.53907318058,7256291.86459817],[52542.97036162228,7256282.005179601],[52542.439861617866,7256281.064014157],[52536.748262168025,7256270.780818358],[52531.24737223901,7256260.246139824],[52526.93010009453,7256249.391391661],[52523.8422302166,7256238.318564052],[52520.751600284304,7256227.102492895],[52516.67015171592,7256216.2228319235],[52513.29914201156,7256204.996236419],[52511.655940921686,7256192.961772088],[52511.03679349035,7256180.745674457],[52511.03722405876,7256168.880694967],[52513.20072305936,7256156.872955861],[52515.98914048844,7256145.001057824],[52518.7648508366,7256133.142519573],[52521.51578953769,7256121.143691944],[52524.757002696104,7256109.285564139],[52528.465381437854,7256097.893451172],[52530.818480865215,7256091.867714461],[52532.61253698531,7256088.796652397],[52539.20366164803,7256078.43595906],[52547.25244650763,7256069.101196479],[52556.29192816949,7256061.532433204],[52566.08426711435,7256054.410941154],[52575.93779021688,7256047.310193163],[52585.53076521319,7256039.930249478],[52594.6164021531,7256031.586008547],[52603.51940513053,7256023.040169822],[52611.777793338406,7256013.820003901],[52613.54372646689,7256011.479113158],[52619.83015783777,7256000.9535006955],[52625.00381972705,7255989.816373013],[52628.78199897177,7255978.364097623],[52630.772060415475,7255967.700976092],[52632.343642033986,7255956.380513143],[52633.74783506541,7255945.374809184],[52635.03098155442,7255934.546209958],[52636.35916475847,7255923.673535223],[52637.74306320277,7255912.8342040535],[52639.24299698096,7255901.909894338],[52640.83859706501,7255890.90949768],[52642.39581319166,7255880.668820094],[52644.052614814194,7255869.212628317],[52645.711064143456,7255857.398442749],[52647.15296093974,7255845.328036443],[52648.60166677047,7255833.197657801],[52650.16213391803,7255821.421392068],[52651.600383778976,7255810.03075785],[52652.950846260646,7255799.312507717],[52654.381268960715,7255788.464466073],[52654.51289522543,7255787.4559993455],[52655.90644711105,7255776.371545987],[52657.22732326435,7255764.981888352],[52658.50364461553,7255753.417762086],[52658.668764508504,7255752.010574934],[52660.11758208793,7255740.196268266],[52661.662310836546,7255728.64294011],[52663.394826765696,7255716.990519586],[52665.532349838875,7255704.957512125],[52670.219019968994,7255693.722888481],[52677.65843235096,7255683.873953119],[52685.44700171525,7255674.730421866],[52694.39020384138,7255666.294820717],[52703.805167818966,7255659.200947032],[52713.150335904094,7255652.072936416],[52722.45608731045,7255644.884008026],[52730.800191656745,7255636.933642778],[52737.70446359279,7255627.48560806],[52743.12970515172,7255616.858036354],[52747.60246553313,7255605.352053177],[52750.942798831325,7255593.50145999],[52752.9083441032,7255581.4560029],[52754.56977266783,7255569.29986408],[52755.457177768985,7255557.1127890125],[52755.965383226925,7255545.565122372],[52755.707871155464,7255533.2724710535],[52753.482623484626,7255521.085163198],[52750.37393789517,7255509.073606108],[52747.551691433706,7255497.026561898],[52745.12671506801,7255485.0009252075],[52743.89344171184,7255472.772864386],[52742.91101511923,7255460.449527888],[52741.96042676864,7255449.317194404],[52741.833525665745,7255447.732638355],[52741.93262620078,7255436.0195797775],[52744.21878362913,7255423.938967345],[52746.548365327355,7255416.488828324],[52750.61155354307,7255404.989919844],[52754.50300155493,7255393.930901284],[52756.94285935274,7255387.118576414],[52760.65496590844,7255376.87523982],[52764.24827380042,7255367.259748815],[52768.463065537566,7255355.757417122],[52772.405349101755,7255344.637407195],[52776.39449366077,7255333.429291006],[52779.30075258552,7255325.112582644],[52783.161188112106,7255313.961048543],[52787.16049241397,7255302.454296093],[52791.30561272486,7255290.872746201],[52795.433311539,7255279.368705172],[52799.513582185784,7255267.891670549],[52803.242069286236,7255257.184645468],[52807.06394144491,7255246.0644021],[52811.03112237743,7255234.765951032],[52815.04217730899,7255223.518673155],[52819.097430032096,7255212.155882841],[52822.24307071022,7255203.2067899145],[52826.26971234381,7255191.605967347],[52827.805240278365,7255187.22761059],[52830.36159133271,7255179.9790475555],[52834.4928651058,7255168.303538107],[52838.63316465495,7255156.671743754],[52843.38566691568,7255145.441796893],[52848.877269112156,7255134.562608694],[52853.24650446873,7255125.984173305],[52858.856390159344,7255115.219424073],[52864.46447442827,7255104.268817948],[52870.02765276475,7255093.267226521],[52875.57289265579,7255082.236845405],[52880.84824766801,7255071.598755159],[52886.33632117498,7255060.664141341],[52889.457774171315,7255054.547761083],[52891.263481141475,7255051.054938028],[52892.00298999605,7255049.631912554],[52892.27903370251,7255049.102332035],[52897.97101811803,7255038.230843104],[52903.610901536944,7255027.399091408],[52908.39667020069,7255018.062618751],[52913.89726460044,7255006.9781466825],[52919.20927186083,7254995.892235657],[52924.45283101802,7254984.768348829],[52927.90967348445,7254973.0532400785],[52929.815282107564,7254960.9130077185],[52931.79582892911,7254948.8261753805],[52933.880652799155,7254936.694629998],[52936.000309890485,7254924.59286451],[52938.15436622675,7254912.393260878],[52939.84181518608,7254903.049037324],[52941.75397035462,7254891.7436075825],[52942.69355536101,7254879.489712158],[52941.33947923558,7254867.3877060255],[52938.9338635343,7254855.427140722],[52936.46712255286,7254843.487917852],[52934.41239053296,7254833.906208811],[52931.84892564977,7254822.0199368],[52929.22630430793,7254810.112980327],[52924.872475831246,7254798.818114044],[52919.01700202003,7254788.41529777],[52913.23132061859,7254778.225188231],[52907.62325870368,7254768.513257861],[52902.27677184716,7254759.445921693],[52897.03824262996,7254750.40839646],[52891.82252470305,7254741.104959095],[52889.69322988961,7254737.306872625],[52883.994717126654,7254727.348340176],[52877.917707470944,7254716.780179281],[52872.02148062276,7254706.435758455],[52866.1689308646,7254696.261775354],[52860.37161402445,7254686.289700032],[52857.02174742852,7254680.637541739],[52851.94220116746,7254670.381066117],[52847.3937991017,7254659.383595395],[52842.815019119065,7254648.25342503],[52838.193575601035,7254637.113208144],[52833.573530552385,7254626.033448311],[52833.11023376993,7254624.935647547],[52828.42179484677,7254613.813689871],[52823.76514917775,7254602.859565531],[52819.12155980815,7254591.743606761],[52814.606922206876,7254580.503881922],[52810.91689002892,7254569.143920912],[52807.696207125264,7254557.197557241],[52804.36575711216,7254545.374909111],[52800.95263119333,7254533.584676301],[52797.50913612201,7254521.821222374],[52793.2487750522,7254510.249657968],[52787.378446552146,7254499.724652564],[52781.37210489623,7254489.535850707],[52775.39321720932,7254479.680215532],[52773.6524548608,7254476.948494673],[52769.0967442845,7254469.839725509],[52763.04658882308,7254460.419338278],[52757.04710128228,7254450.8938616095],[52751.00194948295,7254441.519938571],[52744.57230180228,7254432.561463797],[52738.24180251773,7254423.860959487],[52731.91574251623,7254415.170811702],[52725.576815159,7254406.339644659],[52719.15948270017,7254397.3996526785],[52712.79105687776,7254388.531094654],[52706.534879685205,7254378.845788947],[52701.33170325222,7254368.322114786],[52696.13950400654,7254357.616325837],[52695.77883196145,7254356.876222746],[52690.89878217864,7254346.758923845],[52685.36639958341,7254336.1714922],[52678.951969210175,7254326.592763692],[52671.320853292535,7254317.562229273],[52663.95995890186,7254308.269905363],[52658.25355831854,7254298.125268215],[52653.946754811855,7254287.884692801],[52649.82860568422,7254277.026417179],[52645.444304559845,7254265.5596990725],[52641.37216661405,7254254.590074333],[52639.75472423091,7254250.328954168],[52635.99248026399,7254240.321011916],[52632.213617093745,7254229.959145345],[52629.14600729931,7254221.448204252],[52625.207815913716,7254210.4423720185],[52621.142017551814,7254199.259487908],[52617.15581750049,7254188.230439421],[52613.0008056963,7254177.000348486],[52608.37606409518,7254165.846105778],[52603.0295845216,7254154.977885643],[52596.44682028971,7254144.824913399],[52589.63186523371,7254134.730826534],[52582.75415622222,7254124.624039905],[52575.80243062443,7254114.536061938],[52568.80503251939,7254104.459037248],[52561.82222663,7254094.439007895],[52554.82833426673,7254084.4453786425],[52547.94575378642,7254074.496885637],[52541.00391619705,7254064.390209727],[52534.06000976084,7254054.216271611],[52527.191978553485,7254044.138963006],[52520.38506768638,7254033.9971060185],[52514.067468711175,7254023.541702166],[52509.848684823606,7254012.23463391],[52507.565076025436,7254000.513054097],[52505.73827557033,7253989.058375113],[52504.00824622926,7253977.887694902],[52502.196219172794,7253966.622068072],[52500.378620056494,7253955.43466622],[52498.567219671444,7253944.178164428],[52496.803325357265,7253932.410226937],[52495.51864670869,7253920.145620458],[52494.78999936546,7253908.671990769],[52494.72248481074,7253907.56356018],[52495.33736705547,7253896.355470628],[52497.11178182042,7253884.650769435],[52498.49070622935,7253874.523594558],[52498.709785574,7253872.87305098],[52498.8244917253,7253871.996304919],[52499.9225299643,7253861.186798044],[52499.45163288765,7253849.535720974],[52497.363344725396,7253838.209937574],[52495.19054228143,7253828.738183243],[52494.81971705024,7253827.063747877],[52492.53258978942,7253815.878669532],[52488.801129114756,7253805.126663338],[52483.54217199673,7253795.142980328],[52478.12367948925,7253785.2949444605],[52472.54475037631,7253775.400725263],[52466.82066391554,7253765.502019968],[52461.04458828468,7253755.6902495865],[52454.84658821486,7253745.296297383],[52448.880185624876,7253735.181382272],[52442.929076715256,7253725.061072471],[52437.24191659287,7253715.41675443],[52436.44986455428,7253714.061724281],[52431.060000019555,7253704.978327321],[52428.31406115764,7253700.649481922],[52427.75456057448,7253699.800303643],[52421.590996748244,7253689.925526103],[52417.25283479667,7253682.3648242755],[52411.78583932115,7253672.799368124],[52406.10222715337,7253662.937581792],[52399.8841789242,7253652.49862645],[52394.98495458835,7253641.338118388],[52391.691063537844,7253629.826839367],[52388.64286162105,7253618.613271971],[52385.89809284359,7253607.617772109],[52383.2046592508,7253596.66547038],[52380.57871040376,7253585.908817215],[52377.74311612698,7253574.631391659],[52374.76981737255,7253562.900605369],[52371.76836489537,7253551.128257485],[52368.88776125398,7253539.660236526],[52366.054529767134,7253528.282595764],[52363.690931856574,7253518.589819597],[52363.236787004804,7253516.687005053],[52360.55668047193,7253505.637947334],[52357.789971137245,7253494.273342005],[52355.019616858626,7253482.902508734],[52351.758904963615,7253471.687582299],[52348.05752982508,7253460.750337755],[52345.03736600495,7253451.730709936],[52344.36353873619,7253449.716932261],[52340.74043139175,7253438.871289093],[52336.98155063734,7253428.263458524],[52333.019588824594,7253417.595622435],[52327.25549424032,7253407.191531064],[52318.84759401425,7253398.697531313],[52309.472289594705,7253391.462092416],[52299.98503087554,7253384.220905017],[52290.50833241729,7253376.988936298],[52281.51089997403,7253368.986655417],[52273.10076010192,7253360.288087966],[52271.25916981354,7253358.391361032],[52270.088463037915,7253357.185290737],[52263.83586231235,7253350.750183849],[52255.14504747157,7253342.186652305],[52245.10262582963,7253335.478591947],[52233.86914662551,7253330.90007828],[52222.174581733125,7253326.8849897515],[52210.59035613021,7253322.847703331],[52199.07185247069,7253318.84452232],[52187.91973822232,7253313.783948202],[52177.16598217818,7253307.649582265],[52167.317342361785,7253300.299049554],[52158.36101188179,7253291.908407493],[52150.170688411046,7253283.001530554],[52143.902998481935,7253272.439057457],[52139.78530199907,7253261.161254035],[52137.555234364176,7253249.297435127],[52137.05206660094,7253237.354143999],[52137.15848902997,7253225.3493328765],[52137.44708748354,7253213.333328366],[52137.153533596196,7253201.161504114],[52136.06675706536,7253189.098216409],[52134.674343967636,7253177.1418461315],[52132.973210632976,7253165.387469772],[52129.880017020565,7253153.922106247],[52124.45173829823,7253143.614953395],[52123.66884664318,7253142.461093776],[52117.105822797865,7253133.116312619],[52110.39677771978,7253124.584621195],[52103.44718849275,7253116.550879502],[52101.14440087776,7253113.825544272],[52093.61709665973,7253105.012081809],[52085.67368665594,7253095.647702374],[52078.2428478442,7253086.990062533],[52073.56006245641,7253081.49456092],[52066.199568967684,7253072.994453447],[52058.64576729975,7253064.305266126],[52051.12328464561,7253055.632415114],[52043.58885209315,7253046.709400463],[52036.56483359984,7253036.922028507],[52031.31970079022,7253025.849459549],[52028.926952863636,7253014.195102177],[52028.757619511045,7253002.121017454],[52028.96229087125,7252990.142473888],[52028.962395454175,7252990.117378108],[52028.94711448171,7252978.026968798],[52028.826778313436,7252965.774336783],[52028.615797077946,7252953.527869728],[52028.37988248217,7252941.25616041],[52028.22796336893,7252929.358333293],[52028.16603051801,7252917.327935005],[52028.15875218058,7252905.147604493],[52028.07920585392,7252892.925835984],[52027.903995456756,7252881.23359821],[52027.8771906115,7252879.541199644],[52027.60064655176,7252867.531489147],[52027.189635061135,7252855.431677513],[52025.021634048375,7252843.299723281],[52019.72628183698,7252832.434624203],[52012.83748440526,7252822.537767272],[52005.66234234144,7252812.972338689],[51998.8217708607,7252803.439752562],[51992.02711047913,7252793.2270861855],[51984.98614688759,7252783.027521394],[51978.065752746596,7252773.0279934],[51971.46624326968,7252763.398593297],[51965.843083254236,7252755.012970298],[51959.4492967815,7252745.496965646],[51952.9131934077,7252735.836181015],[51952.89818120544,7252735.814481569],[51947.67122533324,7252727.590636705],[51941.98092724872,7252716.810509082],[51936.45496621553,7252705.897221994],[51930.905258932326,7252694.9317399915],[51925.03584490623,7252684.1165771745],[51918.05231452908,7252674.231562465],[51908.98628764809,7252665.943259579],[51899.67560073821,7252657.992286848],[51893.00210046198,7252648.037689395],[51889.91395473154,7252636.869339194],[51890.222943763016,7252625.87147112],[51892.10642068583,7252614.929717274],[51894.64526993729,7252603.889630493],[51897.481363641215,7252593.025892833],[51900.16996830754,7252582.298189146],[51902.81869563245,7252571.087196895],[51902.81990302168,7252571.081238933],[51905.40398843883,7252559.696895911],[51907.931714211125,7252548.202663304],[51909.86986295215,7252536.610327406],[51910.57875997323,7252525.7154010255],[51910.66682321968,7252514.654610139],[51910.45111670421,7252502.793997696],[51910.20465996163,7252490.87496936],[51910.14422224782,7252488.373523973],[51909.90890417533,7252477.41384729],[51909.6865321729,7252465.427743457],[51909.522985829506,7252453.519291097],[51909.44264766632,7252441.568339115],[51909.30189341598,7252429.666956522],[51909.12211828114,7252417.671461819],[51909.01786061091,7252405.945292337],[51907.77090734441,7252393.8999336045],[51905.06093097001,7252384.4685914125],[51904.20977728366,7252382.493211433],[51899.54914757644,7252371.476364665],[51894.94655618386,7252360.530366562],[51890.35075731424,7252349.750174297],[51885.80048785312,7252338.938917164],[51881.047701403615,7252327.8728653025],[51876.32623980753,7252316.779174227],[51871.21993254416,7252306.108999703],[51864.28838273202,7252296.777003547],[51856.89455920691,7252287.6894239],[51849.64250418806,7252278.005170496],[51843.12854273472,7252268.916165749],[51842.40596514655,7252267.918383244],[51837.35003140813,7252260.803478671],[51830.313704454165,7252250.659213493],[51823.49034091865,7252240.826381744],[51816.35759907792,7252230.754272105],[51809.36096721352,7252220.756210964],[51802.900255841145,7252210.251019176],[51796.977604150656,7252199.419459617],[51791.12115480477,7252188.654015642],[51785.37782244157,7252177.7370921625],[51779.575354758534,7252166.861778797],[51773.917230956955,7252156.425056146],[51768.08839394525,7252145.741009539],[51762.57983091666,7252135.504489046],[51757.08099235833,7252125.346577037],[51751.67824695894,7252115.305284657],[51746.10997086676,7252105.035050196],[51740.510604871844,7252094.6078752745],[51735.01030082925,7252084.436906388],[51729.24406064581,7252073.947329529],[51723.69842763955,7252064.008103929],[51717.8228820833,7252053.472432472],[51712.041429637815,7252042.965134852],[51706.39267631236,7252032.564984556],[51700.6460037863,7252021.883446483],[51695.043873780116,7252011.312772432],[51689.774635135895,7252000.907170344],[51685.71306990535,7251989.952854484],[51682.632884472376,7251978.265224114],[51680.304164580186,7251967.621750071],[51678.457885364885,7251958.372857339],[51678.2634269938,7251957.411321243],[51676.08935742953,7251946.83284129],[51673.80516026402,7251936.1582699735],[51671.42810870975,7251924.790448953],[51668.81923215656,7251912.899891694],[51666.565970589814,7251902.369032476],[51664.95136066852,7251891.798173665],[51664.020086015924,7251883.297667007],[51662.82127578382,7251872.21234248],[51661.6998015283,7251861.879955844],[51660.471329269814,7251851.015006859],[51659.29515435727,7251840.169525946],[51658.03705102595,7251829.155793294],[51657.27872889058,7251818.047795737],[51657.864829433616,7251806.772026117],[51659.35253478639,7251795.688587278],[51661.09681147814,7251784.4038059525],[51663.00429056771,7251773.990699172],[51663.273408170615,7251772.570114072],[51665.92479549558,7251760.687102441],[51668.37166270852,7251749.047883473],[51668.637003675976,7251736.766158671],[51666.11848401377,7251724.852316345],[51662.97147445299,7251712.9721360225],[51660.09984329692,7251701.035932522],[51657.24103894801,7251689.035951953],[51654.603018654394,7251677.124883551],[51652.70255637821,7251668.766349398],[51651.730680611916,7251665.114353437],[51648.77064544591,7251653.727900196],[51645.75392248988,7251642.058068311],[51642.78030277003,7251630.7281434],[51639.714927758265,7251619.226758327],[51636.60114657757,7251607.620846558],[51633.29038870812,7251595.699343048],[51629.92032551748,7251583.762249863],[51626.03033046023,7251572.012828322],[51620.72517064371,7251562.718130786],[51612.575973860454,7251553.475820046],[51611.755766339134,7251552.623216474],[51603.51842957997,7251544.311929934],[51595.205733961135,7251536.273169814],[51585.72213120398,7251528.448894342],[51575.12076019391,7251522.385994698],[51563.99794900825,7251517.436830221],[51552.89353144041,7251512.567660589],[51541.787292251305,7251507.720411136],[51540.59928462404,7251507.2036839705],[51530.5535486897,7251502.603797076],[51519.64681869041,7251497.461375312],[51508.5362668485,7251492.095529791],[51497.5674079131,7251486.653428901],[51486.60964412015,7251481.260100302],[51475.893401128356,7251476.028763896],[51464.99027012923,7251470.6207544515],[51453.98651844048,7251465.039653592],[51444.67740192631,7251460.203319648],[51434.82176699862,7251455.134308698],[51425.48050933238,7251450.504151238],[51414.48877441243,7251445.308891155],[51403.89223493164,7251440.27651258],[51392.886509478965,7251434.763591545],[51381.83556423534,7251429.272734279],[51370.704205577786,7251423.695179533],[51370.046840603696,7251423.360392567],[51367.67547083809,7251422.150470038],[51359.79385844938,7251418.087152297],[51348.89966635505,7251412.525063571],[51338.04079831834,7251407.205112714],[51327.196633222164,7251401.963260636],[51316.34315789165,7251396.683668656],[51305.4166239475,7251391.374925084],[51294.47802849818,7251386.134858137],[51283.64000477828,7251380.661384091],[51274.988201059576,7251373.94806241],[51266.01714325545,7251365.872308555],[51256.902515906724,7251357.893607488],[51248.27963266865,7251349.494096503],[51241.00118412386,7251340.000061039],[51234.36459189869,7251329.9805967035],[51232.497032265994,7251327.103591299],[51226.96778023912,7251316.200013279],[51222.92291916389,7251306.282509375],[51218.73243160255,7251295.618275232],[51214.50712471525,7251284.834071721],[51210.07798627793,7251273.661855002],[51205.57064052945,7251263.017734714],[51200.97101349867,7251252.760873396],[51196.49324086,7251242.697885843],[51192.21797436854,7251232.683908798],[51187.23453322484,7251222.825472789],[51180.54540210619,7251213.389539262],[51172.92403364787,7251204.345962858],[51164.022536290635,7251196.241054034],[51154.568292914075,7251190.164430651],[51144.759716571774,7251184.047060953],[51134.75746844296,7251178.092636006],[51133.611583988066,7251177.435412938],[51124.350700013165,7251171.982215907],[51115.36942773062,7251166.486023077],[51105.658234005445,7251160.779267227],[51098.31338407687,7251157.329284102],[51087.83840508998,7251152.863963746],[51077.527737453114,7251148.421751186],[51067.264922807924,7251143.920559388],[51056.602242144465,7251139.135913642],[51045.96570903098,7251134.1679717675],[51037.230004964455,7251129.42992107],[51032.31520748837,7251126.634612508],[51026.93637442298,7251123.574202117],[51016.85357156291,7251118.106716482],[51008.03946949419,7251114.033452094],[50998.42677662056,7251109.688299654],[50997.16974983248,7251109.119292053],[50987.412132153055,7251103.327297295],[50979.99785896862,7251096.439445473],[50972.32406958827,7251087.51384886],[50964.440424711036,7251078.139617154],[50956.52365719376,7251068.742977038],[50948.98697367415,7251059.667895393],[50941.13447885495,7251050.269003365],[50933.637963837944,7251041.215763245],[50927.60013619764,7251031.0871877875],[50924.8389967464,7251020.65425281],[50925.1551012359,7251008.634274872],[50927.5449416046,7250997.225229297],[50930.11359998188,7250985.698617649],[50932.75837026641,7250974.010892317],[50935.351851018495,7250962.624802808],[50938.0703536768,7250950.609184982],[50938.54484804819,7250948.466399151],[50940.84189064358,7250937.961028806],[50943.27769574011,7250926.805809222],[50945.0515805622,7250918.748277848],[50946.52991013246,7250906.558790004],[50945.80022957001,7250894.367384188],[50944.09973356227,7250882.35516312],[50942.428452956665,7250870.476498192],[50940.886737017485,7250859.323720244],[50939.42804694775,7250848.15265423],[50938.03494499985,7250837.2933589015],[50937.48278097616,7250833.083966659],[50936.00919248827,7250822.753806377],[50935.09507892787,7250816.716793534],[50933.66667818371,7250807.072789981],[50932.750111514644,7250800.771817339],[50931.50365269015,7250791.023453748],[50930.45294866216,7250780.796240851],[50929.045132580504,7250768.926146256],[50928.70452599693,7250766.362113064],[50927.02582165395,7250754.834369954],[50926.84778153058,7250753.751065863],[50926.78597587964,7250753.376224014],[50924.82347369834,7250741.323141966],[50923.05114227196,7250729.529468415],[50921.583806812996,7250718.603665814],[50920.165202151285,7250708.071381051],[50918.820336657576,7250697.597359974],[50917.46815181401,7250687.245488355],[50916.06203094567,7250677.002698006],[50914.599030449,7250666.613787441],[50913.17132482899,7250656.131179902],[50911.63122560445,7250644.5764002],[50910.07635810936,7250633.086109038],[50909.27517384547,7250627.355849243],[50906.054280443874,7250615.563529375],[50900.31543360278,7250604.86412026],[50893.01804395451,7250595.070294259],[50884.46028496773,7250586.244179335],[50881.21273703495,7250583.244297661],[50872.18884728488,7250574.841125606],[50863.18976889766,7250566.401770464],[50854.555900271866,7250558.254507065],[50846.91511732293,7250548.605946062],[50842.11491735827,7250537.369105637],[50840.43781833368,7250525.758974658],[50841.94409429649,7250513.91378998],[50845.13972588716,7250502.388728397],[50849.15721605747,7250491.425412587],[50855.072841202025,7250480.914850145],[50856.044003484654,7250479.49791846],[50861.90455085813,7250470.924121165],[50868.667787192215,7250460.962368406],[50875.203668678005,7250451.356932427],[50882.20989327243,7250441.410975298],[50889.85974186211,7250431.796280237],[50897.337301050895,7250422.677520674],[50905.15016298363,7250413.140318891],[50912.65036322299,7250403.917228771],[50919.60447247088,7250393.69913226],[50923.895325417456,7250382.084791231],[50926.006455609924,7250369.901138549],[50926.79785995855,7250357.980257619],[50925.567483797204,7250345.864261551],[50921.79039154388,7250334.399548119],[50916.87580206117,7250323.803596316],[50912.033905599965,7250313.058411153],[50907.210621323204,7250302.140463576],[50903.90388045588,7250294.329952492],[50902.45335715084,7250290.748991085],[50898.792201718024,7250279.090796597],[50896.748154096305,7250267.069235027],[50895.47310810472,7250255.124805432],[50894.86251239438,7250243.055971382],[50894.44604441506,7250231.046879619],[50893.97676457104,7250219.006525318],[50893.40394000162,7250206.970461329],[50892.82839332725,7250195.338679351],[50892.25857031328,7250183.780272215],[50891.48363347078,7250171.870896541],[50889.76508610748,7250160.337156354],[50887.574262786075,7250149.281252155],[50885.35576752981,7250137.826959997],[50883.30284884648,7250126.667816528],[50881.17420071259,7250115.222445719],[50879.05802423187,7250103.609112244],[50876.94117470656,7250092.169121085],[50874.818443497876,7250081.025024451],[50872.61596082052,7250069.434975339],[50870.322341321094,7250057.658262225],[50868.154431371426,7250046.012473753],[50866.021697272954,7250033.956128515],[50864.651209719595,7250026.071056744],[50862.69456009485,7250014.413710715],[50860.68452508177,7250003.075811617],[50859.027460934536,7249994.091787482],[50856.918054384354,7249982.415579602],[50854.79758077621,7249971.402929988],[50852.035184160224,7249959.836277057],[50849.21425165841,7249948.395546308],[50846.37239421968,7249937.065192806],[50843.570121452445,7249925.702475859],[50840.75086077169,7249914.382184306],[50837.98715291126,7249903.189754687],[50835.520259004436,7249891.727453717],[50835.15618892416,7249879.691617305],[50837.250837545726,7249867.702675374],[50840.22893709049,7249855.783940793],[50843.847024440765,7249844.282431394],[50847.90736024326,7249832.530672314],[50851.96358697419,7249821.306317004],[50856.11006701144,7249809.648433726],[50859.85723838513,7249799.131905256],[50862.8049262971,7249787.156427685],[50863.153830758936,7249774.784873359],[50862.0421380325,7249762.570641994],[50860.896168492094,7249750.294654163],[50859.85741328797,7249738.430861488],[50859.55235793465,7249728.700789379],[50859.93135324033,7249716.373749768],[50860.435946251906,7249704.750261502],[50861.45554581046,7249692.637892812],[50863.5190964528,7249683.793619785],[50866.95662148518,7249672.039342767],[50870.71039520227,7249660.644210136],[50876.12102343654,7249650.031280037],[50882.18478370708,7249639.35077879],[50888.29609271436,7249628.682376262],[50894.2913917306,7249618.073942006],[50898.82164528535,7249606.654904008],[50900.20338007709,7249594.544340238],[50900.08723648556,7249582.276583721],[50898.36236284138,7249570.207969585],[50893.575425637595,7249558.787034235],[50887.412547398184,7249548.473188725],[50881.33070805605,7249537.959293267],[50875.339169161336,7249527.37803393],[50869.87136835739,7249516.544067825],[50866.213830787805,7249504.920020437],[50863.19128837425,7249493.206598951],[50861.47300041054,7249481.239472334],[50862.27492865111,7249469.103573175],[50865.87481957971,7249457.514963791],[50870.89435404306,7249446.421294048],[50875.960782225826,7249435.266513465],[50879.827532915515,7249423.629513208],[50882.45997169713,7249411.6835304815],[50884.58507543872,7249399.9818995055],[50886.238597967604,7249388.214482283],[50887.96589426382,7249376.734117178],[50889.612922498665,7249365.318439636],[50891.18682826817,7249353.9037115555],[50892.73496939603,7249342.3432100145],[50894.51001849334,7249330.937256925],[50894.65839010035,7249330.210423835],[50897.11473740515,7249320.053222088],[50899.8639711719,7249309.32915858],[50902.591022713925,7249298.470655438],[50905.283998478844,7249287.7711915],[50905.972241927404,7249285.035758667],[50906.8940419319,7249281.323605365],[50907.41567330982,7249279.2027953975],[50907.416884834296,7249279.199836235],[50908.66181071015,7249274.095404433],[50911.44638631033,7249262.749886967],[50914.204759143526,7249250.929731363],[50915.12007922534,7249239.865044555],[50913.942109630385,7249229.821881578],[50911.73501219641,7249218.272523424],[50911.14201500756,7249215.517890715],[50908.58562398871,7249203.995577127],[50906.10118438932,7249193.118203182],[50903.529836330155,7249181.818853333],[50900.832075649756,7249170.065476451],[50898.109497823345,7249158.355269349],[50895.38303224294,7249146.935690723],[50893.04522025958,7249135.438815457],[50892.925850960484,7249123.587309035],[50895.02306735923,7249111.904651943],[50899.907247512485,7249100.812024494],[50907.71775278542,7249091.470440257],[50916.48950740992,7249083.832303064],[50917.52145313076,7249082.927687267],[50926.19057503104,7249075.001220202],[50933.845887827454,7249065.518409956],[50939.41873474489,7249054.755964041],[50943.09352336021,7249043.195898356],[50944.19263379433,7249031.035924182],[50942.75966008793,7249018.945046507],[50940.287815419724,7249006.848528108],[50938.70948333753,7248994.711042387],[50938.15480759379,7248982.542383619],[50937.592034045374,7248970.373460544],[50937.026899394754,7248958.258435557],[50936.376600336225,7248946.050564967],[50937.0514511154,7248933.866881268],[50940.0491832057,7248921.9861163525],[50944.139170945855,7248910.796421132],[50948.196684268885,7248899.592118199],[50952.314884712105,7248888.080710836],[50956.30623476708,7248876.644911608],[50959.52660016646,7248867.435300413],[50960.34885569045,7248865.23144008],[50965.149545318855,7248854.122097051],[50970.39770758862,7248843.123845155],[50976.62762559048,7248832.704554072],[50984.63612191618,7248823.491022579],[50993.458778317145,7248814.972377336],[51001.49343922018,7248805.642745577],[51008.636179059045,7248795.795274263],[51014.49807974696,7248785.030580677],[51017.704541329935,7248773.172163423],[51018.557013706304,7248760.82768335],[51017.12459987262,7248749.227276401],[51016.84431780659,7248748.212824665],[51012.10788985604,7248737.582499887],[51004.60852326866,7248727.848812454],[50995.38450535573,7248719.874876613],[50984.815426515765,7248713.74269249],[50973.48788508994,7248708.840102989],[50962.04392028233,7248704.465023065],[50950.66265545011,7248700.284443598],[50947.729991348344,7248699.200217187],[50938.704349191335,7248695.856597666],[50927.66552894196,7248691.529560888],[50916.743153082905,7248686.245522762],[50906.81414920703,7248679.358145937],[50898.03935697104,7248670.952526622],[50889.49618019891,7248662.189946927],[50880.96543768613,7248653.528275094],[50872.39350358391,7248644.892907523],[50863.827713893435,7248636.252846151],[50855.64651376865,7248627.218274899],[50849.30817242368,7248616.654817104],[50845.222422999796,7248605.305722547],[50842.66311819764,7248593.5795737505],[50840.85262042377,7248581.772878872],[50839.15866871615,7248570.097812904],[50837.56226531125,7248558.487231262],[50835.85592630075,7248546.890834942],[50834.10322178149,7248534.9102106225],[50832.44875275303,7248523.2528648395],[50830.84247783653,7248511.728029872],[50829.137156844896,7248499.901989058],[50827.439427529695,7248489.317188812],[50827.16774295573,7248487.809566118],[50825.06618582568,7248476.27891163],[50822.914652283536,7248464.086147776],[50822.31542588939,7248451.789056128],[50823.174059282814,7248439.514166787],[50824.208978178736,7248428.265229396],[50825.50440474163,7248416.114751482],[50826.63236804312,7248404.5769793345],[50827.79724190582,7248392.475999092],[50828.958366216975,7248380.185315724],[50830.193999724346,7248367.934933117],[50831.455399823026,7248355.895406654],[50832.6790116115,7248344.075992701],[50833.853856666945,7248332.113830652],[50834.96016058035,7248320.043371081],[50835.989229898085,7248307.814131057],[50836.9177059104,7248295.6575773675],[50836.98781266494,7248294.65753836],[50837.18927883939,7248282.588345076],[50836.74379456765,7248272.292471705],[50836.28345789347,7248261.606512223],[50835.897922756965,7248251.520942828],[50835.49942622986,7248241.139639682],[50835.0970693609,7248230.842616668],[50834.5341867184,7248219.888432562],[50834.35410730401,7248217.0295182895],[50834.116496356146,7248212.288134128],[50834.04719684803,7248210.443263434],[50833.65375274891,7248200.426514609],[50833.349616502994,7248192.001625476],[50833.22515145107,7248188.403858855],[50832.803724691505,7248177.743820826],[50832.33137600811,7248166.851781988],[50831.839876468934,7248155.530534366],[50831.42237015779,7248143.618744467],[50831.0522169281,7248131.50136939],[50830.646620324,7248119.20580729],[50830.02781423979,7248106.923950883],[50828.49407861475,7248094.940893767],[50826.72448122129,7248083.209362078],[50825.03690054582,7248071.4371896675],[50823.36006170773,7248059.674584575],[50821.64689892705,7248047.823056065],[50819.970646436384,7248036.341230262],[50818.32340959599,7248025.203861125],[50816.56592095224,7248013.471829872],[50815.057975145,7248003.223379032],[50813.368253144785,7247991.685802033],[50810.07284329273,7247980.408727903],[50805.53224075702,7247969.757749609],[50800.9959456168,7247959.189427122],[50796.546283739386,7247948.951889724],[50792.17591214995,7247939.1490734145],[50789.93926867237,7247934.288633747],[50785.51598009304,7247924.775400924],[50780.94591998233,7247914.743166757],[50780.93404441484,7247914.71568061],[50776.083278202335,7247903.817342834],[50773.61143907136,7247898.305518679],[50768.47975149081,7247887.15712356],[50764.34829332953,7247875.686613987],[50763.34419813979,7247872.065042274],[50761.35086695396,7247861.177247297],[50761.114679177175,7247858.408122353],[50760.80730283586,7247850.399479656],[50760.35472342197,7247838.696763465],[50759.79858934996,7247829.15935958],[50759.206739126006,7247820.322474552],[50758.62950188841,7247808.964423772],[50757.41972302087,7247797.256336776],[50755.21581000526,7247785.435419583],[50753.08754124894,7247773.579651559],[50750.8265168331,7247762.005979314],[50746.97497504292,7247750.809573428],[50741.32728432905,7247739.989500625],[50735.103351928934,7247729.47415079],[50728.77335718024,7247719.019308189],[50722.363887433894,7247708.596075438],[50717.09718881472,7247697.573064154],[50712.871997100476,7247686.320138622],[50708.57578184712,7247674.830332482],[50704.18000491016,7247663.394361444],[50699.74551703583,7247652.315741392],[50695.05338972085,7247640.8886450585],[50691.470457914635,7247629.219740482],[50690.61080612871,7247617.032494301],[50691.03331530449,7247604.822544688],[50691.07153353514,7247603.703738887],[50691.630015722534,7247591.728565546],[50692.268572092464,7247580.670149121],[50692.99399794341,7247568.595579548],[50693.6416537746,7247556.556011766],[50694.34128675569,7247544.793682348],[50694.87840062124,7247535.925416025],[50695.03707906912,7247532.937825111],[50695.43858553085,7247521.247733774],[50695.7432472987,7247509.024610037],[50696.127403714694,7247497.158031492],[50696.19921054301,7247485.119225351],[50694.28136084514,7247473.091146855],[50690.152756711235,7247462.103338437],[50684.88972247689,7247451.205907116],[50679.491773307265,7247440.3617115775],[50675.5367227479,7247428.942085673],[50674.254784014134,7247417.167528497],[50673.73707321007,7247405.257307833],[50673.16792436037,7247393.51333333],[50672.48455562082,7247381.744197251],[50671.94360119599,7247370.978592161],[50671.88707643276,7247369.526620723],[50671.359493926226,7247357.546551907],[50670.870488447545,7247345.555413416],[50670.45391775365,7247333.559307647],[50671.74835152435,7247321.707760887],[50675.76348419697,7247310.514832104],[50680.7924880223,7247299.922281358],[50685.81990268675,7247289.29747042],[50690.78762308869,7247278.796543878],[50695.78914276854,7247268.234969366],[50700.78228692507,7247257.727985324],[50705.827315249655,7247247.134177517],[50710.44983842835,7247237.479713425],[50710.932026633585,7247236.48478644],[50716.14706799266,7247225.790127101],[50721.48249545996,7247215.04952793],[50726.836804843915,7247204.245683823],[50733.122887060745,7247194.287313905],[50741.38048631337,7247185.621594193],[50750.68202498305,7247178.122417077],[50751.608823041606,7247177.420978937],[50760.43783416913,7247170.741563094],[50770.09758128837,7247163.514944278],[50779.64209395985,7247156.309439368],[50789.16168262408,7247149.053583395],[50798.555459763855,7247141.832379276],[50808.10245875438,7247134.45335263],[50817.7172398867,7247126.835529434],[50827.17196284846,7247119.34519897],[50835.9515676889,7247112.469002358],[50836.786948294204,7247111.813667422],[50846.081771227706,7247104.538901895],[50855.77510727348,7247096.981817822],[50865.31373736035,7247089.565284332],[50874.86430601537,7247082.065173313],[50884.1619089889,7247074.747388363],[50893.76437731262,7247067.181213338],[50903.3731228768,7247059.630453598],[50913.02757496381,7247052.1137204785],[50922.68986583658,7247044.648437247],[50932.39258694794,7247037.245328976],[50942.26230835216,7247030.327889093],[50952.12378404959,7247023.75935068],[50961.575752612844,7247017.492755718],[50971.3129448971,7247011.060979549],[50981.10984407045,7247004.544739631],[50990.92746157176,7246997.949206151],[51000.88260157936,7246991.372589305],[51011.020879381336,7246984.895562507],[51020.81318296224,7246978.690010707],[51030.98745306552,7246972.1933777835],[51041.08733541251,7246965.61223991],[51050.78662859538,7246958.397428475],[51058.98973663582,7246949.579982148],[51065.23388961633,7246939.479442653],[51071.17746817798,7246928.733612971],[51076.81271941459,7246917.884994752],[51082.17070554738,7246906.9508157745],[51084.0096342279,7246903.144629667],[51087.41101208085,7246896.047672768],[51092.683667085425,7246885.27441418],[51098.00451283681,7246874.549260392],[51103.3129705484,7246863.827700243],[51108.73778462602,7246853.087276182],[51114.200031308515,7246842.429590235],[51119.90742191125,7246831.648399062],[51125.72216680535,7246821.003202062],[51132.44470839726,7246810.635817554],[51139.608299346175,7246800.683182668],[51145.448179639934,7246790.879864133],[51145.95609654585,7246789.849896105],[51149.60655024863,7246779.715324568],[51151.92758082156,7246767.99644991],[51153.39896079496,7246756.868042629],[51154.59704319853,7246746.135875972],[51155.884947903454,7246735.051687396],[51156.49766204279,7246723.6928260755],[51157.06493522029,7246712.36613481],[51157.50642457139,7246701.048892582],[51157.75503606832,7246689.7814484425],[51157.98704064748,7246678.594426059],[51158.23746392573,7246667.21864547],[51158.65608964494,7246655.623561029],[51159.08673056454,7246643.753215501],[51159.390426492144,7246631.533110686],[51159.682271080615,7246619.331499692],[51159.976688955736,7246607.04789857],[51160.260593340616,7246594.797717011],[51160.50050156668,7246582.454587024],[51160.552509574336,7246579.749288604],[51160.74480200809,7246567.414934786],[51160.91759179934,7246555.137918698],[51161.245911957405,7246546.3196279],[51161.563226864906,7246533.949589597],[51161.68127827707,7246527.76346875],[51162.078396548284,7246519.549036518],[51162.542915779166,7246509.484752901],[51162.662869168096,7246506.784556894],[51163.16266431508,7246495.143916667],[51163.6608486973,7246482.97446372],[51163.99076033116,7246471.3654903425],[51164.38561409485,7246459.443332592],[51164.92294178222,7246447.658870266],[51165.40292490792,7246436.035464464],[51165.721875388,7246424.859270148],[51165.47293752269,7246414.115579457],[51165.261394373316,7246410.037418332],[51164.72163574811,7246403.028769977],[51162.742755424115,7246393.16070126],[51158.06857992802,7246382.336374996],[51152.6314547832,7246371.293814508],[51151.96993016469,7246369.59645102],[51147.61913580261,7246358.354077473],[51143.5526321762,7246347.236362169],[51139.60259220941,7246335.593236811],[51135.94252282346,7246324.065293161],[51134.2953025797,7246312.888735661],[51134.26822354307,7246300.865742922],[51134.67104448681,7246288.744373407],[51135.194239396835,7246276.847828558],[51135.85321032553,7246264.986585568],[51136.65359266335,7246252.994014903],[51136.938278942485,7246240.86535026],[51135.651750330406,7246228.763752403],[51133.360522665724,7246217.153601347],[51130.73009126063,7246205.365908492],[51128.00796092674,7246193.630532352],[51125.25676744559,7246181.804469768],[51122.465229837224,7246170.100034364],[51119.70496207074,7246158.7982129855],[51116.68232501467,7246147.12277752],[51112.46763935167,7246135.682678131],[51106.485576130624,7246124.94304431],[51099.79741364211,7246114.772223504],[51092.92743027391,7246104.785049135],[51086.088145360176,7246094.786098483],[51079.27863105392,7246084.704373414],[51072.634613074246,7246074.576619052],[51066.40381048049,7246064.200231995],[51062.17726882803,7246053.051473884],[51061.035743630026,7246042.032647908],[51061.739878313965,7246030.197300548],[51063.159298680665,7246019.227123634],[51064.66686638229,7246009.121654695],[51065.12114429148,7246006.031872453],[51066.56734860805,7245996.68294867],[51066.97631274816,7245994.09379519],[51067.4932139545,7245989.969523449],[51068.67729636282,7245978.349961247],[51068.99537440535,7245975.27528375],[51070.079613734444,7245963.693446785],[51071.08959583152,7245951.973915752],[51072.28349694639,7245940.612668528],[51073.26642095513,7245928.824729991],[51074.43904053111,7245916.6710351575],[51075.849685916386,7245905.1246105805],[51076.98957522435,7245893.918531111],[51078.05547593179,7245881.932611806],[51078.080833655724,7245881.608807644],[51079.18027564621,7245869.725603099],[51080.39725352684,7245858.206846969],[51081.61223369982,7245846.615725048],[51082.83080606733,7245835.104017861],[51084.184871765785,7245824.158143049],[51085.59911246342,7245813.716448611],[51086.96683338733,7245803.3959593605],[51088.205860588,7245793.171227663],[51089.33106394962,7245782.527304554],[51089.606235795014,7245771.458503315],[51088.09783815761,7245760.298100283],[51085.49610542698,7245748.882912869],[51082.66199037561,7245737.30299318],[51079.57196074218,7245725.63353912],[51075.277774581686,7245714.1987944],[51070.223616804054,7245703.257357837],[51065.199818042456,7245692.081458662],[51060.80551058671,7245680.687641193],[51056.6136390348,7245669.096960271],[51052.56848471315,7245657.703309098],[51048.48403304664,7245646.175544395],[51044.43497406499,7245634.619389303],[51040.437691967236,7245622.983068569],[51036.587187436875,7245611.54500171],[51032.73619121546,7245600.137791324],[51028.81158914679,7245588.6944147255],[51024.871663933096,7245577.3948040735],[51020.93034379574,7245566.104030291],[51017.050369986624,7245555.0828015525],[51013.043880382786,7245543.652847256],[51009.06781358627,7245532.241208428],[51005.1045075123,7245520.83320412],[51001.16405689332,7245509.433161907],[50997.23878129473,7245497.959645521],[50993.330425512046,7245486.557979904],[50989.41803324438,7245475.224371647],[50985.455521797645,7245463.892679594],[50981.50200443296,7245452.537178177],[50977.68437331106,7245441.126579121],[50974.02854144381,7245429.661839153],[50972.958372508874,7245426.312299553],[50969.5136503753,7245415.11166267],[50965.35289306968,7245403.794146353],[50959.97014796821,7245392.932420218],[50953.71321634081,7245382.582922252],[50947.196749209834,7245372.544029587],[50940.622853653214,7245362.445395043],[50934.31788841315,7245352.842090718],[50927.85472768871,7245343.074357482],[50920.96069897001,7245333.091093445],[50913.49285409512,7245324.08642849],[50904.83716016507,7245316.289655555],[50894.62071103894,7245309.423054764],[50883.87534187321,7245303.289623914],[50882.54425409844,7245302.535833109],[50881.64967826096,7245302.0298505835],[50881.2474631638,7245301.802486174],[50879.81784970412,7245300.984062545],[50878.40242663195,7245300.187314594],[50878.0156714769,7245299.970672283],[50877.06526865065,7245299.436323693],[50873.341503639764,7245297.342006648],[50862.612574243976,7245291.267399527],[50851.96212880395,7245285.145144205],[50841.31579563656,7245278.949934723],[50830.73930965585,7245272.763658807],[50820.04762001312,7245266.52718888],[50809.45409391727,7245260.388426501],[50798.838505713094,7245254.267592396],[50788.16209740838,7245248.141208965],[50777.61399802775,7245242.129732531],[50767.50636445271,7245236.3444201425],[50756.95415476302,7245230.288587885],[50746.443024997716,7245224.259853286],[50735.92397842673,7245218.225519538],[50725.39271150477,7245212.0814924585],[50714.93798559182,7245205.797240487],[50704.546532936336,7245199.235946843],[50694.59878505912,7245192.075293532],[50685.4853203168,7245184.147781692],[50676.873276191065,7245175.588367835],[50668.42549424223,7245166.877713371],[50660.003397097695,7245158.172221817],[50651.72384995688,7245149.490036484],[50650.40567182464,7245148.102699347],[50641.966318364895,7245139.516686594],[50633.29124807572,7245131.023812895],[50624.60761078965,7245122.449132555],[50616.00553678075,7245113.934305239],[50607.440671245626,7245105.512422769],[50601.2035437813,7245099.42511001],[50598.86015140166,7245097.17298487],[50590.40956182638,7245088.659862215],[50581.970788989565,7245079.87834865],[50579.301862538035,7245077.158455892],[50575.120900393755,7245072.899281362],[50568.22379235097,7245065.920221895],[50566.878566802596,7245064.554757848],[50558.53910168965,7245056.047458887],[50550.132618546195,7245047.535187256],[50541.65537958441,7245039.057914059],[50533.22973900894,7245030.661173118],[50524.728787051805,7245022.063497199],[50516.38838197052,7245013.440738694],[50507.965976250474,7245004.539527462],[50500.138946025574,7244995.148984129],[50493.79963491339,7244984.620228439],[50488.43711215764,7244973.482440507],[50483.107661620656,7244962.415254006],[50477.7942742618,7244951.346811481],[50472.49763416051,7244940.355434035],[50467.13254918583,7244929.343824541],[50461.85227156099,7244918.435382152],[50456.77726771915,7244907.876047261],[50451.89842466847,7244897.7617022805],[50451.87263248605,7244897.707438707],[50446.78523606958,7244887.385253872],[50443.326534114254,7244880.508562707],[50438.314786949486,7244870.129536756],[50433.21715875727,7244859.538127036],[50427.75609765662,7244848.612647131],[50422.65223538573,7244838.206389181],[50420.41491698078,7244833.6377085615],[50415.43371766724,7244823.137608126],[50410.34315307229,7244812.45223284],[50405.26787938614,7244801.900850439],[50400.1242444854,7244791.283258799],[50394.97238019388,7244780.694492975],[50389.761288388865,7244769.9926148],[50384.462783614,7244759.131500734],[50379.1506424619,7244748.284819599],[50374.30708891456,7244738.415691785],[50369.08286848245,7244727.738359125],[50363.72548208537,7244716.782346927],[50358.41956045444,7244705.910865333],[50353.08634137019,7244694.88266745],[50346.860071117466,7244684.451113261],[50339.92876085674,7244674.40466435],[50333.137898166315,7244664.312378218],[50326.451733749476,7244654.278928999],[50319.89521697402,7244644.421525711],[50313.69768558268,7244634.8640583325],[50307.739577522734,7244625.472565389],[50301.9714767338,7244616.348164672],[50296.529541492346,7244607.625472474],[50291.422107976105,7244599.374953322],[50286.29523930955,7244591.176661418],[50281.0811570111,7244582.884333137],[50275.74111759459,7244574.5392387],[50272.73640028143,7244569.857467217],[50269.92184234224,7244565.571184926],[50263.4890912571,7244555.774537234],[50257.3182838278,7244546.202020427],[50255.160159542575,7244542.887776883],[50249.00577035156,7244533.259815324],[50242.90257275093,7244523.476702744],[50236.80113579647,7244513.444752305],[50230.74112624186,7244503.658600343],[50224.20337730134,7244493.557288602],[50217.05088054645,7244483.773057798],[50210.39223554684,7244476.02786118],[50209.08403094666,7244474.617907722],[50200.81377872394,7244465.726266434],[50199.1703536681,7244463.956503383],[50192.20361996046,7244457.055402389],[50182.989958896185,7244448.921775723],[50173.772108582314,7244440.907285033],[50164.75208542461,7244433.0941700265],[50155.77818930877,7244425.324204057],[50146.918053907575,7244417.500086896],[50137.986971861625,7244409.648652878],[50128.85679816414,7244401.805582531],[50119.69738797599,7244394.100709515],[50110.11577748798,7244386.759300294],[50099.450236504956,7244380.499722276],[50088.54751552793,7244375.636098431],[50077.793904213526,7244371.282677006],[50066.98540919926,7244366.990090188],[50056.243534168054,7244362.869931992],[50045.588154436206,7244358.788577883],[50034.83339222765,7244354.619666843],[50027.89792833052,7244351.946418973],[50023.89999274473,7244350.406808147],[50013.11445761024,7244346.252642084],[50012.656679191685,7244346.076959018],[50001.607277547475,7244341.104502771],[49990.73174708086,7244335.420591389],[49985.43784933578,7244332.602996589],[49974.24573357502,7244327.68148827],[49962.38173848571,7244325.030659445],[49950.36767564132,7244324.597167902],[49938.41598053102,7244324.664045832],[49926.21074963675,7244324.814022827],[49914.17873396183,7244325.018857655],[49902.137205259525,7244325.186053683],[49890.19831568719,7244325.325833412],[49878.32058068493,7244325.395968396],[49866.349409009796,7244325.42582955],[49854.227538150095,7244325.322693117],[49843.466483490774,7244324.503185939],[49831.60109585291,7244321.907392989],[49820.14223305037,7244318.257243591],[49809.01377601834,7244314.553369392],[49797.96509114158,7244310.38152138],[49788.79384441255,7244306.178040001],[49778.47158514167,7244300.299696162],[49771.01064879488,7244295.709259488],[49762.307434179995,7244289.879339866],[49760.87006209936,7244288.782633867],[49751.47688521136,7244281.010060917],[49743.43273022928,7244272.95000253],[49735.846318645985,7244264.769646287],[49727.826037322,7244256.141823781],[49723.025929430325,7244250.974518039],[49714.700754092424,7244242.098473288],[49706.45458135946,7244233.180693431],[49698.424938137294,7244224.381835882],[49690.142117184994,7244215.386208704],[49681.7746922432,7244206.443114184],[49673.57930435968,7244197.578835603],[49665.42236650601,7244188.66405342],[49660.822348072776,7244183.670085052],[49657.937680060626,7244180.449982688],[49657.07057230646,7244179.479775453],[49650.987610047276,7244172.670897494],[49642.98904381745,7244163.553370918],[49637.58239697304,7244157.172565053],[49634.648153395916,7244153.733703437],[49626.98617056548,7244144.878742693],[49625.68664248998,7244143.385925278],[49623.33825158153,7244140.677160096],[49616.426770992344,7244132.636870371],[49615.057368364825,7244131.046693185],[49614.38410588523,7244130.253533963],[49607.71990376216,7244122.429800997],[49601.12437425769,7244114.777572814],[49594.293287146604,7244106.802095024],[49587.38621815614,7244098.75193285],[49580.43092491949,7244090.590233537],[49573.37888123357,7244082.189683894],[49566.749848425854,7244072.65913855],[49561.79170258797,7244061.952168942],[49557.42239572422,7244050.723600665],[49551.79559307895,7244039.9871735815],[49543.943476905464,7244030.709650524],[49534.84770006896,7244022.516796488],[49524.79327104299,7244015.707264533],[49513.791365012,7244011.134054478],[49502.73473804718,7244007.758307308],[49492.37326563004,7244004.745285999],[49481.477099777374,7244001.597347481],[49470.68940728955,7243998.9246402355],[49459.40614048083,7243997.29557115],[49449.110553095175,7243996.317916331],[49447.23011486628,7243996.1235952],[49435.75761341042,7243995.807300078],[49424.10186959751,7243996.166035412],[49412.10586216691,7243996.004164118],[49399.85510749993,7243995.705657728],[49387.57286925329,7243995.508176606],[49375.4039104472,7243995.4039134495],[49363.15757271426,7243995.369406888],[49350.99375324062,7243995.213312769],[49339.13349293743,7243994.863796437],[49327.05782683665,7243994.506878444],[49314.93266791443,7243994.135666758],[49302.82494673069,7243994.030125441],[49290.6215081439,7243994.158114219],[49278.40588593192,7243994.017695643],[49276.97945544991,7243993.992941206],[49266.54682628554,7243992.913809367],[49254.93883020402,7243989.844865992],[49243.495396414364,7243985.752852133],[49231.97356001695,7243981.709458504],[49220.5295108062,7243977.562315193],[49209.358163519704,7243973.443091158],[49198.55598641909,7243968.798517825],[49194.52116967505,7243966.796726644],[49188.06640996778,7243963.616968022],[49177.98256860225,7243958.69904673],[49167.32013563061,7243953.548019255],[49156.646780585055,7243948.507799285],[49146.123221945425,7243943.621750367],[49135.61048292968,7243938.829340674],[49125.107169187046,7243934.049447678],[49114.63942083175,7243929.23894693],[49104.16869294201,7243924.334045653],[49093.63480569178,7243919.294120431],[49083.11981727561,7243914.098315765],[49073.319451338844,7243907.756313436],[49064.82754261384,7243900.611337453],[49056.41057568783,7243893.223914893],[49048.01243678364,7243885.7941209115],[49039.4427073907,7243878.300495977],[49030.63904728065,7243870.626154976],[49021.921859233524,7243863.084032007],[49012.96249129693,7243855.482981632],[49003.74698299391,7243847.868637237],[48996.64767129754,7243842.06317287],[48987.434119286714,7243834.426776463],[48978.49551413854,7243827.037288831],[48969.177840704215,7243819.4616570305],[48959.741847555444,7243811.681109797],[48954.55215671257,7243807.365201799],[48945.181147325435,7243799.633752998],[48936.24008046131,7243792.348438208],[48927.43396627798,7243785.138401312],[48918.59769645106,7243777.955134073],[48909.70438206417,7243770.790424222],[48900.82256456651,7243763.683282253],[48892.64358416881,7243756.061523376],[48886.01358836354,7243746.550824761],[48880.41904686659,7243736.150806842],[48874.84511380963,7243725.623292345],[48868.14872836048,7243715.594950844],[48860.47401113779,7243706.068286963],[48853.60008317948,7243695.904719789],[48846.930458282935,7243685.744295472],[48839.26227017009,7243677.255172135],[48831.138885241235,7243669.57854101],[48822.681174526224,7243661.612384401],[48814.03129927622,7243653.502306792],[48804.98177639872,7243645.147872668],[48795.91905489948,7243636.887180373],[48786.957804976555,7243628.554729636],[48777.96201696788,7243620.052208154],[48769.13580045197,7243611.595226096],[48760.58784240257,7243603.55886215],[48752.27171566355,7243595.841635234],[48744.03415882448,7243587.9784860425],[48735.71701286925,7243579.758643527],[48727.10558084294,7243571.2058268],[48725.28355363128,7243567.550086359],[48723.945990103646,7243557.002784693],[48722.559754728805,7243546.126132542],[48721.14866624953,7243535.290535505],[48720.182481157826,7243527.9708596375],[48718.8449865405,7243517.125459388],[48717.50683262129,7243506.022366176],[48716.04834580078,7243494.328011818],[48714.550684193906,7243482.2496412285],[48713.07759306667,7243470.543588316],[48711.57297585689,7243458.847273203],[48710.159973454894,7243447.351548484],[48708.847783793695,7243435.773056254],[48709.1177585831,7243423.761579806],[48711.676929032896,7243412.434091856],[48715.04026528087,7243402.163234721],[48718.53971689835,7243391.805105112],[48722.17393042869,7243381.240374826],[48726.14036105294,7243369.757156169],[48729.99676767766,7243358.1557075055],[48733.85944739159,7243346.841567463],[48737.62079252518,7243336.780912261],[48743.127256841166,7243326.138128411],[48743.703245900455,7243325.248631551],[48750.73863959481,7243315.309418221],[48758.412957594206,7243305.872748423],[48766.326865463634,7243297.623447919],[48767.048776100215,7243296.949984688],[48774.71225642151,7243289.782120317],[48782.899422401155,7243282.184957728],[48791.086478167505,7243274.587788274],[48799.321898194146,7243266.918455595],[48807.5441817909,7243259.204484766],[48813.04587245546,7243254.037915199],[48815.87004383915,7243251.418718645],[48824.20328546106,7243243.556001281],[48832.502629598486,7243235.120184595],[48839.98730507289,7243225.45657859],[48845.85159499373,7243214.797416883],[48849.91773642064,7243203.992844399],[48853.30426890601,7243193.35400489],[48856.881040638546,7243182.926988383],[48861.05421071005,7243172.899604434],[48865.69261841709,7243163.152485991],[48870.455735031166,7243153.282623002],[48875.432421201665,7243143.30259368],[48880.91725184908,7243133.582912567],[48887.12422557711,7243124.229004027],[48893.863669761224,7243114.678098718],[48900.67323478783,7243105.130047709],[48907.975808420335,7243095.5005445145],[48915.21895387641,7243086.743168617],[48923.904153942654,7243078.998476805],[48932.82032221515,7243072.836922408],[48941.95121010486,7243066.542355584],[48950.708423840115,7243060.326709192],[48959.900320083776,7243053.58043594],[48969.12023825006,7243046.7210141085],[48978.11107858631,7243039.437136254],[48986.56302095292,7243031.341130726],[48993.91102174681,7243021.818934325],[48999.61586057785,7243011.001464527],[49004.569543322024,7242999.769516328],[49008.63766876486,7242988.325039377],[49011.26829618041,7242976.42691068],[49012.04063585785,7242964.556008505],[49012.186838236405,7242952.691777326],[49012.313890736725,7242940.988183543],[49012.417313341284,7242929.136987026],[49012.51405443554,7242917.282572383],[49012.625748126826,7242905.40177043],[49012.73359341611,7242893.703210079],[49011.93818236637,7242881.942920603],[49010.38998058427,7242870.396168696],[49008.79130357597,7242858.698600296],[49007.21881017019,7242846.975234445],[49006.62735456653,7242842.6013212195],[49005.12857267319,7242830.889146428],[49004.78690629592,7242819.009350952],[49004.88304473966,7242814.60246225],[49005.10107823025,7242802.495575361],[49005.29001565423,7242790.163716413],[49005.5629053851,7242777.953894895],[49005.92074842972,7242765.93133861],[49006.23104636354,7242753.690202104],[49006.317152483505,7242749.691146447],[49006.55432458175,7242737.513916258],[49006.67440759926,7242726.243352327],[49005.585007627495,7242714.077799199],[49002.120204827515,7242702.337102706],[48996.71089520783,7242691.381363543],[48991.98781505658,7242683.559722578],[48990.11878811219,7242681.015439787],[48982.0651190615,7242671.85114577],[48972.9765369746,7242663.547070539],[48964.94677362719,7242654.386767564],[48958.3521561033,7242644.033843629],[48958.33530180971,7242644.007079331],[48951.747026711644,7242633.600158758],[48945.254041075415,7242623.124389848],[48944.31039614481,7242621.591941474],[48938.29725240945,7242611.794302491],[48931.90668577392,7242601.360090222],[48925.68473245588,7242591.132988673],[48919.54100302863,7242581.063717999],[48913.12187419302,7242570.59612306],[48906.51154727,7242560.304617036],[48900.037032045424,7242549.842635775],[48893.764947245654,7242539.295220144],[48887.05864316883,7242528.971338991],[48879.377603563305,7242519.366038561],[48871.65268786473,7242510.347713402],[48863.660039578215,7242501.009390917],[48855.68580185098,7242491.66000412],[48847.70713417401,7242482.319350388],[48839.79990669427,7242472.975814739],[48831.78745237237,7242463.538411661],[48823.95282334107,7242454.2774345465],[48821.205401941435,7242450.997022057],[48816.08331657603,7242444.989650042],[48808.86449655029,7242435.073599189],[48802.418340020755,7242424.675006038],[48795.77469000587,7242414.384988138],[48789.063659593,7242404.011897774],[48782.40576618683,7242393.68108524],[48775.88195828098,7242383.337343208],[48769.489187571104,7242372.9099344695],[48763.318237023486,7242362.321872814],[48757.37141682452,7242351.5861179605],[48751.46249614877,7242340.949340211],[48745.577769836935,7242330.1962898],[48739.69340879755,7242319.339845381],[48733.91143020947,7242308.5101928],[48728.14003373677,7242297.731973337],[48722.35474891233,7242286.951183362],[48716.56269375165,7242276.167056972],[48711.157894868345,7242265.766266325],[48706.06024445931,7242255.204405875],[48701.170076752314,7242244.190211421],[48696.16772941261,7242232.991515878],[48691.24407250597,7242222.281866323],[48685.95513304864,7242211.393620584],[48683.499679560424,7242206.679570689],[48677.01003058202,7242196.470593005],[48670.590612154105,7242186.147409216],[48666.015265757975,7242174.730811385],[48664.01832790091,7242162.762814736],[48663.729542196554,7242150.597239912],[48663.91925305221,7242139.590684365],[48664.58199782029,7242127.481236225],[48666.1961424161,7242115.271309027],[48668.636448973324,7242103.232342938],[48671.449245744094,7242091.232820676],[48673.78967890481,7242079.547538654],[48675.27772639878,7242070.652655726],[48676.95950242854,7242060.184342963],[48677.938825711084,7242047.993441087],[48677.370708244736,7242036.814947911],[48675.693999668176,7242026.821320716],[48672.94962672243,7242015.424305338],[48670.923096924555,7242007.922265327],[48668.391736599966,7241996.35809261],[48666.42512119422,7241984.81679742],[48664.44504505664,7241972.695187223],[48664.606963503116,7241960.456335476],[48667.928409723274,7241948.638786456],[48672.34358470084,7241937.24566449],[48676.514999653096,7241925.73746972],[48680.49638383812,7241914.039331814],[48684.29482610163,7241902.527772794],[48688.13569901709,7241890.985953591],[48688.61841660109,7241889.618822341],[48692.75139902049,7241878.073934971],[48693.840293636196,7241875.088276967],[48697.88869419263,7241863.70909757],[48701.72615259001,7241852.588547388],[48705.40961310535,7241841.658747626],[48709.01870484848,7241831.052704016],[48712.60864273738,7241820.539215019],[48716.12930836703,7241810.185050869],[48719.67845161754,7241799.731863157],[48723.290936088655,7241789.253433473],[48727.01234690589,7241778.487812152],[48727.30729802151,7241777.670173692],[48728.9118537014,7241773.09122637],[48730.74935013009,7241767.210247874],[48732.68590974028,7241755.221270244],[48732.56040878635,7241743.881721627],[48731.76040813723,7241733.162311818],[48730.651965165685,7241722.317042014],[48729.34214652248,7241711.374640002],[48727.94415928994,7241700.408239305],[48726.591288661526,7241688.691407904],[48725.33951559232,7241677.367179645],[48723.815768714936,7241665.112176899],[48722.53165274928,7241653.24588607],[48721.30317964492,7241641.780257279],[48720.46575783286,7241634.613701472],[48719.77263351256,7241628.08839955],[48718.49728385452,7241615.955615496],[48717.10555626021,7241604.188855728],[48716.47924009565,7241598.649785241],[48715.259107429825,7241587.584817283],[48714.05404948903,7241576.681055229],[48712.82402502681,7241565.679956771],[48711.53069653147,7241554.662895286],[48710.214884872374,7241543.741277179],[48708.984054815664,7241533.261712823],[48707.52820683818,7241521.85635809],[48706.78438339755,7241513.229142085],[48706.890285481466,7241509.739616855],[48707.131059252075,7241497.828330433],[48707.18955398444,7241486.318222122],[48707.2971367127,7241474.174321355],[48707.375199461996,7241461.883510947],[48707.33308784908,7241449.654725808],[48707.158183068095,7241437.434128983],[48706.94945788651,7241425.296275273],[48706.79932207393,7241413.540189119],[48706.63061450131,7241402.13057178],[48706.51231421193,7241391.1081176475],[48706.73605432216,7241379.333546458],[48708.34186236432,7241367.337926902],[48710.880256583216,7241355.809871526],[48713.47374786035,7241344.279294505],[48716.09809688141,7241332.959755693],[48718.7726342408,7241321.731606306],[48721.4101451023,7241310.797785578],[48724.05373860267,7241299.885378211],[48726.687726061326,7241288.984650436],[48728.880510143295,7241279.557039198],[48729.282527043135,7241277.790089553],[48731.708017734694,7241267.317445165],[48734.15583193378,7241256.473576412],[48736.6583778474,7241245.098503136],[48739.3864912538,7241233.6791938245],[48742.28351217264,7241221.957226492],[48745.02304793341,7241210.368917964],[48747.65761781874,7241199.002624271],[48750.218839231995,7241187.885928561],[48752.1205418192,7241179.484773943],[48754.56693749869,7241168.948843356],[48757.05287003488,7241158.1067827875],[48759.566373972746,7241147.165558112],[48762.08042088972,7241136.186144901],[48763.780074992275,7241128.726185126],[48764.56828162505,7241125.232749451],[48767.09079696535,7241114.063248692],[48769.63890394848,7241102.722215306],[48772.1589521541,7241091.38092678],[48774.744886051456,7241079.955393687],[48778.425134244375,7241068.604233633],[48784.206942553166,7241057.776136668],[48791.12058550952,7241047.672042399],[48798.17664118245,7241038.250566283],[48804.91716944758,7241029.43113845],[48811.39848877286,7241020.96126949],[48817.87756803009,7241012.405138671],[48824.27406214469,7241003.858399881],[48830.65298123157,7240995.2326702345],[48837.228827357176,7240986.438034788],[48843.87763617514,7240977.67356026],[48850.37518322491,7240969.109253556],[48856.60646128701,7240960.714682067],[48863.18902344437,7240951.927479746],[48865.12238624855,7240949.399491345],[48872.03617504786,7240940.179348413],[48878.88665746205,7240931.165149579],[48886.21699050756,7240921.733664503],[48892.89884079527,7240912.994807613],[48899.434307135525,7240904.273687943],[48905.891631055274,7240895.50690718],[48912.21779026778,7240886.849770261],[48918.550547824765,7240878.269150214],[48924.97883032501,7240869.522180189],[48925.495408069924,7240868.819664164],[48932.04649169766,7240859.452094956],[48938.12137387355,7240849.871968387],[48942.59282063664,7240839.2308279285],[48945.549404148944,7240828.614134274],[48948.680387746426,7240818.116564944],[48951.962995341804,7240807.432054117],[48955.34090317384,7240796.791766735],[48958.75449091336,7240786.119997816],[48962.183979479945,7240775.516167475],[48965.68911725393,7240764.768215308],[48969.15003593027,7240753.932069261],[48972.57287065976,7240743.002932886],[48974.91680643434,7240735.402862275],[48978.94791302609,7240724.12240899],[48984.567153413605,7240713.368462782],[48992.28631506092,7240703.719483114],[49000.66536549851,7240694.732680619],[49008.94045548106,7240685.875517288],[49017.351397343795,7240676.987492814],[49025.89008593507,7240668.158081378],[49034.42264787614,7240659.400768725],[49037.49914500315,7240656.407621468],[49044.10914794996,7240651.95536583],[49048.33410496556,7240649.398202857],[49057.52188804676,7240641.342887983],[49065.310189474665,7240631.853421419],[49073.150254235195,7240622.422517002],[49081.03592679254,7240613.021651009],[49088.61677204288,7240603.440734489],[49095.777029278455,7240593.567457072],[49098.73409744172,7240589.3261204045],[49103.84007155808,7240579.991147282],[49104.65981600969,7240578.033996083],[49109.33969900443,7240566.855462317],[49114.05218186724,7240555.504626152],[49118.762993683165,7240544.148958959],[49123.09336385864,7240532.910747886],[49124.97641232383,7240527.341910871],[49128.93409437727,7240516.228740852],[49132.839967502514,7240505.471498687],[49136.792995968484,7240494.734352214],[49140.754414051306,7240483.991483482],[49144.661132178444,7240473.328451537],[49149.884526655485,7240462.541157142],[49156.47445335699,7240452.246424073],[49163.11559434829,7240442.477596647],[49169.66445576615,7240432.979624208],[49176.49577833578,7240423.194268282],[49183.644753104076,7240413.419782109],[49190.62595296814,7240404.080269581],[49197.326547735836,7240394.736542169],[49204.47829921817,7240384.966139752],[49212.085680150776,7240375.416716218],[49219.69385209802,7240366.373771504],[49227.246916968725,7240357.580355013],[49234.49567477993,7240349.134465114],[49241.49331303843,7240340.900349753],[49248.508217513154,7240332.751097117],[49250.18093568663,7240330.810499918],[49257.977072062204,7240322.39789572],[49266.2727401398,7240313.597075411],[49273.29629313992,7240304.504382497],[49279.86738233152,7240295.411720201],[49286.22129440273,7240287.466112383],[49292.77071398613,7240277.523757427],[49298.462704179634,7240266.915527409],[49303.80696589005,7240256.909960663],[49304.18204996415,7240256.208236102],[49305.80163127696,7240253.175902901],[49309.947002137604,7240245.333511357],[49315.70463638834,7240234.422227411],[49321.439698250906,7240223.58728062],[49327.06958025257,7240212.9101469405],[49332.62311918422,7240202.280819241],[49337.48562210711,7240191.280847138],[49340.70024674607,7240179.819854528],[49342.698944459495,7240168.497883193],[49343.59575842309,7240157.0721123535],[49342.603253925336,7240145.241814835],[49339.955356692255,7240133.303434327],[49336.762579267845,7240121.505325971],[49333.38182440179,7240109.8725301605],[49330.05519456824,7240098.71764265],[49326.811878316454,7240087.429100106],[49323.68022715306,7240076.152439276],[49320.19539985538,7240064.947372521],[49315.87529123109,7240053.961341238],[49311.01139423525,7240043.131830636],[49306.28417771129,7240032.391656272],[49301.70024421753,7240021.653849304],[49297.21313351323,7240010.83691839],[49293.989101749205,7239999.746685853],[49293.99099625024,7239988.161034051],[49298.18273037521,7239976.8154204525],[49306.19238067814,7239967.747223201],[49316.327201898384,7239961.758295894],[49324.67691490153,7239958.141311344],[49330.748779246,7239955.562317279],[49341.84050276567,7239950.870807508],[49352.97913627187,7239946.231364209],[49363.6846386409,7239940.79025027],[49372.88412485755,7239933.946493339],[49381.18201010628,7239925.73370426],[49389.529327527445,7239917.286188784],[49397.828263696516,7239909.025336752],[49405.866650687996,7239901.010713201],[49413.689310529735,7239893.179260818],[49421.49719031993,7239885.498479376],[49429.19282849127,7239878.042582587],[49436.995690833544,7239870.430823948],[49440.52702240541,7239866.974424891],[49444.825706201256,7239862.726103936],[49452.65744805697,7239854.959241562],[49460.427029296,7239847.258752315],[49468.36231182533,7239839.420202085],[49476.28394716844,7239831.481687337],[49484.620629753685,7239822.959594667],[49493.125149152416,7239814.154016107],[49501.42008210963,7239805.690299749],[49509.19020329835,7239797.65983809],[49517.05504619295,7239789.530302228],[49525.583041175734,7239780.857092473],[49533.40178942087,7239772.112518686],[49539.962248138036,7239763.96550156],[49546.85391317523,7239755.496044857],[49553.99376140203,7239746.656332326],[49561.264081121655,7239737.677736194],[49568.69677065936,7239728.498884684],[49576.28489954793,7239719.2044034265],[49583.647689032776,7239710.200957023],[49591.152969113085,7239700.9670597585],[49598.555081560975,7239691.755653667],[49605.89931786747,7239682.4646016825],[49612.88369799906,7239672.963825977],[49614.97278478742,7239669.842924884],[49620.93284610094,7239659.662928107],[49626.45593135228,7239649.156727189],[49631.91061249748,7239638.675714413],[49637.09136291384,7239628.469373041],[49642.26634875551,7239618.234742626],[49647.71894033707,7239607.619160246],[49652.961396705185,7239597.513799142],[49657.15532653278,7239589.55212348],[49662.27509196056,7239579.909983695],[49667.463057796645,7239570.220656728],[49672.65732960147,7239560.459344128],[49678.041885256534,7239550.406509284],[49683.612379272236,7239539.984597806],[49689.241188345186,7239529.399890073],[49694.905722257565,7239518.803691961],[49701.562608143664,7239508.72383821],[49709.65465695149,7239500.015496599],[49718.005251480674,7239491.859180201],[49725.38779600535,7239482.611890571],[49731.04746538348,7239472.054620612],[49734.44910732901,7239460.476689803],[49735.48004904197,7239448.351534851],[49734.7809628761,7239436.151088992],[49733.7215719418,7239424.070213769],[49734.394797072106,7239412.053719165],[49737.56348783121,7239400.52357002],[49742.00608818774,7239389.539435373],[49746.28034364607,7239379.030131248],[49750.36405716458,7239369.15663901],[49754.298433096556,7239359.209388658],[49758.17824990192,7239349.180382451],[49762.05799210421,7239339.110279874],[49765.92724692443,7239329.001516001],[49769.88584821037,7239318.89579339],[49773.90020516887,7239308.977154162],[49777.841650844435,7239299.122428618],[49779.722972923366,7239294.296978123],[49783.772609486885,7239283.422789241],[49787.92255424021,7239271.846744097],[49791.828138564306,7239261.166857159],[49792.37201142759,7239259.731198998],[49796.25393098302,7239249.451477076],[49800.12612576637,7239239.165438563],[49803.90035096579,7239229.05255652],[49807.67601924337,7239218.818328608],[49811.43931167113,7239208.587581893],[49815.1891724834,7239198.346176617],[49818.59957624599,7239187.77088607],[49820.422429700266,7239176.43716228],[49820.17952553608,7239164.309996465],[49818.10587022622,7239152.708872654],[49814.95298409747,7239142.302164424],[49811.784600219515,7239131.975911839],[49808.66844564956,7239121.876608467],[49805.627545486845,7239111.889058664],[49802.5612391436,7239101.796051538],[49799.44362148043,7239091.661598826],[49797.04952246114,7239083.861453158],[49796.37844140665,7239081.611829206],[49793.294768470514,7239071.2983404575],[49791.833704587945,7239066.38147774],[49788.541655480396,7239055.379551081],[49784.963179293554,7239043.548574114],[49783.28318934917,7239037.591631707],[49780.371448530525,7239026.31462949],[49777.22058813763,7239014.755231455],[49773.96332100092,7239003.033630453],[49771.355674322695,7238992.958871739],[49770.89853327902,7238991.135973865],[49768.09361672134,7238979.642006238],[49765.36529740557,7238968.326919509],[49764.35456353403,7238964.295675732],[49761.598075019836,7238953.231223183],[49758.83640582784,7238942.170486368],[49756.14476700168,7238931.065731505],[49753.61545517482,7238920.330368671],[49751.24289611139,7238909.59081734],[49749.746789959434,7238897.971178509],[49749.63020368788,7238886.076263288],[49750.109616606904,7238875.041322852],[49750.72193214524,7238864.315280393],[49751.03775866557,7238858.822742263],[49751.63106402109,7238847.82396875],[49752.22168655676,7238836.13195535],[49752.87765704532,7238824.007380312],[49753.637879389455,7238811.842243885],[49754.361973874795,7238799.537091913],[49755.03483518644,7238787.212710969],[49755.7169112665,7238774.974929178],[49756.18061764521,7238767.022060612],[49756.77438273415,7238755.012173022],[49757.287854751106,7238743.093833669],[49757.88673955697,7238731.19351216],[49758.47125117888,7238720.666916849],[49758.54156322073,7238719.41297599],[49759.18072289438,7238707.33183031],[49759.53042572399,7238701.390482019],[49760.093622588436,7238689.617823981],[49760.24348928558,7238685.77225456],[49759.13630137307,7238673.730330158],[49755.869999918155,7238661.943098368],[49752.2169245524,7238651.3947582375],[49749.3005205536,7238640.021276787],[49748.29128997092,7238628.125057492],[49748.59542895126,7238616.15353365],[49749.266690619,7238604.2061606925],[49750.33920068416,7238592.372798737],[49751.53864164086,7238580.573255509],[49752.92305161018,7238568.857081793],[49753.68966554024,7238556.908838971],[49751.56326960167,7238544.956305548],[49747.40294880391,7238533.515793232],[49743.12624001532,7238521.985939881],[49739.73284160864,7238510.555147758],[49738.795547062764,7238498.798668817],[49739.65990825015,7238487.113632636],[49741.03809059592,7238475.584730389],[49742.71275839844,7238463.769014688],[49744.509500607965,7238451.823249931],[49746.37752568652,7238439.967898187],[49748.32479372778,7238428.2073300285],[49749.63154880045,7238416.224941371],[49748.95870266837,7238404.229243193],[49746.979381299694,7238392.219997132],[49744.6288163648,7238380.2323320005],[49742.12457526405,7238368.319256024],[49740.118111460644,7238356.288790815],[49738.85898445721,7238344.098702528],[49738.74695022707,7238342.6601861445],[49738.9094736526,7238331.764776653],[49740.82194171689,7238320.061820218],[49744.74041285296,7238308.434572909],[49748.940593892825,7238296.995271867],[49751.41533331375,7238285.190816427],[49751.4565597545,7238272.904567277],[49751.19073023577,7238260.644004954],[49752.195376686344,7238248.419578337],[49753.921901232214,7238236.317131307],[49754.76090887986,7238224.093378048],[49756.01359347714,7238212.021252161],[49758.10011789278,7238200.036129581],[49760.29443784541,7238188.062763087],[49762.6479405617,7238176.029203266],[49765.099338552915,7238164.028176896],[49767.64925173158,7238152.06547965],[49768.93343902915,7238145.978756257],[49770.152850396116,7238140.199110426],[49772.397669000726,7238128.310255602],[49774.47237322957,7238116.320747712],[49776.6316149467,7238104.459072376],[49778.78739227244,7238092.496103894],[49780.74671656161,7238080.620871656],[49782.54138271976,7238068.86151867],[49784.200526109664,7238057.080281636],[49785.658937211905,7238045.619098004],[49787.00118347764,7238034.3826729655],[49788.27886132797,7238022.971646341],[49791.81421698432,7238012.046752389],[49799.682581037516,7238003.026742857],[49808.016703639936,7237996.336704663],[49809.112722980266,7237995.415960687],[49817.58932187018,7237986.772863343],[49824.45095637976,7237976.923924979],[49825.84919164324,7237974.6121318005],[49831.78697083489,7237964.033173078],[49837.498672311776,7237953.234551536],[49842.571386872616,7237942.279242542],[49846.935608962725,7237931.260481222],[49850.63093526667,7237920.16623945],[49853.37566978665,7237908.6354231965],[49853.67038986826,7237907.232022913],[49855.295587331464,7237899.46598044],[49856.25274976372,7237887.3196360525],[49854.14720671007,7237875.375005929],[49849.14057114726,7237864.927290365],[49842.0458127489,7237855.646311556],[49834.028188881,7237847.455128248],[49825.524767408846,7237839.316746244],[49817.10425414995,7237831.254269042],[49808.69071257487,7237823.214226429],[49800.37904824293,7237815.230719827],[49791.980648228666,7237807.211373839],[49783.27543297631,7237799.075107958],[49774.543724277,7237790.971728694],[49765.74240959366,7237782.671694807],[49756.97514409246,7237774.396205334],[49748.49469609384,7237766.372242224],[49739.75892950443,7237758.041906196],[49731.03778001707,7237749.769573728],[49722.60790683399,7237740.940143311],[49715.10551517096,7237731.192769255],[49708.12885984051,7237721.1916485075],[49701.362728333916,7237711.399458941],[49694.68988255033,7237701.8823232725],[49688.10945198161,7237692.5649114465],[49681.578373886994,7237683.311866233],[49674.97760524275,7237674.000551898],[49668.229073191644,7237664.559323166],[49661.60219759244,7237655.204604055],[49654.83356199425,7237645.604993412],[49648.06431851868,7237635.950158495],[49641.226895230124,7237626.18490307],[49634.368159876845,7237616.399617365],[49627.47020584962,7237606.639916336],[49620.427043209784,7237596.64787092],[49613.43175412592,7237586.685046787],[49606.793601242476,7237576.312674807],[49601.468505229976,7237565.261045916],[49597.12976230204,7237553.707245257],[49592.83195241372,7237542.224312214],[49589.2141303072,7237530.52180503],[49587.43097271724,7237518.38774355],[49586.26034050441,7237506.151289486],[49582.04566977976,7237494.719279818],[49575.63636516215,7237484.795542456],[49569.12924448488,7237475.00075525],[49562.59377623588,7237465.279889882],[49555.986552566115,7237455.366298191],[49549.343864452094,7237445.277609335],[49543.001322461525,7237435.299507897],[49538.56873231294,7237428.093329275],[49532.38343526318,7237418.145262312],[49525.87978872837,7237408.225164086],[49522.62595992803,7237403.512888413],[49515.80141868448,7237393.433194759],[49509.04139347031,7237383.119601823],[49502.294589195284,7237372.798552152],[49495.54978605261,7237362.481672276],[49488.67761277978,7237352.185148917],[49481.653389567975,7237342.037450766],[49474.582962137414,7237331.933765942],[49467.585916022654,7237321.896792363],[49461.869025251886,7237313.356702886],[49455.20488919079,7237303.324212836],[49453.614179266035,7237300.933599312],[49446.722276722605,7237290.8789603915],[49439.68228292029,7237280.861878088],[49436.73903424817,7237276.681000613],[49429.71813627123,7237266.662760576],[49422.68186512176,7237256.674997031],[49415.7496114127,7237246.737070188],[49408.99794001051,7237236.8461644985],[49406.33728090703,7237232.900355775],[49402.50801496167,7237227.321926415],[49396.116986281704,7237217.895448941],[49389.75523064844,7237208.4661522815],[49383.446345546865,7237199.246835006],[49377.16548787936,7237190.121173354],[49371.167142038,7237181.229474053],[49365.419060302724,7237172.44339749],[49359.846933095716,7237163.737178828],[49354.105977599276,7237154.854924243],[49347.81020323216,7237145.315255603],[49340.93619614083,7237135.470145317],[49333.99025522941,7237125.32079082],[49330.541211213684,7237119.763153367],[49327.66505467397,7237114.815761639],[49327.20508545253,7237114.008863403],[49321.9882048124,7237104.030268663],[49316.749195046665,7237092.9622821715],[49311.608957158984,7237082.042033564],[49306.44312292914,7237071.272211014],[49306.4110111405,7237071.204516627],[49301.302722376015,7237060.76433501],[49296.21700178657,7237050.497597989],[49291.19693433342,7237040.535667907],[49286.222069773125,7237030.7333769705],[49281.98240635864,7237020.36548835],[49279.84428707481,7237008.708225012],[49280.84693512961,7236996.417264085],[49284.27152898279,7236984.690922442],[49288.296809556196,7236973.446575872],[49292.06217472261,7236962.294978629],[49295.616484226484,7236951.5153996805],[49299.20817966561,7236940.818571217],[49305.14334477502,7236930.238409268],[49314.13117747154,7236922.218996383],[49323.782944708306,7236915.931247404],[49333.622050695296,7236909.447177792],[49342.38100730127,7236902.181027015],[49349.4606112793,7236893.691947228],[49356.12587533123,7236884.678016694],[49363.69436246477,7236875.569594081],[49372.726553438755,7236867.797844453],[49382.20212644973,7236861.707081385],[49392.133558316506,7236855.718589505],[49401.78593415796,7236849.166152532],[49410.73894710658,7236841.756076837],[49419.61692988878,7236834.249459639],[49428.2848491249,7236826.95517894],[49436.88875490747,7236819.6822259305],[49445.500434969144,7236812.3203393575],[49454.0735020467,7236804.949627996],[49463.11167741631,7236797.245449623],[49463.899589256966,7236796.5790676875],[49472.211130365904,7236789.540947966],[49481.50855622295,7236781.828063482],[49490.097205712984,7236774.647769606],[49498.651465621835,7236767.385597952],[49507.02781625872,7236760.288173761],[49515.207195995725,7236753.334546171],[49523.26394477551,7236746.614232477],[49530.71156887646,7236739.828924248],[49537.91861805646,7236732.655646249],[49545.44595861231,7236725.157471146],[49552.847821650445,7236717.7511316445],[49560.38731655473,7236710.135288518],[49567.96628146374,7236702.513964295],[49570.600152951665,7236699.893719388],[49574.44211313012,7236696.040908945],[49574.76352711144,7236695.715939654],[49579.374276409915,7236690.992198747],[49587.88455209159,7236682.361780316],[49596.55051109055,7236673.7091501895],[49604.23231642763,7236665.962133674],[49610.594052791304,7236659.504978266],[49612.844223083695,7236657.233863413],[49617.25932365563,7236652.761247538],[49625.72482868272,7236644.148002455],[49634.462161635165,7236635.396187946],[49643.22925728856,7236626.69999125],[49651.948348839185,7236618.1359363105],[49657.49665582721,7236612.627977566],[49660.657920545666,7236609.448172158],[49664.40141675557,7236605.622099178],[49669.10229764896,7236600.78890158],[49677.14031362813,7236592.539883066],[49685.23352057807,7236584.269239428],[49692.84133102902,7236576.561077078],[49700.97604071692,7236568.531134954],[49709.085498512664,7236560.005345048],[49715.568003142485,7236549.750490924],[49720.23265778826,7236538.385933077],[49724.58135670464,7236527.383732265],[49729.02269957651,7236516.144784847],[49733.399531901814,7236505.050435137],[49737.678701662284,7236494.166455417],[49742.15725512942,7236483.107765334],[49744.820246798394,7236471.502325332],[49745.805621797976,7236459.923983028],[49746.697563909576,7236448.236172582],[49747.55245840154,7236436.590905025],[49748.40314836154,7236424.996589139],[49749.54021901579,7236412.9163292125],[49751.2312428751,7236401.078389034],[49753.31830838142,7236389.042098453],[49756.981710521795,7236378.177993406],[49761.873036244244,7236368.063581536],[49766.39166935586,7236358.6638486795],[49770.77970159415,7236349.222286802],[49774.91726812074,7236339.660213359],[49778.45813326957,7236331.0681312],[49781.03437490878,7236324.78061752],[49784.57071510935,7236316.224371353],[49788.678409215645,7236306.63699279],[49793.52565856598,7236297.040135209],[49799.9239754132,7236287.5339704305],[49808.06717330392,7236279.131217445],[49816.70239698567,7236271.397344132],[49825.3305442392,7236263.551725926],[49833.58973809093,7236254.977511966],[49841.455674731405,7236245.717775496],[49849.06650952698,7236236.4477722775],[49855.82359957474,7236227.922522247],[49862.7164956301,7236219.18759687],[49869.601476324664,7236210.4714017045],[49877.61616746738,7236202.25365773],[49886.3178558551,7236194.898891298],[49893.76745546842,7236185.981873919],[49898.945647678105,7236174.849846562],[49901.08831761882,7236162.781954633],[49900.18756760191,7236150.75319613],[49897.39707556815,7236138.902515026],[49892.89585174696,7236127.580197668],[49887.06861989014,7236116.775105491],[49881.1893195078,7236106.260621231],[49875.72534389142,7236095.432462177],[49872.71196979057,7236083.788694428],[49873.356438486546,7236071.708706172],[49877.09347628523,7236060.405533052],[49882.51948801911,7236049.770114657],[49883.075968724035,7236048.824568095],[49889.47819954745,7236038.6394708045],[49896.72078061028,7236029.051280385],[49904.53859252017,7236019.818499863],[49912.15062845108,7236010.381154709],[49919.93883743358,7236000.840192752],[49927.89399971219,7235991.380788764],[49935.335725917364,7235981.805566952],[49942.711884501216,7235971.941310762],[49949.4757893497,7235961.6086957855],[49955.01543625683,7235950.73931757],[49960.05516303459,7235939.583195381],[49965.21821957722,7235928.745433904],[49970.284004812944,7235918.090844566],[49975.61087916343,7235906.930264501],[49980.908148213115,7235896.097462549],[49985.74240749172,7235884.800759646],[49988.33902173472,7235872.881383883],[49987.41971961188,7235861.16167447],[49985.55337060476,7235851.870062087],[49985.170651286084,7235849.954075621],[49983.10384483915,7235838.9791416],[49980.8652922645,7235827.463903874],[49978.365277298435,7235815.512816103],[49975.88130403025,7235803.671763046],[49973.90927477181,7235794.342245793],[49971.47430275573,7235782.847542945],[49969.67609093181,7235774.307179019],[49969.22185130132,7235772.1482773125],[49966.91651865933,7235760.919051694],[49964.71576261171,7235749.570976276],[49962.539578688855,7235738.097759265],[49960.36875675479,7235726.822300793],[49958.10703845415,7235715.107484331],[49955.85895287391,7235703.400222299],[49953.61639539263,7235691.931929149],[49951.414739680185,7235680.603030875],[49947.94295967702,7235669.278075116],[49943.37227884488,7235658.100069264],[49938.72341885988,7235646.693921223],[49934.1892182405,7235635.549759966],[49929.577537318284,7235624.119170515],[49928.84703776357,7235622.330256784],[49924.2150109341,7235611.155665752],[49920.35083024809,7235600.26584354],[49918.90295804653,7235588.6120517105],[49918.50390131242,7235576.517121406],[49917.6531912536,7235564.381148075],[49915.758075349266,7235552.996437414],[49911.678508339275,7235542.486150349],[49905.967508144386,7235531.775458232],[49900.08525682811,7235520.947740251],[49897.10519597755,7235509.140998904],[49897.12579253747,7235496.903131856],[49898.91889223381,7235485.236037789],[49900.42300300591,7235473.024677139],[49898.60811493144,7235461.298402918],[49898.297636603354,7235460.26752265],[49894.914006790554,7235448.945426048],[49892.53020111844,7235437.338518369],[49893.22097912582,7235425.07501235],[49897.75644268101,7235413.643699063],[49904.7678727021,7235403.543842789],[49912.33081991132,7235393.814393917],[49919.87639478495,7235384.499531706],[49927.37838480581,7235375.151582402],[49934.78940125764,7235365.862839408],[49941.10122296191,7235356.02088089],[49941.13790219615,7235355.943229555],[49945.22285598656,7235344.736793902],[49946.78276418039,7235332.490727929],[49948.90336833423,7235320.539292395],[49953.82449556637,7235309.503367096],[49959.30117749516,7235298.949268456],[49964.91764702328,7235288.159637838],[49969.84952676529,7235278.763265567],[49970.96826256486,7235276.583709634],[49975.77189431997,7235266.457318379],[49981.00760643452,7235255.410173809],[49986.47880445898,7235244.457613816],[49991.870659686334,7235233.894838655],[49997.148356011545,7235223.394286441],[50001.25379309297,7235211.839666488],[50002.98662329459,7235199.606278796],[50003.168398369104,7235187.353390673],[50003.47640789341,7235175.015795909],[50004.603435917,7235162.850034455],[50006.04637971183,7235150.729076835],[50008.83070325118,7235138.785999227],[50014.66934303782,7235128.191914665],[50023.16177558602,7235119.677356498],[50032.26619167777,7235112.494894734],[50041.782588407164,7235104.849267419],[50051.29188723955,7235097.157310605],[50060.71656586428,7235089.494557262],[50070.09619121655,7235081.69537679],[50078.521217097994,7235073.227006524],[50084.132747214404,7235062.43808417],[50087.08195415331,7235050.489312079],[50089.497217421595,7235038.59109177],[50091.8491409609,7235026.607826857],[50094.198157623236,7235014.571155701],[50097.87871721183,7235002.986808627],[50104.04528396699,7234992.395144204],[50111.50417972618,7234982.614029523],[50118.90882916888,7234972.788371859],[50126.061890275625,7234963.052855164],[50132.98610028095,7234953.270173175],[50139.756361521315,7234943.36437379],[50146.523271597165,7234933.2827589195],[50154.26479033899,7234924.098995947],[50164.22451083461,7234916.9514468685],[50175.09940169746,7234911.182700846],[50186.025571572245,7234905.523585763],[50196.80348185031,7234900.018418695],[50207.69525233179,7234894.521202799],[50218.63982703717,7234889.105679458],[50229.686732775706,7234883.824119509],[50240.60242655524,7234878.763372559],[50251.07800481125,7234872.721136438],[50254.895941389084,7234869.59660306],[50259.800985483045,7234864.11853775],[50267.415492455475,7234854.539949972],[50275.04068437725,7234845.015021319],[50282.81075514271,7234835.389112294],[50290.93442375888,7234826.047801852],[50300.04091708758,7234817.958673743],[50309.92082990194,7234811.185934365],[50320.30703352945,7234804.53487229],[50330.44528094394,7234797.841792125],[50340.6227549116,7234791.144218272],[50350.84184652002,7234784.258195957],[50360.43429939973,7234777.6121601295],[50370.6747773962,7234771.008820141],[50381.94123774901,7234765.959608612],[50393.20480479172,7234761.492047748],[50404.57702793856,7234756.703404358],[50415.10222306609,7234750.717567006],[50424.39070686541,7234743.892594092],[50433.307853112,7234736.999011852],[50441.93752272159,7234730.277249353],[50450.320300499094,7234723.6508938605],[50458.58789270569,7234717.065736332],[50467.01604446757,7234710.38621883],[50475.54338853143,7234703.711062681],[50484.838084881834,7234696.333609968],[50493.81086150615,7234689.137620676],[50502.51188112644,7234682.118965669],[50510.42178115266,7234675.748732265],[50518.28984887764,7234669.418661134],[50526.612158947624,7234662.685333326],[50534.88753179507,7234655.944020437],[50542.8634690629,7234648.492068421],[50548.78764712409,7234638.662234937],[50551.90151033492,7234627.391894937],[50554.30965027714,7234615.929809215],[50557.97396082018,7234605.549599386],[50558.402329054894,7234604.755995841],[50565.75817277597,7234595.059643645],[50574.37131121114,7234586.512505244],[50583.03314406576,7234577.842013927],[50591.57330377976,7234569.311688651],[50600.06766759348,7234560.843497264],[50608.56314514711,7234552.708419131],[50618.601098057756,7234545.8363036215],[50629.72911983117,7234540.577485815],[50640.92568999797,7234535.834245271],[50652.394690386136,7234531.531525796],[50664.01490554953,7234527.326606821],[50675.6348595352,7234523.10467806],[50687.171201399,7234518.86600465],[50698.72342349362,7234514.565870209],[50710.44342716702,7234510.667393565],[50722.34901448421,7234507.810439829],[50734.175378873246,7234505.136465985],[50745.46399096947,7234502.574348889],[50757.47351040365,7234499.681792384],[50768.89071351063,7234496.662738791],[50780.48671461415,7234492.776802558],[50791.40759939392,7234487.21287615],[50801.79864291224,7234480.565138795],[50812.015553738456,7234473.838495191],[50822.09229664446,7234467.288061373],[50833.09920854308,7234461.866424875],[50845.03608173499,7234459.0038508],[50857.229315861536,7234458.489888444],[50869.07634806738,7234461.400643876],[50880.23657434288,7234466.255138142],[50886.97917371319,7234469.262979232],[50890.05643672764,7234470.656080517],[50892.02738889266,7234471.569882452],[50898.282215762534,7234474.468989074],[50909.22386664996,7234479.615717425],[50920.31671385892,7234484.904554877],[50931.429865534534,7234490.207486022],[50942.97943991015,7234493.8773105685],[50954.97742045391,7234496.030259876],[50966.98675068689,7234497.518745719],[50979.260034443636,7234496.802604597],[50991.040242974355,7234493.083470745],[51002.12089512206,7234487.967882955],[51013.207500598684,7234482.8959085625],[51014.53339889564,7234482.2894206345],[51024.13517575088,7234477.315158047],[51034.08597072499,7234470.775342816],[51044.15327504027,7234463.779316874],[51053.015014419856,7234455.438787356],[51060.535707411414,7234445.963557543],[51066.3692043543,7234435.505882074],[51070.663416529074,7234424.110259056],[51074.89171486808,7234412.77289415],[51079.22187046113,7234401.44819611],[51082.50336827175,7234390.08502489],[51083.567755567376,7234378.249595946],[51083.77787646215,7234366.1978103295],[51083.83929425903,7234364.787100885],[51084.346384267265,7234352.962174894],[51086.229509084136,7234341.1449126825],[51090.97794187174,7234329.956980186],[51097.1412733781,7234319.3703942895],[51103.282345323416,7234308.857156839],[51109.471417459485,7234298.278742222],[51115.304049724946,7234287.4587460775],[51119.64060726168,7234275.964885147],[51120.884677550115,7234272.2891490515],[51123.78682638984,7234260.4306451045],[51124.43127037899,7234256.499695864],[51125.87384848134,7234244.299825405],[51125.983784189506,7234242.564180957],[51126.69252445939,7234230.3328229],[51129.3958728147,7234218.431487566],[51135.70284036826,7234208.138256663],[51143.65729009872,7234198.718430898],[51151.32463323191,7234189.172356577],[51159.14419222885,7234179.653257859],[51167.960893293784,7234171.107199008],[51176.96538526,7234162.828176344],[51186.00763657811,7234154.425552137],[51195.026740905654,7234146.042934313],[51204.13334766135,7234137.678172917],[51213.59300276643,7234130.0874212785],[51224.54285036959,7234125.070613278],[51236.48694857751,7234123.201462772],[51247.00646738015,7234122.2414391665],[51249.09278775356,7234122.065006014],[51260.66565504635,7234121.104384842],[51272.468616985716,7234120.068661207],[51284.73889731377,7234119.057787694],[51297.05248290347,7234118.156053087],[51309.290811885556,7234117.298044786],[51321.475683813274,7234116.40562248],[51333.565515511844,7234114.392563533],[51345.16476419155,7234111.339539073],[51356.40454503661,7234108.542504318],[51367.691047056986,7234107.456912497],[51378.64005635894,7234108.0125376675],[51389.885898415,7234109.590544663],[51400.888746899844,7234112.1940218285],[51411.31280152348,7234114.614495097],[51422.114651970216,7234117.1127478],[51432.73785202927,7234119.590147561],[51443.66872646642,7234122.1653531315],[51454.66521153366,7234124.728481757],[51465.77679254231,7234127.323801671],[51477.28226110025,7234130.015750442],[51488.73597726668,7234132.609036706],[51500.33918961801,7234135.111693781],[51511.37959855882,7234137.29548943],[51512.27417529019,7234137.458609333],[51524.03709342203,7234139.005228491],[51535.69264841697,7234137.601947088],[51546.27376055205,7234134.570067944],[51557.3117870093,7234131.274484515],[51568.61842343322,7234127.5344412485],[51579.33407568105,7234122.594561202],[51589.391340083675,7234116.459858645],[51599.757774475205,7234109.934558231],[51605.61865914363,7234106.341632884],[51609.96934412245,7234103.7564720325],[51619.864661943226,7234097.949637821],[51629.410920036724,7234092.275864148],[51639.008201988065,7234086.493914839],[51648.63002182217,7234080.655011097],[51658.17294167634,7234074.785420848],[51667.839264912065,7234068.758824306],[51677.48236828565,7234062.708139455],[51687.82856514701,7234057.661584955],[51698.92573732964,7234055.299653323],[51710.947588979965,7234056.453551811],[51722.55063007749,7234060.636391982],[51733.888564523775,7234065.4136126],[51745.715529188805,7234068.231141932],[51757.77543836029,7234066.826705005],[51760.43564392475,7234066.035479229],[51771.39874688856,7234060.921982474],[51780.87236564071,7234054.441431573],[51789.24194219441,7234046.2057303265],[51796.3193727053,7234036.680961626],[51803.38887946011,7234026.902932338],[51809.71027112944,7234016.96059477],[51815.685229850875,7234007.389973152],[51821.50038769451,7233998.144420007],[51827.33972248435,7233989.0293772295],[51827.341977368225,7233989.025452776],[51830.15534344711,7233984.707012182],[51836.02069637453,7233975.594929142],[51842.33641231555,7233965.756686014],[51848.70858876401,7233955.894744587],[51855.08105882496,7233946.066907388],[51860.92751826957,7233937.042384313],[51867.12064572371,7233927.551747035],[51873.681134674116,7233917.374103738],[51880.276695697685,7233907.086766595],[51886.856756098045,7233896.876775233],[51893.143945469696,7233886.983056247],[51899.89659508533,7233876.975510228],[51907.935955818335,7233867.7691670675],[51917.93389281805,7233861.140339062],[51929.550662346766,7233857.572465532],[51940.02942776034,7233856.67093393],[51951.7507757282,7233856.047049426],[51963.711898381705,7233855.150900796],[51975.5821467709,7233854.064074999],[51987.1412049795,7233853.005598591],[51998.74893090123,7233852.025559509],[52010.714697955,7233851.067439802],[52016.928753545624,7233850.535797512],[52028.62921033142,7233849.54377386],[52040.384387132304,7233848.473010576],[52051.220672102645,7233847.243130698],[52062.36624172446,7233845.259586629],[52073.00550070335,7233840.706500744],[52082.176907458226,7233833.347964497],[52089.8985148191,7233824.136703283],[52096.11035719939,7233813.701921771],[52101.412603710254,7233802.783483673],[52106.73288798268,7233792.455816321],[52113.62706767692,7233782.718378302],[52121.731770900486,7233773.69044858],[52129.715224272746,7233764.477742594],[52137.57788833795,7233755.09404726],[52144.53917542787,7233745.154997154],[52149.895702527254,7233734.281084904],[52154.14693539607,7233723.470761985],[52158.51046934386,7233712.344253702],[52162.69345405087,7233701.149646739],[52166.71018050471,7233689.812219799],[52170.583182790026,7233678.890794188],[52173.95975696668,7233667.057646137],[52176.48164099548,7233654.9758709185],[52179.00078538904,7233642.888008913],[52181.417692833405,7233631.071570219],[52183.680522082024,7233619.018641094],[52183.82532124524,7233606.700318888],[52180.65824201645,7233595.665855283],[52175.94351274526,7233585.010478299],[52171.597093544784,7233574.7815130055],[52167.531132550735,7233564.788837286],[52165.17076581414,7233558.963435125],[52160.780531982135,7233548.2511339],[52156.22547535313,7233536.934595513],[52151.66344551789,7233525.61482732],[52147.55023538816,7233515.402247222],[52144.970095657394,7233504.42994042],[52145.684271169244,7233492.713637737],[52149.818121479475,7233481.36139251],[52155.23440945707,7233470.382828409],[52160.28422888287,7233459.457360977],[52165.65188610111,7233448.355370538],[52170.790857374435,7233438.022554567],[52176.85247009748,7233427.469799894],[52185.27771852119,7233418.749224104],[52195.09772855131,7233412.444642948],[52204.74610236188,7233407.226845304],[52214.039809313486,7233402.069745652],[52223.21905101073,7233396.870470744],[52232.53348813509,7233391.586762495],[52241.9602994335,7233386.253858404],[52251.749966689385,7233380.816754464],[52252.34500215028,7233380.492919631],[52262.08376143599,7233375.187974343],[52272.75342585932,7233369.425567657],[52283.40549438872,7233363.426795557],[52294.0340386231,7233357.326515049],[52295.31942312303,7233356.590999383],[52305.49000250071,7233350.685089602],[52316.05323308206,7233344.5409011785],[52326.71660411282,7233338.421192955],[52337.36488006823,7233332.350962317],[52347.13927221036,7233325.399316423],[52355.55496686697,7233316.349168575],[52363.21042935987,7233306.68265241],[52371.081464413146,7233297.223313443],[52378.94207917515,7233287.729313259],[52386.75879627757,7233278.295514494],[52394.69908998406,7233268.83521085],[52402.57816748542,7233259.441428274],[52410.485713118396,7233249.975606333],[52418.3811267775,7233240.55536453],[52426.192306373676,7233231.202668493],[52434.031856471556,7233221.749942497],[52441.93390222889,7233212.317914917],[52449.86828691268,7233202.853401193],[52457.78940458252,7233193.4413162805],[52465.708256995014,7233184.0362625625],[52473.61491723085,7233174.610483462],[52481.40173204307,7233165.263747384],[52488.99001948332,7233155.686509764],[52496.37994455063,7233146.332239088],[52504.09728022199,7233136.855060201],[52511.95893187984,7233127.361160559],[52519.54218117293,7233118.194008552],[52527.40910499933,7233108.668290453],[52535.26119839947,7233099.252146642],[52542.2194582714,7233090.878973408],[52549.60466557753,7233082.085279699],[52557.27949251031,7233073.296383735],[52563.96287384257,7233063.880686627],[52568.225243918714,7233052.638547726],[52570.46080823068,7233040.616496183],[52572.261126238154,7233028.385642308],[52574.25833174435,7233016.828588702],[52576.75947854284,7233005.147289138],[52579.53812815249,7232994.950948896],[52582.562941005745,7232984.769427757],[52585.887393830286,7232972.891911428],[52589.074917510734,7232961.117649697],[52592.30266267795,7232949.296057645],[52595.26498705818,7232938.66847235],[52598.63764915895,7232926.85827969],[52601.9771175753,7232915.050556286],[52604.04225553729,7232906.514030217],[52604.6405666066,7232903.083581282],[52606.750415961724,7232890.975793179],[52609.00866210519,7232878.8474215865],[52612.714832255326,7232867.346993053],[52614.035584916186,7232864.523333952],[52620.039727953495,7232854.067561416],[52626.62169265689,7232844.767823569],[52632.891889717255,7232836.757310435],[52640.120402568544,7232828.397171121],[52647.617321517086,7232819.95650701],[52654.99597158417,7232811.720326299],[52662.512014393986,7232803.279504692],[52670.744230957935,7232795.49446282],[52680.22789698525,7232788.970534979],[52690.13900762028,7232783.212784294],[52699.99305449583,7232777.385305289],[52710.29194621969,7232772.203625226],[52721.28024156368,7232767.517804492],[52732.26475345023,7232762.798756609],[52743.0856462784,7232758.221955776],[52754.214689327986,7232753.686867222],[52764.54611717106,7232747.768217126],[52773.908521943726,7232740.357232507],[52783.28542131954,7232733.162396936],[52792.9816491626,7232725.800290946],[52803.35090914514,7232719.255360833],[52814.29883920646,7232713.735204866],[52825.31005531369,7232708.189788073],[52835.81556548085,7232701.784339173],[52844.874907526304,7232693.444947043],[52853.636501534784,7232684.763420714],[52862.31949451461,7232676.1104204245],[52871.01982255699,7232667.316935669],[52879.65351641999,7232658.486286848],[52879.89311371924,7232658.240116673],[52888.29789410165,7232649.666090005],[52896.7985552054,7232641.076311245],[52905.4356592932,7232632.530856103],[52914.36645619763,7232624.060404027],[52923.40524415922,7232615.686988027],[52932.18164635467,7232607.5317847],[52941.21708790341,7232599.210561069],[52950.16426292906,7232591.027831016],[52959.289858262346,7232582.732533077],[52968.33494916622,7232574.285336624],[52977.14755821676,7232565.7855647635],[52986.01350668428,7232557.602276599],[52995.29357726709,7232549.55767284],[53004.89544593019,7232541.766017912],[53015.191404819896,7232535.13261645],[53025.68011748564,7232528.676314073],[53036.181115706626,7232522.215519961],[53046.448737361,7232515.859825924],[53056.90331566654,7232509.406055491],[53067.39336289413,7232502.941664537],[53077.80224178103,7232496.475949993],[53088.229135010624,7232489.96672649],[53098.55983841157,7232483.522436485],[53108.890606918256,7232477.122344625],[53119.24583058263,7232470.757473833],[53129.71645421651,7232464.2813057965],[53140.21114632819,7232457.756051194],[53150.45206486882,7232451.393205748],[53160.912336670735,7232444.876477504],[53171.63178521965,7232438.670065389],[53182.502468050865,7232432.876729916],[53193.33707016945,7232427.037674601],[53204.15000319568,7232421.074295051],[53214.986705680145,7232415.095802933],[53226.30241793522,7232410.422570116],[53238.05388002365,7232407.232323114],[53249.714429203945,7232403.719024392],[53261.37301487301,7232399.998858765],[53273.104249472264,7232396.382231251],[53284.72082390217,7232392.863028666],[53296.355360675254,7232389.348512811],[53308.186475953145,7232385.921921508],[53319.86647753278,7232382.264049333],[53330.86663296289,7232376.898757683],[53340.91506840609,7232370.304619601],[53351.14071308257,7232363.377303202],[53361.35496456316,7232356.457494535],[53371.37837974192,7232349.614526043],[53381.67296223022,7232342.875800591],[53392.64467406395,7232337.539416658],[53403.889934597595,7232332.823891314],[53415.28507197049,7232328.076043152],[53426.564255828154,7232323.272872046],[53437.83040926402,7232318.356764307],[53448.857803524996,7232313.577570418],[53460.177064585325,7232308.777127379],[53471.47880408168,7232303.824508132],[53482.33652952663,7232297.982466573],[53493.05317682086,7232291.772094866],[53503.66601288726,7232285.683494551],[53514.25699669268,7232279.590954177],[53524.84827914764,7232273.467209281],[53535.22342499602,7232267.49144722],[53545.86490325449,7232261.346004309],[53556.38353881001,7232255.753734873],[53567.45436898898,7232250.3566102125],[53578.52369811473,7232245.011405224],[53589.66541126877,7232239.712644452],[53600.426632296294,7232233.762095818],[53610.749065649754,7232227.093888734],[53621.18032695941,7232220.484643748],[53631.28943970258,7232214.219277846],[53641.14691999665,7232208.221794164],[53651.59724948119,7232201.768858779],[53662.061420023616,7232195.189205317],[53672.31238956173,7232188.754522709],[53677.121438770846,7232185.7604741175],[53682.66015679779,7232182.285119392],[53693.118909449724,7232175.712267719],[53703.551759552094,7232169.225524898],[53713.97211657325,7232162.724152941],[53723.929054086155,7232155.999649683],[53732.93058041012,7232147.51645764],[53741.1777067557,7232138.422158513],[53749.50474763737,7232129.289258898],[53757.497223326354,7232120.508612229],[53765.75960794743,7232111.33972526],[53774.00763406948,7232102.114059939],[53782.458630472946,7232093.196202377],[53791.161639312224,7232084.702919759],[53799.80707056337,7232076.264285596],[53808.49038150953,7232067.737924196],[53817.160230865,7232059.043420615],[53825.686445538246,7232050.350783365],[53835.17153987248,7232042.682495609],[53845.482545798586,7232036.114183364],[53855.67705865891,7232029.618920676],[53865.84458520316,7232023.075350113],[53876.17997053248,7232016.388648186],[53886.54407177906,7232009.687216986],[53896.75426168501,7232003.017190292],[53905.566837708175,7231995.08450268],[53913.41199065646,7231985.509918092],[53921.32043013984,7231976.111756779],[53929.06974124926,7231966.616226884],[53936.07266424125,7231956.462773541],[53940.096276874014,7231944.863174403],[53940.855795316864,7231936.0261790715],[53938.69407677534,7231924.266177444],[53932.34288453829,7231914.2636242015],[53924.13335399254,7231905.629270183],[53915.841489424405,7231896.977343535],[53907.76078977715,7231888.425916238],[53906.075185314694,7231886.643997975],[53897.847321367706,7231878.110310383],[53889.634317564836,7231869.465818853],[53882.89216246514,7231861.333830387],[53877.50456808839,7231850.706845257],[53874.111588756845,7231839.025736019],[53871.08506510401,7231827.203198331],[53868.03410850128,7231815.341546772],[53865.03409317258,7231803.759091515],[53862.86437822174,7231791.819104963],[53862.5509115787,7231779.506946964],[53862.3982153032,7231767.257003523],[53861.92346697947,7231754.963797645],[53861.31471423962,7231742.635347966],[53859.055981976446,7231730.554075031],[53854.07761498715,7231719.724508188],[53847.97603582044,7231709.700924836],[53841.984856800525,7231699.610969072],[53835.962066607375,7231689.348169275],[53834.32286218257,7231686.52001344],[53828.87503982801,7231677.54547599],[53822.73536945233,7231667.27241406],[53816.70978803333,7231656.916108044],[53811.501230117574,7231646.208836256],[53807.4131854889,7231635.818967834],[53803.15550021961,7231625.179789569],[53798.71738987119,7231614.292948589],[53794.84672999557,7231604.902811141],[53790.390763249656,7231594.1697551925],[53786.33824192651,7231584.563779971],[53781.89283505472,7231574.0196419805],[53778.00945114001,7231563.471395178],[53775.78774209699,7231552.2302375985],[53775.02286827704,7231540.893099367],[53774.39723808016,7231529.762852151],[53774.01061566151,7231523.839319928],[53773.669456091884,7231518.902812902],[53773.62938994542,7231518.31222415],[53772.91999630176,7231507.307518185],[53772.24849926238,7231495.175015927],[53772.740786419425,7231482.994840037],[53775.337436459784,7231470.979025759],[53777.78417359601,7231461.688056065],[53780.848223386856,7231449.874509245],[53783.93414997269,7231438.135086313],[53787.111170073214,7231426.219272962],[53790.210336255725,7231414.4524059445],[53793.273439061246,7231402.549536566],[53796.36016699049,7231390.586466],[53799.44086828636,7231378.603208231],[53802.597257068264,7231366.788674993],[53802.61404099804,7231366.727251116],[53805.846680564515,7231355.210067721],[53809.02834944206,7231343.774961017],[53812.015425037476,7231332.796515643],[53814.82766367338,7231322.09423776],[53816.761535456404,7231314.624356755],[53819.56381936045,7231303.851564677],[53822.41974852601,7231292.979680009],[53825.283937966684,7231282.056199961],[53828.12522205338,7231271.266910331],[53831.0508319682,7231260.337992368],[53833.934282321075,7231249.276871441],[53834.61064943543,7231246.619506056],[53836.30465391849,7231239.98852087],[53839.32433340972,7231229.881401606],[53839.820505290874,7231228.509004867],[53843.80914136884,7231217.361315298],[53847.74046572845,7231206.195208719],[53851.71202582447,7231194.999650603],[53855.71176144027,7231183.716052469],[53859.64683259319,7231172.599155909],[53863.49466769502,7231161.617794571],[53868.00980836002,7231150.609771911],[53868.4974850007,7231149.566056238],[53873.43561101251,7231138.743524578],[53877.95589149726,7231128.844153512],[53882.87376859307,7231118.027513042],[53887.68450188957,7231107.457039912],[53892.53690708487,7231096.850275981],[53897.946600766445,7231086.1879404355],[53903.39126706042,7231075.527077688],[53908.88261572231,7231064.856297258],[53913.926876978134,7231053.813659213],[53916.385935678205,7231042.232045701],[53916.28371076024,7231030.3374654595],[53916.2101014973,7231029.012124967],[53915.53421293397,7231018.317937987],[53914.69489114336,7231006.17209391],[53913.83886214433,7230994.153756036],[53912.91724535398,7230982.054426633],[53912.01002890349,7230970.286634497],[53911.03856518399,7230958.362596179],[53910.03265923029,7230946.330705949],[53908.87346495694,7230934.184644905],[53907.00994232274,7230922.061593587],[53904.91081893159,7230909.95817877],[53902.7826066296,7230897.967761153],[53900.60101470206,7230885.869761819],[53898.74114232318,7230875.77121768],[53896.50604419474,7230863.7280003335],[53894.3074636067,7230851.605121248],[53892.19448410702,7230839.95248206],[53889.975900364865,7230828.191890618],[53889.33535372105,7230824.921287715],[53886.92251964251,7230812.924466295],[53883.996183692536,7230801.016069807],[53879.37292365648,7230789.692697749],[53874.34637533169,7230778.455678906],[53869.49620027759,7230767.655875356],[53864.425431967946,7230756.421960739],[53859.37971970823,7230745.2581609525],[53854.44135836919,7230734.456470467],[53849.297485967574,7230723.242483754],[53844.16099979234,7230712.180997044],[53838.93850478064,7230701.06583596],[53833.89354686561,7230690.336619293],[53828.62023593194,7230679.19402747],[53824.56396450894,7230668.178535091],[53824.5348404026,7230668.065859063],[53822.61060571304,7230655.956116624],[53822.02699231665,7230643.610900201],[53821.78156781569,7230631.263610057],[53823.11979979044,7230619.01040376],[53827.999091864156,7230607.7086537],[53833.987504484016,7230596.958621407],[53840.483285565744,7230586.553097275],[53847.58964859386,7230576.629940677],[53854.63725499611,7230566.720191804],[53861.488853315124,7230557.046712866],[53868.484765951696,7230547.147712791],[53875.44921613997,7230537.303658673],[53882.3541006883,7230527.538178058],[53889.33313094918,7230517.634512583],[53896.75472749444,7230508.069463105],[53905.14671751723,7230499.513274816],[53913.558028734114,7230491.155843641],[53922.130485593865,7230482.624747921],[53930.65218804614,7230473.995149465],[53939.30674198229,7230465.376543965],[53948.000737474766,7230456.889160853],[53956.68877200247,7230448.376258142],[53965.37936325115,7230439.87154255],[53973.58819073188,7230431.105892817],[53981.357400186185,7230421.798926277],[53988.92259588302,7230412.70375803],[53996.09814728884,7230403.00937586],[54001.33865121548,7230392.045672674],[54005.91725891747,7230380.965317456],[54010.36770217889,7230370.130221924],[54014.98695286777,7230358.743778827],[54019.56750606961,7230347.507003228],[54024.2083643247,7230336.109491736],[54028.79914137599,7230324.8009712575],[54033.420684071316,7230313.4056056645],[54038.04128509748,7230302.082397623],[54042.35568384698,7230291.553163401],[54042.68702150823,7230290.733243536],[54046.53650598996,7230279.30870307],[54049.71682163922,7230267.435096443],[54052.90325411694,7230255.584900726],[54056.032558854844,7230243.819468542],[54059.00931979116,7230231.944999571],[54063.39923079312,7230220.595498942],[54070.691765176365,7230210.774089609],[54071.72229577665,7230209.724308581],[54079.072682857746,7230202.108312122],[54080.760145495646,7230200.358287596],[54086.85920822708,7230194.084064409],[54087.72318716103,7230193.196551531],[54094.9984162451,7230183.675208137],[54099.99378484121,7230172.786905919],[54103.6521549981,7230161.512391064],[54106.524731493904,7230150.425710699],[54107.359186121204,7230139.428391839],[54107.7896378279,7230128.465211304],[54108.22750179417,7230117.700069056],[54108.793936800794,7230106.636593306],[54109.381801283744,7230095.543052811],[54109.975780009525,7230084.265130997],[54110.551609672664,7230072.966404544],[54111.16119016416,7230061.722309142],[54111.750280869426,7230050.734092665],[54112.35702707723,7230039.713578269],[54112.95801204146,7230028.661779344],[54113.556315954775,7230017.78536672],[54114.12628187938,7230006.64182077],[54114.63567569718,7229995.66710894],[54115.07396049745,7229984.57590935],[54115.518874169094,7229973.604314625],[54115.89986172842,7229964.689453658],[54116.39929031173,7229952.899796233],[54116.95302570594,7229941.102469505],[54117.56522906979,7229928.825273729],[54118.28422367596,7229917.128735639],[54118.35226279829,7229916.091438662],[54119.07717760949,7229905.365086039],[54119.813254067616,7229894.414424265],[54120.527416013065,7229883.549118884],[54121.20727785089,7229872.484676154],[54121.89841241902,7229861.279444525],[54122.5749613354,7229850.266980539],[54123.277418254176,7229838.761147173],[54123.92862156668,7229827.346377008],[54124.55809234461,7229816.061059705],[54124.60855818691,7229815.10326346],[54125.16473678226,7229805.087741187],[54125.80152570928,7229794.00023705],[54126.43665992044,7229782.814502421],[54127.01664522686,7229771.7616843935],[54127.50403241656,7229760.829233695],[54128.0076548825,7229749.690741907],[54128.601074963866,7229738.4960947465],[54128.84998014604,7229734.644120712],[54129.36977988103,7229726.762528354],[54130.11863503273,7229716.631012535],[54130.25662236195,7229714.876664915],[54131.277043719136,7229702.849225458],[54133.604609658476,7229690.93604544],[54138.406944882474,7229679.699179084],[54144.339193712396,7229668.861433988],[54150.180395816744,7229658.152102124],[54156.02852761437,7229647.379025051],[54161.90812626219,7229636.575099047],[54167.62554825307,7229625.923476921],[54172.631721335405,7229614.928366186],[54175.53130969743,7229603.712522974],[54177.59501001565,7229592.725525882],[54179.64895546739,7229581.9165720735],[54181.755571778165,7229570.960627424],[54183.87871488131,7229560.081408475],[54186.03567677963,7229548.941081325],[54188.143072742154,7229537.399213384],[54189.94045255688,7229527.21904128],[54190.18167303206,7229525.896527378],[54192.2440459911,7229514.443927005],[54194.38142439281,7229502.609507272],[54194.85689595499,7229500.007454343],[54196.56339909497,7229491.061964313],[54198.73154350463,7229479.531851027],[54200.929264837,7229467.9669412],[54203.183476678794,7229456.327242599],[54205.05136590882,7229446.706888119],[54207.24186371558,7229435.329211179],[54209.41306085768,7229423.956680065],[54211.56747989089,7229412.620584705],[54213.693864622386,7229401.445721903],[54215.86540414352,7229390.382280336],[54217.83066138433,7229380.668812923],[54220.0795720545,7229369.557584591],[54222.25825294288,7229358.694060804],[54222.73167515191,7229356.297512129],[54224.90542128554,7229344.731599551],[54227.11125005933,7229333.007474182],[54229.21274424624,7229322.868761186],[54230.16678537248,7229318.360876826],[54232.03534298326,7229308.747430883],[54233.920472903934,7229298.28425539],[54235.63869792782,7229288.308074495],[54237.45613109425,7229278.126670349],[54237.671140287945,7229276.9404602535],[54239.679411236255,7229266.711415283],[54241.79991183494,7229255.961607974],[54243.86967135896,7229245.113302488],[54245.91888525471,7229234.0724166855],[54247.942559364485,7229222.836899709],[54249.909016076825,7229211.785319288],[54251.93355600035,7229200.644231145],[54255.1211621078,7229189.244540008],[54259.3985442181,7229178.173025304],[54263.78337244241,7229166.919767009],[54268.086930400925,7229155.759147277],[54272.31733494578,7229144.46087175],[54276.32439222699,7229133.219949779],[54280.14762254298,7229121.74014231],[54285.443691648485,7229111.291678008],[54294.23208893655,7229102.894846877],[54304.38052256091,7229096.2444506865],[54314.324388648325,7229089.41057257],[54323.1373620095,7229081.454213242],[54331.755932598084,7229073.33480723],[54340.70516065537,7229065.178755868],[54349.63879546826,7229057.305059866],[54358.08771684178,7229048.44278989],[54364.415070158895,7229038.1082281405],[54368.37327778089,7229026.499986559],[54370.662313700304,7229014.461613794],[54372.574729943764,7229002.456719022],[54374.32285051962,7228990.399489999],[54375.977431093226,7228978.327106042],[54379.94619256706,7228966.77651554],[54388.291613088804,7228957.712069339],[54398.450435526436,7228950.670041392],[54408.657058575016,7228943.701421328],[54418.87894380692,7228936.773496456],[54428.523687185836,7228930.307526497],[54429.35908134008,7228929.747700969],[54439.401709503436,7228922.88111172],[54449.5581059893,7228915.958364644],[54459.84306416748,7228909.081449713],[54470.14817515627,7228902.222511032],[54480.453737772536,7228895.3555849325],[54490.643760416424,7228888.443239819],[54500.74243924196,7228881.535019483],[54510.908621570794,7228874.530484403],[54521.08229378157,7228867.513193864],[54531.29892535525,7228860.543942545],[54541.18767991883,7228853.867190327],[54551.32093835104,7228847.154088803],[54560.94080116268,7228840.251664344],[54569.935179974826,7228831.800791277],[54578.82383016875,7228823.2239707],[54587.76386206312,7228814.663480541],[54595.61657890689,7228805.243163001],[54601.315418747254,7228794.355088027],[54605.16511274094,7228784.267902939],[54605.682780664414,7228782.88454267],[54610.018796907854,7228771.400425918],[54614.27100562508,7228759.996871971],[54618.49361673766,7228748.578915161],[54622.607244461426,7228737.427057508],[54626.843903942034,7228725.894501119],[54631.11013785761,7228714.42332424],[54635.47880461812,7228702.880520386],[54639.82368557819,7228691.374812222],[54644.08831243118,7228679.961777073],[54648.32841116795,7228668.649005925],[54648.43776149565,7228668.355931175],[54652.55980587943,7228657.329842674],[54656.73658080713,7228646.133618383],[54660.915291417914,7228634.893366608],[54665.17131550744,7228623.49193326],[54669.341442458215,7228612.173104886],[54673.49053631647,7228600.87835704],[54677.61989754875,7228589.595737752],[54681.77613656537,7228578.252245391],[54686.02212371869,7228566.78529238],[54690.25224133738,7228555.447982905],[54694.56022138678,7228544.028916715],[54698.88355398248,7228532.604464413],[54703.166439839406,7228521.324625126],[54707.404726542416,7228510.186376033],[54711.31332768989,7228499.812907446],[54715.055889551586,7228488.614415003],[54716.65731452283,7228476.45346615],[54714.95916237956,7228464.185337284],[54712.47610459477,7228452.743008081],[54709.79998587078,7228440.724433096],[54707.19815766974,7228429.156510413],[54704.49024344777,7228417.12945524],[54701.799907667795,7228405.091199014],[54699.07891458727,7228393.043501687],[54696.36257927696,7228381.095352107],[54693.528095001995,7228369.070718331],[54690.80666092428,7228357.577629292],[54688.1154450567,7228346.213463145],[54686.36874767125,7228334.138757806],[54685.81628441182,7228321.893290287],[54685.239760140714,7228309.66880575],[54684.68237839354,7228297.41917893],[54684.13345721114,7228285.07154032],[54683.554521659506,7228272.719480298],[54683.92283889622,7228261.063532294],[54687.06828943407,7228249.257868184],[54691.98632193118,7228237.973196857],[54696.70635454188,7228227.353756195],[54701.794428048015,7228216.261204058],[54702.92029566824,7228213.833499308],[54708.150997226476,7228202.643864581],[54711.91288707836,7228191.012993487],[54712.503628221515,7228178.7741298815],[54711.62008257082,7228166.482890477],[54710.34505247348,7228154.154237516],[54706.412010116386,7228142.498160064],[54700.03179408889,7228131.986529214],[54693.119925599545,7228121.9497795245],[54684.47928666609,7228113.234811358],[54673.91854207282,7228107.892528814],[54662.2743725584,7228103.865289861],[54650.71955388336,7228099.587293526],[54639.26446209662,7228095.187373316],[54627.82600473601,7228090.705800805],[54616.404702919885,7228086.198011404],[54604.94236796617,7228081.713417612],[54593.47640116204,7228077.262789601],[54581.992771542515,7228072.894647019],[54570.55042200716,7228068.567487303],[54559.11163927463,7228064.227328055],[54549.335242704896,7228060.518639459],[54537.84258049441,7228056.195361428],[54526.28244042344,7228051.924069294],[54514.70857631741,7228047.735501935],[54503.10937346268,7228043.59785093],[54491.47005986667,7228039.504748432],[54480.11605742085,7228037.485527854],[54479.77520207077,7228037.481521394],[54467.44089726766,7228037.1401922535],[54455.52819144272,7228036.542836973],[54443.30196196004,7228035.621616086],[54431.451715724834,7228032.550210604],[54421.0596712135,7228026.119938435],[54420.487783509656,7228025.646167535],[54411.54517945589,7228018.583916096],[54402.41834214475,7228010.787210846],[54395.17120800348,7228001.843143178],[54390.06413891347,7227993.792371048],[54383.85093981685,7227984.037408864],[54377.64270021266,7227974.081031178],[54371.07382365834,7227963.933081335],[54363.43702263135,7227954.500167213],[54355.48065239587,7227945.509501315],[54347.486786471854,7227936.57335756],[54339.369679291034,7227927.608531987],[54331.544144732645,7227918.3840024695],[54325.44137626304,7227908.085189216],[54321.092471170006,7227896.984316433],[54317.01365541597,7227885.767198419],[54313.00402591191,7227874.933268605],[54308.78800500801,7227863.734103518],[54304.89506218914,7227852.373555142],[54303.33072937245,7227840.438272031],[54305.03041745367,7227828.889449794],[54309.54755056411,7227817.647106377],[54314.68769182224,7227806.648093851],[54319.34215771849,7227795.473977828],[54321.59912050533,7227783.664021096],[54321.21618312196,7227771.556488534],[54319.5550042633,7227759.611827925],[54317.47783952049,7227747.909587846],[54315.74907067255,7227736.94504119],[54314.01076042693,7227725.634009976],[54312.33460740722,7227714.524357351],[54310.70602335426,7227703.948452717],[54309.38093789667,7227693.882438378],[54308.60698689794,7227685.884450745],[54307.33412695245,7227674.887905777],[54305.67919952754,7227663.1872167885],[54303.74561891769,7227651.121268002],[54301.66200655681,7227639.019437654],[54299.58134441642,7227626.898711154],[54297.50893940957,7227615.046239439],[54295.74727676378,7227602.901489787],[54296.20107173751,7227590.928308712],[54299.01540005038,7227578.948404255],[54301.30411639047,7227570.927615037],[54304.625676514464,7227559.407609304],[54305.440597626264,7227556.706242177],[54308.773846340715,7227545.625080746],[54312.126027997874,7227534.478456588],[54315.44000357657,7227523.336361001],[54318.56187986449,7227512.541722534],[54321.65482362622,7227501.790008625],[54324.86561710556,7227490.891098715],[54327.74846053985,7227479.741822876],[54330.23439674557,7227468.473535996],[54332.87208452111,7227457.107803315],[54335.55793952325,7227445.807390337],[54338.29975251813,7227434.311783556],[54341.29691868508,7227422.868709495],[54345.004827010795,7227411.59753222],[54348.84258566657,7227400.357245501],[54352.50928349991,7227389.449331793],[54356.256075291196,7227378.068585431],[54359.906302355404,7227367.035525443],[54362.244702430384,7227355.337512414],[54363.12586434785,7227343.383387877],[54364.07779448433,7227331.419244528],[54365.0691240828,7227319.472823384],[54366.40097357391,7227307.354041471],[54367.95645127172,7227295.624266896],[54371.0423021483,7227283.900219185],[54376.71490842081,7227273.292972639],[54383.648193422414,7227263.3946545115],[54390.454429129255,7227253.416447176],[54397.21244155307,7227243.399126813],[54403.99114824424,7227233.296297787],[54410.716390997695,7227223.268464992],[54417.432721269724,7227213.330520041],[54424.11322879972,7227203.385962909],[54430.84279813914,7227193.330168291],[54437.581721525814,7227183.173502071],[54444.047231980716,7227172.670738898],[54448.55620224745,7227161.206457378],[54452.37737010501,7227149.5280504115],[54456.31712462613,7227137.868948984],[54460.44143595791,7227126.279282665],[54463.67488200049,7227114.396234481],[54464.73686492012,7227102.096957568],[54464.79034958291,7227090.194249322],[54464.88577557198,7227084.039231573],[54464.99949419871,7227077.925347168],[54465.17486036982,7227065.692992069],[54465.302112823236,7227053.4154209215],[54465.32747162093,7227041.038015066],[54465.38369273057,7227028.66394799],[54465.47203071258,7227016.270271346],[54464.86281829316,7227003.905925943],[54461.75643205899,7226991.955441708],[54456.74914775562,7226980.66482917],[54451.58034131373,7226969.600946805],[54446.37151224335,7226958.417809991],[54441.272632274835,7226947.292675585],[54436.125289087824,7226936.037127528],[54431.19220760424,7226925.265455419],[54426.218607341,7226914.389727976],[54421.08879133442,7226903.215148074],[54415.90109728038,7226891.984701238],[54410.82611296122,7226880.954059167],[54405.64906031941,7226869.736168737],[54400.49032038025,7226858.599390261],[54395.31048637291,7226847.377403551],[54390.099405277404,7226836.158058528],[54384.98486644967,7226825.202849837],[54379.796000083385,7226813.979446737],[54374.70947525854,7226802.755603416],[54369.78690343839,7226791.566093091],[54364.40675198485,7226780.560999436],[54358.379324745445,7226769.744682128],[54352.494516076695,7226758.921797347],[54347.17770051281,7226749.047012841],[54346.53965487034,7226747.8951599635],[54340.63213338854,7226737.176587487],[54334.818292014825,7226726.453182634],[54329.11285537487,7226715.794727303],[54323.26581253245,7226704.889203117],[54317.46735808387,7226694.0891010985],[54311.6192948338,7226683.320915697],[54305.67619029764,7226672.593714686],[54299.87640713266,7226662.092640027],[54294.05117760011,7226651.422697255],[54288.21404332633,7226640.565892368],[54282.43251859711,7226629.85982931],[54276.55537698191,7226619.023255473],[54270.73593115184,7226608.267301858],[54265.8830647408,7226596.978600306],[54262.077842656756,7226585.612811025],[54258.28306089388,7226574.417281561],[54254.58929747826,7226563.274135682],[54251.027654950274,7226552.275346784],[54247.70854763774,7226541.6626315825],[54244.67865118274,7226531.655413434],[54241.91686856758,7226522.320195217],[54241.63413722423,7226521.367623657],[54238.61010855547,7226511.363925552],[54235.55832246132,7226501.30856533],[54232.54799008503,7226491.58318273],[54229.56828223745,7226482.231181888],[54226.48171446967,7226473.139458018],[54223.33066380338,7226464.302619873],[54222.90184377268,7226463.137929347],[54219.24087580398,7226453.041571364],[54217.54643018899,7226448.684016125],[54215.74944458372,7226444.215606839],[54212.23176670674,7226434.417565141],[54209.22253140912,7226424.600915275],[54208.91239994409,7226423.56404158],[54206.854759587906,7226416.490873364],[54203.66633826366,7226406.056430476],[54200.22934112011,7226395.071231376],[54196.67638256773,7226383.809925253],[54193.17702489748,7226372.828905242],[54189.66452584101,7226361.875552193],[54186.22333783936,7226351.121878862],[54182.7453568037,7226340.522041799],[54179.38778797962,7226330.5304114],[54175.9064087373,7226320.230321182],[54172.36972146592,7226309.752281948],[54168.833010210015,7226298.962161407],[54165.27525888005,7226287.694682402],[54161.617170865764,7226276.153049595],[54157.9903861811,7226264.67885052],[54154.345025184564,7226253.215925975],[54150.652024022245,7226241.761772021],[54148.01474545093,7226229.91728631],[54146.537338310096,7226217.678874145],[54146.530037652876,7226217.61733062],[54145.133658618026,7226205.497843433],[54144.12544415187,7226193.33627878],[54144.93713001988,7226181.077994332],[54145.6379269709,7226174.573661288],[54146.25196631579,7226168.987515674],[54147.77722979529,7226156.765861285],[54149.423888811434,7226145.066155158],[54150.985873138765,7226133.099027976],[54152.53481626103,7226120.8432742935],[54154.09878716926,7226108.70062629],[54155.72473149473,7226096.516466698],[54157.492320225574,7226084.417007079],[54157.56041815976,7226072.074467456],[54156.01025397191,7226059.895980224],[54154.50187866669,7226047.838690532],[54153.187102229684,7226036.912427212],[54151.74014585547,7226025.072598088],[54150.22641818132,7226013.247801806],[54148.775902758876,7226001.514139207],[54147.30247879081,7225989.732193917],[54145.61849646951,7225977.902834261],[54143.84962406737,7225966.265278391],[54141.9152238238,7225954.540131031],[54139.87368438917,7225942.4703069385],[54137.89867512131,7225930.71228998],[54137.525678460835,7225928.446699269],[54135.63900091936,7225916.280310495],[54133.8393397223,7225904.229155421],[54131.601668238465,7225892.445452824],[54127.27625912387,7225880.88909123],[54122.41784001497,7225869.546877822],[54117.70814851514,7225858.354674399],[54112.92101516167,7225846.968359577],[54108.14548015891,7225835.586640551],[54103.418490238895,7225824.311455708],[54098.62355959538,7225812.916879916],[54093.574375995726,7225801.734672105],[54088.086281178985,7225790.680391492],[54082.5401291888,7225779.733937822],[54076.939026838634,7225768.763028773],[54071.29873056413,7225757.790279953],[54065.66917624773,7225746.8049949],[54059.56862014806,7225736.2361209225],[54052.9697520457,7225725.956267508],[54046.41618892888,7225715.628134074],[54039.82802644611,7225705.173033902],[54033.57783396437,7225695.10624204],[54027.35679055436,7225685.0396204125],[54021.16696263279,7225674.990450936],[54015.11398227175,7225665.250386392],[54010.193081048026,7225654.048769452],[54006.85166081297,7225642.633322259],[54003.36491251184,7225630.828189536],[54002.975105114165,7225629.508828403],[53999.83654758264,7225618.788690258],[53996.463189333095,7225606.985592169],[53993.056861212535,7225595.110891361],[53989.63206252613,7225583.244247566],[53986.30128492537,7225571.746062375],[53982.86763528129,7225559.87823661],[53979.42284472252,7225548.1472041635],[53975.902434298245,7225536.333623977],[53972.363625319675,7225524.504225064],[53971.95145358436,7225523.1015019845],[53968.96186086442,7225512.798136845],[53965.54983445513,7225501.028517796],[53962.196366437885,7225489.343772341],[53958.953997654724,7225477.8423511665],[53955.73140636872,7225466.417206489],[53952.49153992289,7225455.019260408],[53949.2393791792,7225443.579707165],[53948.79462908453,7225441.985004783],[53946.14316424733,7225432.134031273],[53943.736263327766,7225422.850571503],[53943.067627161625,7225420.284991418],[53939.97646826209,7225408.542612461],[53936.65721282881,7225396.785113805],[53933.64921344118,7225386.9883405175],[53933.054781686515,7225385.103208422],[53932.2321501862,7225382.52781841],[53929.219849130604,7225373.417144828],[53925.345776289585,7225361.752344785],[53921.612916668644,7225350.027520397],[53917.99155529437,7225338.387078792],[53914.35806902178,7225326.588421629],[53910.85360932723,7225314.892045779],[53907.646426319494,7225304.227807405],[53907.29806424503,7225303.080827314],[53906.22805902513,7225299.501357398],[53903.785898569855,7225291.332774124],[53900.24361428671,7225279.605502108],[53896.59878121113,7225267.83944756],[53892.950839093945,7225256.233771536],[53889.294592553284,7225244.566627383],[53888.97419656807,7225243.5362854],[53885.666911509994,7225232.8214505855],[53882.059184656246,7225221.054267375],[53878.4114069076,7225209.265004324],[53874.73238835088,7225197.592775094],[53871.04094513826,7225186.062517028],[53867.346215360914,7225174.425642069],[53863.67517525336,7225162.797979772],[53859.98666305782,7225151.024032442],[53856.24200008903,7225139.268571187],[53852.52866836806,7225127.554779975],[53848.808431599406,7225115.792449255],[53846.265436641814,7225103.814607443],[53846.21280386066,7225091.641306678],[53848.1711574872,7225079.635370789],[53850.43416007201,7225067.680154054],[53852.84636998217,7225055.550008241],[53855.301788963785,7225043.531225196],[53857.73965809174,7225031.433237579],[53860.04650375311,7225019.371725838],[53862.25602446834,7225007.2445052685],[53864.43497205607,7224995.241450641],[53866.685291245696,7224983.209521411],[53869.01268939441,7224971.339373156],[53871.36537707504,7224959.2868017545],[53873.67986432335,7224947.23264842],[53875.99588649889,7224935.304821314],[53878.35418500524,7224923.281642637],[53880.71667595749,7224911.167309303],[53883.02438320161,7224899.04174492],[53883.34935959708,7224897.300609993],[53887.14994721848,7224885.623336755],[53892.01035714982,7224875.086430896],[53897.133718321566,7224864.138978157],[53902.331524681766,7224853.210839773],[53907.472621967725,7224842.224983363],[53912.59388113534,7224831.031682977],[53917.68994984968,7224819.884426085],[53922.76255175285,7224808.749062374],[53927.902833765314,7224797.533503651],[53932.972234061046,7224786.3780432325],[53938.429171259166,7224775.284894978],[53944.038686093816,7224764.278696404],[53949.71422497375,7224753.29864438],[53955.421147791436,7224742.42623553],[53960.82658741833,7224732.152249135],[53961.12916440016,7224731.575851513],[53962.42393083096,7224729.116537562],[53966.84474702884,7224720.800235532],[53972.654648320226,7224709.934299871],[53978.50695443805,7224699.154599626],[53984.378932088264,7224688.246489088],[53990.18704450934,7224677.33240284],[53990.91522888612,7224675.932298746],[53995.50516383845,7224666.471822904],[53995.70002990129,7224666.0360607235],[53998.859050115396,7224654.733629769],[54000.17153192888,7224642.565762855],[54000.17321591487,7224642.529723236],[54000.62530909345,7224630.197239064],[54001.03510017024,7224617.824722955],[54001.321659341804,7224605.560127526],[54001.42937368865,7224593.2133872975],[54001.56299171323,7224580.869825863],[54000.73042927962,7224568.598634027],[53998.1752398003,7224556.535011049],[53994.93942395551,7224544.596514787],[53991.88664280134,7224533.144669783],[53988.75621110597,7224521.229938651],[53985.61362838559,7224509.315696834],[53982.48357085278,7224497.389979048],[53979.37191481859,7224485.433986055],[53976.28625447827,7224473.503274284],[53973.25234290195,7224461.64888507],[53970.189768931305,7224449.718146829],[53967.113213887846,7224437.809828099],[53964.052502224105,7224425.838054538],[53960.9868130089,7224413.864006195],[53957.915859919915,7224401.8716809815],[53955.430236977176,7224389.756888425],[53954.40515817632,7224377.527364261],[53954.182155371294,7224365.2432108],[53953.989969083224,7224352.988385011],[53953.80964456446,7224340.847450683],[53953.63895293034,7224328.783351767],[53953.45189457352,7224316.638087427],[53953.20650817285,7224304.314773567],[53952.92726397404,7224291.94081933],[53952.55176392285,7224279.632797294],[53952.131947295566,7224267.395959563],[53951.79784592771,7224255.127939443],[53951.52974389715,7224242.955145708],[53951.36250060843,7224232.330502938],[53951.338404289796,7224230.635040696],[53951.20003641973,7224218.861197716],[53951.07015506638,7224206.648387079],[53950.9388558676,7224194.35523294],[53950.80242231203,7224182.039698499],[53950.66104293539,7224170.129262386],[53950.59307021106,7224157.8770492235],[53951.037117030006,7224145.525186072],[53951.909183802665,7224133.318591817],[53952.72259630606,7224120.984136877],[53953.43030322611,7224108.65799798],[53954.112889842014,7224096.332703553],[53954.85638259223,7224084.060266374],[53955.6545970313,7224072.00196645],[53956.56173945358,7224059.70378329],[53957.628298680764,7224047.496884828],[53958.663515899796,7224035.997861806],[53959.75557772233,7224023.871316725],[53960.44209385704,7224012.475062028],[53960.46384643676,7224011.487999694],[53960.768845491984,7223999.672565579],[53960.98542578373,7223988.060924031],[53961.04937866086,7223976.339228122],[53961.07135826204,7223964.818178892],[53961.117863362946,7223953.376451317],[53961.14026661706,7223942.096306143],[53961.07240688009,7223931.132064411],[53960.963223159604,7223920.237216823],[53960.81146109081,7223909.512010155],[53960.63963013148,7223898.899317842],[53960.465232094866,7223888.346625181],[53960.242198643566,7223878.006466896],[53960.00431802095,7223867.411827048],[53959.73241644667,7223856.886042664],[53959.50262348965,7223845.99780015],[53959.47276300995,7223843.009179695],[53959.3842182419,7223830.883452902],[53959.25086440379,7223818.840888778],[53959.01508324471,7223807.003546845],[53958.7503667174,7223794.934141027],[53958.6003207654,7223782.566843923],[53958.41944715311,7223770.149116363],[53958.30701621261,7223759.060580221],[53958.20464179834,7223747.110763626],[53958.11964156479,7223735.152630086],[53958.06822684477,7223723.275225163],[53957.92813164659,7223711.315733579],[53957.689447428565,7223699.2955991365],[53957.55058441666,7223687.533724317],[53957.3267414383,7223675.428113611],[53957.04856567003,7223663.3720357735],[53956.107607994636,7223651.444214047],[53954.60840572207,7223639.709150221],[53953.0350852104,7223628.016085843],[53951.45314298739,7223616.425914036],[53950.26630769804,7223604.953615725],[53949.52040555619,7223593.8067076765],[53948.985927323345,7223582.95824837],[53948.65993468597,7223571.910256422],[53948.51484328142,7223560.630621679],[53948.407352217706,7223549.29346528],[53948.49816375197,7223537.600958314],[53948.66578267404,7223525.604990785],[53948.760419502505,7223513.6007498745],[53948.858563992544,7223501.337740793],[53950.65420753538,7223489.29761945],[53953.84357186913,7223477.543195298],[53955.17176747235,7223465.81530387],[53954.97060093528,7223454.035615308],[53954.753329638625,7223442.281276871],[53954.53017750842,7223430.205669062],[53956.58356908825,7223418.120891295],[53960.7466862711,7223406.598226208],[53964.92511560023,7223395.068176415],[53969.201184206526,7223383.485345241],[53973.52578735573,7223371.986841498],[53977.86702215881,7223360.787079623],[53982.19258461194,7223349.357908658],[53986.45871870208,7223337.908024516],[53990.63103819033,7223326.653537429],[53992.56726910657,7223321.454138491],[53994.92798439064,7223315.142910776],[53999.166808935406,7223303.676806381],[54004.56704446761,7223292.576204102],[54010.779797626135,7223281.906879723],[54017.00208085112,7223271.249082932],[54023.02181379928,7223261.017686386],[54029.24681564077,7223250.365973353],[54035.52697526768,7223239.759931929],[54041.54096359963,7223229.56732625],[54047.76326556277,7223219.090219705],[54054.040875046805,7223208.518075702],[54060.34185327805,7223197.917929923],[54066.614960977866,7223187.377732679],[54072.91795087379,7223176.755771165],[54078.25311593816,7223167.799943255],[54079.20407916716,7223166.219106851],[54085.49903837376,7223155.774132941],[54090.913459335745,7223144.697415208],[54095.468254468055,7223133.2313061915],[54100.03549461998,7223121.823799575],[54104.60256241239,7223110.353315601],[54109.135824710946,7223098.85518237],[54113.61520928255,7223087.324412168],[54117.99151523464,7223075.88256238],[54122.335179752554,7223064.42698405],[54122.703628999356,7223063.450370703],[54127.06520871591,7223051.932517613],[54131.255842757935,7223041.032013339],[54135.50056917616,7223029.931369431],[54139.973775529885,7223018.384291711],[54144.44624441379,7223006.853404427],[54148.88775944797,7222995.319061365],[54153.2579751857,7222983.743404376],[54157.59438310971,7222972.180413188],[54161.367590634385,7222960.380661063],[54162.517023463675,7222948.050985055],[54161.83310976188,7222935.71633654],[54161.1431832083,7222923.3552806135],[54160.39253011701,7222911.010452418],[54159.64379431994,7222898.662798802],[54158.84164608456,7222886.414018979],[54158.008249557286,7222874.16799286],[54157.19854991388,7222862.450500973],[54156.41791914968,7222850.484628081],[54155.59759292309,7222839.07375914],[54154.546431280556,7222826.965432813],[54153.425352930906,7222815.098708589],[54153.32555677864,7222813.97984141],[54152.2651163672,7222801.6976225395],[54151.24768072361,7222789.372051866],[54150.325573341106,7222777.114013063],[54149.6097386037,7222764.977444732],[54149.825451756595,7222752.849238149],[54151.19173363253,7222740.835177958],[54153.014665060735,7222728.924788576],[54154.93692133296,7222717.108050758],[54156.69144137768,7222706.831680508],[54158.623594687844,7222695.197961265],[54160.64709596307,7222683.112880397],[54162.69673153153,7222671.249553852],[54164.76957871724,7222659.363219513],[54166.88625178981,7222647.278298307],[54168.94356780057,7222635.241857652],[54170.95475451881,7222623.434137238],[54172.96488844836,7222611.244000816],[54175.04329510458,7222599.1162920175],[54177.98885182827,7222587.140329218],[54181.79841958743,7222575.4244047655],[54185.45796689129,7222564.673022291],[54189.4316718725,7222553.01455261],[54193.35684068914,7222541.497430581],[54197.28917416575,7222529.866261368],[54201.07693646586,7222518.711256722],[54205.0025665235,7222507.04965957],[54210.077440715395,7222496.005935127],[54210.96895514516,7222494.388393183],[54215.81679337885,7222485.587664215],[54218.5491859531,7222480.621093395],[54221.69649436022,7222474.874562475],[54227.563845725614,7222464.145951642],[54232.98324083729,7222453.137590221],[54238.069400204055,7222442.066355073],[54243.098407560785,7222431.174057078],[54243.0995161499,7222431.171094693],[54247.987790285435,7222420.421016309],[54252.82774831873,7222409.72200021],[54257.67134855257,7222399.072302512],[54260.75915798015,7222392.294847032],[54262.39475489338,7222388.670004103],[54264.79145282507,7222383.337614848],[54268.146006916184,7222373.173316777],[54269.33871220291,7222368.2507987],[54271.26103733748,7222358.217699312],[54272.93416415964,7222348.463432021],[54274.91700570728,7222337.882117795],[54277.026892166934,7222327.487208094],[54279.82317719265,7222317.019452538],[54284.5360532006,7222307.396120592],[54290.7056608923,7222298.828626975],[54296.92150583584,7222290.124706587],[54303.11977474595,7222281.432093499],[54309.173732386786,7222272.984979691],[54314.9156100133,7222264.654269551],[54320.33971449273,7222256.406792236],[54325.26295659749,7222248.776981933],[54325.778125239594,7222247.975310205],[54325.795411455736,7222247.947888155],[54328.07965607027,7222244.4663062915],[54329.69967134949,7222241.939117221],[54330.09637507185,7222241.319820516],[54330.307541538554,7222240.991100032],[54336.543241758074,7222231.817700646],[54342.599124596105,7222223.121755736],[54348.825000039826,7222214.08130479],[54355.70476556249,7222204.160975481],[54360.82371384441,7222196.754680388],[54367.58784725994,7222186.929633439],[54374.269076336815,7222177.257358931],[54380.904777634365,7222167.594145054],[54387.52847689332,7222157.883114379],[54394.07097876893,7222148.285041409],[54400.63531234249,7222138.780193847],[54407.26918379782,7222129.246187879],[54413.91890892206,7222119.719028957],[54420.43500364479,7222110.330434559],[54426.81677218032,7222101.008859189],[54433.253664881864,7222091.4150985],[54439.74543130782,7222081.671310643],[54446.30855308985,7222071.79013994],[54452.72968513833,7222062.145438096],[54460.58799290197,7222053.411318691],[54469.709336349566,7222045.600967508],[54478.87103779387,7222037.966962247],[54488.07382222795,7222030.490224116],[54497.32615802274,7222023.047863994],[54506.65102751658,7222015.580549376],[54515.95025863231,7222008.077075066],[54525.2728822034,7222000.501394255],[54534.210496336746,7221993.190442618],[54543.515346135246,7221985.606953125],[54552.749532548594,7221978.12365819],[54561.93292047293,7221970.699226383],[54570.75164381362,7221963.5826145],[54579.910785811895,7221956.184369288],[54589.36822147074,7221949.140265495],[54599.19017922762,7221942.268773371],[54609.0142279992,7221935.41655769],[54618.92988913832,7221928.5344566805],[54628.90150733921,7221921.6145303855],[54638.8174560481,7221914.769410934],[54648.802163809305,7221907.937416757],[54657.539026035636,7221901.985774271],[54658.67304557178,7221901.207648968],[54668.51954879257,7221894.415551964],[54678.39709539816,7221887.601918772],[54688.381734669616,7221880.702598199],[54698.332069281954,7221873.716524045],[54708.00278502208,7221866.454320395],[54717.54170069075,7221858.909378245],[54727.04678662139,7221851.3126827],[54736.552980414766,7221843.691030132],[54745.96520616568,7221836.127385792],[54755.582538032904,7221828.4413860245],[54765.0868248021,7221820.908060607],[54774.72485700034,7221813.343338449],[54784.36250696657,7221805.855008079],[54794.0201934441,7221798.30113567],[54803.66769612179,7221790.6808450585],[54813.22907570482,7221783.079726063],[54822.60274828813,7221775.076986726],[54831.60889396042,7221766.698849948],[54840.45261255914,7221758.157920776],[54849.15004678629,7221749.548461262],[54857.32162720128,7221741.124283782],[54865.84181736136,7221732.145640435],[54874.78121059964,7221723.598048462],[54880.089045692876,7221719.504389178],[54884.796244874364,7221716.57878314],[54895.334549613006,7221710.223858967],[54905.26759905147,7221703.130826354],[54914.10626539134,7221694.751180577],[54922.35281066515,7221685.745473575],[54930.50807607896,7221676.650488993],[54938.61223131779,7221667.531064999],[54946.678523520066,7221658.405959137],[54954.74523387302,7221649.202678049],[54962.60067169054,7221640.238824721],[54970.645240519545,7221631.03759134],[54978.610285462986,7221621.888954754],[54986.59481880296,7221612.638888005],[54994.59939005668,7221603.366594518],[55001.5701083187,7221595.396695448],[55002.68169579329,7221594.129932378],[55004.30530613294,7221592.28916345],[55009.5334848864,7221586.375378801],[55012.16761068214,7221583.419806652],[55020.03356871492,7221574.5807745755],[55028.2372774306,7221565.364615384],[55034.10192526982,7221554.587876074],[55037.69980271254,7221542.809660843],[55041.27681988728,7221531.050533015],[55044.90360686608,7221519.232502835],[55048.51438388351,7221507.436828098],[55052.124609455175,7221495.630029373],[55055.644229141704,7221483.831266977],[55059.02211979841,7221472.3080799],[55062.505757668696,7221460.461608639],[55065.814870279224,7221449.132973219],[55067.11650175246,7221444.6045984905],[55067.7280323758,7221442.4700120045],[55071.083924821345,7221431.440432423],[55074.27982832177,7221420.675614489],[55077.4797568029,7221408.913724767],[55080.729112139146,7221397.1251287935],[55083.875330822426,7221385.715987293],[55087.091546622745,7221373.994055589],[55090.33791937836,7221362.160161091],[55093.44915137149,7221350.725444206],[55096.526376398106,7221339.399565861],[55099.69665819878,7221327.720780362],[55102.85303692584,7221316.080411751],[55105.926015792356,7221304.8997717],[55109.07805992133,7221293.627423752],[55112.3194751626,7221282.155310366],[55115.60807622963,7221270.498935172],[55118.9104245028,7221258.7808155585],[55122.17007997871,7221247.09983963],[55125.35504996311,7221235.56213518],[55128.563207492756,7221223.912129324],[55131.4594262662,7221213.4318340765],[55134.663821889146,7221201.797697992],[55137.77255943138,7221190.372895373],[55141.008030225756,7221178.672916173],[55144.28021324851,7221166.846084131],[55147.536622200336,7221155.009630211],[55151.5760410963,7221143.432632843],[55156.44500234566,7221132.152261033],[55161.44030506542,7221120.825481728],[55166.347613514285,7221109.764481658],[55171.17141973355,7221098.707751544],[55176.040570029814,7221087.445597727],[55180.795241351065,7221076.49822419],[55185.50266327971,7221065.1295030555],[55186.93268455833,7221061.076211599],[55186.93842502299,7221061.058407396],[55187.68264970218,7221058.778333915],[55187.822135149036,7221058.351200048],[55188.35312139464,7221056.761839746],[55188.87389140297,7221055.2251212215],[55189.01799225586,7221054.802247244],[55189.41731061053,7221053.605070198],[55193.11542004661,7221041.94273964],[55196.698714648606,7221030.249228831],[55200.386703732715,7221018.611556093],[55204.11482225929,7221006.931324984],[55207.7098319332,7220995.560268683],[55211.31137659261,7220984.131452676],[55214.96149648487,7220972.376597343],[55218.5892379781,7220960.606795755],[55222.270951086364,7220948.841421587],[55226.00016760762,7220937.179439651],[55229.71372578037,7220925.625118246],[55233.48148854013,7220913.931743136],[55237.23469287914,7220902.228674723],[55240.94876776129,7220890.524884069],[55244.32625871227,7220879.983780081],[55244.67626037402,7220878.8809481375],[55248.36865593883,7220867.258411372],[55251.58553632832,7220857.239817821],[55255.333901047066,7220845.600672273],[55259.10237589339,7220833.915538239],[55262.84285013593,7220822.273025263],[55266.586312018684,7220810.6287217345],[55269.20268666645,7220801.031873446],[55269.53537794575,7220798.671284845],[55269.82629755756,7220786.370078621],[55267.528262942214,7220774.338853451],[55263.02194722474,7220762.970857149],[55256.94417668262,7220752.203138822],[55256.16017989931,7220750.86215625],[55249.91615273862,7220740.223497601],[55243.70157480921,7220729.736614273],[55237.550032495,7220719.385944027],[55231.439804432506,7220709.372017437],[55225.287588795356,7220699.420574572],[55219.073687492346,7220689.416136781],[55212.74871171679,7220679.334657289],[55205.8722598154,7220669.292694775],[55199.0540964813,7220661.214495302],[55197.877939368715,7220660.052723768],[55189.13580379577,7220652.106713843],[55179.951874777966,7220644.580401297],[55171.79514942283,7220636.058436107],[55165.98089907353,7220626.019700361],[55161.28559882555,7220615.406674068],[55156.696996016544,7220605.34909489],[55152.07576244039,7220595.346199046],[55147.284829969925,7220585.01390862],[55142.40954884549,7220574.588457879],[55137.51527767448,7220564.119070443],[55132.73158079054,7220553.962480849],[55127.88499554974,7220543.839262202],[55123.18823963823,7220534.208263304],[55118.65129928634,7220524.838029275],[55114.42970848485,7220515.934325004],[55110.45829096116,7220507.429941316],[55106.70007545344,7220499.24892791],[55102.91749359883,7220490.829226976],[55099.127950867696,7220482.3378853295],[55095.22714459937,7220473.7101911735],[55091.40466856968,7220465.239537402],[55087.70965400274,7220456.360125202],[55087.27378962183,7220455.266388323],[55085.46389334148,7220450.918701155],[55080.71907976532,7220440.131973212],[55076.62963741692,7220430.06143918],[55072.31335102691,7220419.361003179],[55067.458802902314,7220408.178085647],[55066.21131918777,7220405.326969669],[55061.72011378361,7220395.089151789],[55056.86755778856,7220383.926393809],[55051.986337541486,7220372.669072726],[55047.08673968451,7220361.438912803],[55042.131493360444,7220350.354974136],[55037.144098323246,7220339.295525478],[55032.0772947137,7220328.171396686],[55026.98983003799,7220317.017380593],[55022.033955811814,7220305.901200119],[55017.1038358644,7220294.84227598],[55012.15107758844,7220283.724191338],[55007.1377103877,7220272.6626515165],[55002.219003695645,7220261.86519158],[54997.194639397494,7220250.868366558],[54992.088283958146,7220239.777567887],[54986.98041093856,7220228.742801234],[54981.8384406016,7220217.708582755],[54975.86839106504,7220207.294670725],[54968.21811310039,7220198.052840454],[54959.85587501526,7220189.573932236],[54951.50214442384,7220181.107400455],[54943.18453160935,7220172.7307787435],[54935.2549415832,7220164.74154643],[54929.77135427046,7220159.201261742],[54921.793492219236,7220151.058400044],[54913.86559957283,7220142.872518811],[54905.64531256986,7220134.403978772],[54897.14844901237,7220125.704272689],[54888.63990146783,7220117.535710592],[54881.105156526726,7220110.302331001],[54877.122969813296,7220106.484984919],[54869.22048967995,7220098.78589708],[54861.04997236858,7220090.733644837],[54854.693061245256,7220084.417228272],[54852.8465784053,7220082.585799149],[54846.45097905595,7220076.147279373],[54844.60836684611,7220074.271773319],[54836.307663630694,7220065.873846615],[54828.29288450623,7220057.771350134],[54819.848527433,7220049.244548585],[54811.45240569534,7220040.80516609],[54802.82231403276,7220032.483736906],[54794.003331654996,7220024.757849183],[54792.63581619423,7220023.725041056],[54783.81085218082,7220018.818656007],[54772.498803556606,7220015.045619611],[54760.370052540675,7220013.104020111],[54748.206528824,7220013.661571466],[54736.52897316206,7220015.381476235],[54725.32752699719,7220016.975003634],[54714.42735816358,7220018.557827137],[54703.73191551946,7220020.14078401],[54693.32245988294,7220021.630020414],[54682.97661444137,7220023.067020861],[54672.17675885913,7220024.538922766],[54661.25867589004,7220026.028607222],[54650.214414905,7220027.5379241295],[54639.15998032375,7220029.005585429],[54628.052499845566,7220030.492938152],[54617.1901848205,7220031.9470968265],[54606.30649339792,7220033.408322453],[54594.74254975194,7220034.872280398],[54582.928712074645,7220036.408574748],[54570.867901464284,7220038.107259442],[54558.62949113065,7220039.736931689],[54551.50468739669,7220040.653033192],[54539.42981630971,7220042.125556774],[54527.32609229436,7220043.635775494],[54515.583347347216,7220045.332601493],[54505.22043778922,7220046.881087767],[54495.124184636516,7220048.184738368],[54484.6075027755,7220049.582023816],[54483.55959612201,7220049.731992612],[54472.51982014056,7220051.364930954],[54461.283524125116,7220053.219661349],[54449.71450285835,7220054.008421315],[54437.9713819935,7220051.900455029],[54426.624225937354,7220048.013357603],[54415.848115545115,7220042.81153842],[54406.142132764275,7220035.677171238],[54397.12088292657,7220027.624293204],[54388.26044483017,7220019.158192145],[54379.7107247347,7220010.337749008],[54371.2765155051,7220001.536404604],[54362.830274789245,7219992.642478732],[54354.66432657279,7219983.968511257],[54346.19876972673,7219975.013299633],[54337.76430762833,7219966.035553336],[54329.29445283138,7219957.067081154],[54321.19319395954,7219948.513371343],[54312.94632246945,7219939.875036448],[54304.498581591935,7219931.131276266],[54296.15531267319,7219922.382265309],[54287.737267807475,7219913.464319466],[54279.43847913691,7219904.617905768],[54271.15723049542,7219895.872569248],[54262.793040419696,7219887.096523482],[54254.521746340266,7219878.468001617],[54246.15197648411,7219869.748733232],[54237.85540973995,7219861.033853013],[54229.80318062543,7219852.55252904],[54221.46974219597,7219843.805886095],[54213.160776675504,7219834.963969361],[54204.98581430671,7219826.19728934],[54195.760267118865,7219818.543580752],[54185.06100123952,7219812.920791466],[54174.024816706486,7219808.246085516],[54162.77709239471,7219803.590987008],[54150.940986196685,7219800.7735560555],[54138.71737189847,7219800.127777383],[54126.456402712036,7219799.85048723],[54125.419127313595,7219799.82740758],[54113.262138695456,7219799.9209007155],[54101.00641307101,7219800.493488919],[54088.88997666427,7219801.275979777],[54077.052342674695,7219802.372675372],[54065.13767548895,7219803.6686368175],[54053.11452888022,7219805.240688184],[54042.051935758675,7219808.715125892],[54031.00784301647,7219813.940932471],[54019.93736803951,7219818.921865855],[54008.59262156254,7219823.737101385],[53997.483346079825,7219827.743295761],[53985.822891830874,7219829.865153845],[53973.539894652786,7219830.891870696],[53961.30751840607,7219831.595935587],[53949.13609237346,7219830.071650191],[53937.38185044739,7219826.83268042],[53925.636383922014,7219823.332104027],[53925.00020251254,7219823.132233195],[53914.16801479476,7219819.688439479],[53902.80515670683,7219816.152729582],[53891.25723802857,7219812.58473606],[53879.757810933865,7219809.142265046],[53869.746019932325,7219806.219422142],[53857.88323116128,7219803.416846914],[53845.85233168956,7219800.9630391635],[53833.8764604099,7219798.558668503],[53821.946038321126,7219796.193536747],[53810.0630292414,7219793.0760608325],[53799.03416665894,7219787.646269858],[53789.24130916258,7219780.092488407],[53780.0765074619,7219772.042175231],[53770.993332807615,7219763.915119614],[53761.96721988509,7219755.698522024],[53752.90413389931,7219747.412846033],[53743.791040902375,7219739.144070435],[53734.68738613202,7219730.914800792],[53726.28622904437,7219723.309612762],[53725.33147620497,7219722.447579917],[53716.48250395665,7219714.62390892],[53707.108992307796,7219706.663535953],[53697.63290800754,7219698.867162794],[53688.203422380495,7219691.059758391],[53678.758950493764,7219683.117358295],[53669.39936309948,7219675.205608495],[53660.07376444072,7219667.272529852],[53650.87249237887,7219659.274659807],[53641.79353594367,7219651.18694376],[53632.80415572191,7219643.070059171],[53623.90834060166,7219634.947348944],[53614.99476405006,7219626.749637115],[53606.12850827648,7219618.596005531],[53597.217683242925,7219610.404476674],[53588.29981595848,7219602.190496687],[53579.50487751252,7219594.056172428],[53570.73825789307,7219585.916105276],[53561.938066672185,7219577.717399631],[53553.42468697572,7219569.792195976],[53544.08706265839,7219562.378054963],[53534.211645367846,7219555.577104425],[53524.29563300416,7219548.854556394],[53514.604986975086,7219542.406827082],[53513.583719674556,7219541.7323986385],[53503.76487644081,7219536.1837245915],[53493.056979125366,7219531.814465928],[53482.45393863105,7219528.4489735495],[53472.15873294533,7219525.178307829],[53462.447073802236,7219521.778169891],[53453.14689868648,7219518.257911405],[53443.85418021231,7219514.707792414],[53434.60903987114,7219511.169000163],[53425.45747306541,7219507.5128783295],[53416.39631127217,7219503.740433773],[53407.49977631873,7219499.873981247],[53398.638799370034,7219495.885742334],[53389.88127427036,7219491.9631960485],[53381.354919056175,7219488.098204097],[53371.390946934,7219483.759902116],[53369.91028656572,7219483.149356889],[53358.842464777874,7219478.958643321],[53347.45741733152,7219474.950428557],[53335.66605623433,7219471.577145246],[53323.664873650356,7219469.151549001],[53312.02277680155,7219465.918303216],[53301.0197371479,7219461.7546515465],[53290.06215681706,7219457.044165717],[53279.317224910366,7219451.953815943],[53269.59241455939,7219447.470787156],[53268.54751277639,7219446.986922173],[53258.56465021154,7219442.375025579],[53247.668184127426,7219437.307107064],[53236.88669888745,7219432.110786801],[53226.41104992601,7219426.9191612415],[53215.81620273669,7219421.698181391],[53204.95808134135,7219416.21777289],[53203.396024602116,7219415.430944973],[53194.17150375928,7219410.684281731],[53183.36332594353,7219405.072549852],[53173.23593636893,7219399.761917427],[53162.75241084595,7219394.093405558],[53155.44445869513,7219390.1009763535],[53149.7737661649,7219387.007909215],[53141.548789650435,7219382.522131577],[53138.28551950946,7219380.716878774],[53138.278765134746,7219380.71310308],[53138.25432741095,7219380.699528796],[53134.31323961326,7219378.502966652],[53132.56034304376,7219377.474967755],[53128.68950864824,7219375.347680322],[53127.35897357692,7219374.678615269],[53119.35955360858,7219370.510978399],[53111.04969705781,7219366.084698979],[53102.25414303801,7219361.709997188],[53092.344899519405,7219357.132471161],[53081.47050009458,7219353.66353702],[53070.03831579792,7219352.947523288],[53058.4032487885,7219353.728186661],[53046.80639305856,7219356.0624207035],[53035.50387825945,7219359.98973227],[53024.00726156565,7219363.654663401],[53016.62258950842,7219364.88425314],[53016.41352771479,7219364.892938411],[53016.40501100384,7219364.893547311],[53016.40046408394,7219364.893398035],[53016.28697682422,7219364.896336],[53016.27795489365,7219364.896928316],[53012.07136913249,7219364.79214347],[53000.23404964566,7219362.517330993],[52990.313982289226,7219357.891057501],[52981.42126163631,7219351.615124848],[52974.40882120264,7219343.886022069],[52969.137674563506,7219334.990395863],[52964.11657575198,7219326.267460771],[52959.202254807926,7219318.165094724],[52955.45006064925,7219311.948195964],[52955.44634950324,7219311.941077141],[52955.43802146724,7219311.926698681],[52955.43424474989,7219311.921576837],[52955.429559609795,7219311.913315395],[52955.41277335968,7219311.885442708],[52955.41085087572,7219311.88238088],[52955.271796568646,7219311.650468968],[52954.439362269244,7219310.269166296],[52949.65907157399,7219302.290255057],[52945.12490944716,7219294.594081895],[52940.47100220842,7219286.817451717],[52935.75245878479,7219279.028700745],[52932.87858039449,7219274.379744979],[52932.86083118763,7219274.350396806],[52932.8159115552,7219274.276730765],[52932.78038400173,7219274.218921963],[52932.771893050754,7219274.206426207],[52932.76912677509,7219274.2013375275],[52932.73443937715,7219274.145666516],[52932.72517019819,7219274.129146934],[52932.72139714495,7219274.123914132],[52932.52402674919,7219273.801236423],[52931.06918412197,7219271.395149692],[52926.47499349859,7219264.104596479],[52926.00155131711,7219263.379356452],[52920.47453690675,7219254.912663123],[52918.866090958414,7219252.440667551],[52918.48578119202,7219251.857980708],[52918.431243803294,7219251.775335828],[52918.424737282156,7219251.764015856],[52918.41806778475,7219251.754578596],[52918.37299894821,7219251.685461166],[52918.365110633895,7219251.673096247],[52918.34765272238,7219251.647200561],[52918.33821331692,7219251.632785573],[52918.3289113855,7219251.617264461],[52918.19839725859,7219251.4179517375],[52918.18329877558,7219251.394132672],[52912.6213511618,7219243.150634527],[52907.39622691064,7219235.677643591],[52907.14356830035,7219235.335268465],[52907.139777047385,7219235.330590378],[52907.134063334495,7219235.322850445],[52907.11701231188,7219235.299966808],[52907.115057056595,7219235.297903458],[52907.110422012454,7219235.29119852],[52906.901221047156,7219235.011557372],[52901.95690373902,7219228.394641124],[52895.180880997796,7219218.644561484],[52891.82468876924,7219213.3351416495],[52885.699157678464,7219203.551885499],[52884.087813993334,7219201.00837462],[52877.53233421652,7219190.5620500725],[52871.243353079015,7219180.529742598],[52864.78169264877,7219170.341157256],[52858.32616420841,7219160.240286138],[52852.45372799353,7219151.03707176],[52846.28678708983,7219141.21377665],[52839.88065340993,7219130.949584877],[52833.413658127596,7219120.589318503],[52826.970711188216,7219110.273262773],[52820.651811498974,7219100.14730775],[52814.347324062604,7219090.010937156],[52808.181614975154,7219080.004177818],[52802.604793393984,7219070.46900849],[52797.542025093455,7219061.327893125],[52792.54130693793,7219052.801438149],[52787.615315350355,7219044.288208102],[52782.83602100192,7219035.564886751],[52778.61598395399,7219026.740097973],[52774.94162901229,7219017.577386858],[52771.21027717891,7219008.274749463],[52767.462892493524,7218998.681374684],[52763.62276187673,7218988.780081766],[52759.812817920174,7218978.314243644],[52756.6822626334,7218966.87048742],[52754.42502827075,7218954.737286319],[52753.762516576506,7218943.087293632],[52754.049318880076,7218932.236826999],[52754.25059702323,7218921.600457138],[52754.30301635619,7218910.609124494],[52754.320134607144,7218899.420827046],[52754.32620537805,7218893.577647877],[52754.43173208897,7218882.250760092],[52754.51117286249,7218870.7419816945],[52754.7032948985,7218858.485117184],[52754.011992717686,7218846.305180883],[52751.255310037755,7218834.39745873],[52747.38676282141,7218822.857695201],[52742.51666814851,7218812.117996415],[52736.055550770485,7218802.458085782],[52729.34422846371,7218793.733210753],[52722.3526108159,7218784.636609227],[52716.05635738629,7218774.180556015],[52712.65923761681,7218763.027882658],[52711.78926363576,7218757.641370056],[52711.218907342816,7218754.091919441],[52709.449578889646,7218742.470957585],[52707.648571937345,7218730.389039775],[52706.223577980185,7218719.121466862],[52705.598774273356,7218708.339880718],[52705.683231676,7218697.6440195665],[52705.871295602876,7218687.054963099],[52706.22662469681,7218676.26993398],[52706.69784182083,7218665.402638888],[52707.23935653648,7218654.356842468],[52706.819114102924,7218643.257338571],[52705.33953610307,7218632.069489004],[52705.15837535076,7218630.6631356105],[52703.817791100184,7218620.770633187],[52702.22195720812,7218609.556526592],[52700.60595963325,7218598.300551894],[52699.02121010347,7218587.041827092],[52697.15127214382,7218575.991191352],[52693.32195595431,7218564.742995348],[52687.27331724833,7218554.3591239955],[52680.59774115437,7218544.653677458],[52672.819102743815,7218535.070570821],[52663.192794129835,7218527.563149197],[52652.28008106607,7218522.7219455335],[52640.11468946253,7218520.379249563],[52627.873087816115,7218520.133584378],[52615.77961375384,7218519.35400741],[52603.741237250215,7218516.907498715],[52592.413876057195,7218512.096148698],[52582.73500135966,7218505.137030002],[52574.945672534755,7218496.20166718],[52568.67591477075,7218486.098772764],[52562.845985612366,7218476.167044114],[52557.024788340495,7218466.511480753],[52551.23902079847,7218457.052217142],[52545.30974949442,7218447.592562981],[52539.356037259975,7218438.212066997],[52533.400659434614,7218428.934801368],[52527.44093867758,7218419.688375559],[52521.658543398255,7218411.053851214],[52518.95114079781,7218407.240751996],[52518.400396111654,7218406.471963275],[52516.677323135664,7218404.006778805],[52516.66896344663,7218403.9933984075],[52516.65187894547,7218403.96851369],[52514.50025132706,7218400.900488588],[52514.00167218433,7218400.200164171],[52511.26373298251,7218396.374618957],[52505.49070547009,7218388.095685113],[52499.726356516534,7218379.371555617],[52493.73216268135,7218370.246031975],[52487.20281745668,7218361.040600188],[52479.776833636046,7218352.259597501],[52471.04286733741,7218344.803884983],[52461.72982189024,7218338.010499535],[52452.215927481826,7218331.198172906],[52441.95545231836,7218324.977579612],[52431.36043655436,7218319.241764447],[52420.668887721666,7218313.467446292],[52410.456447253935,7218307.586149666],[52400.23622238432,7218300.551743063],[52390.45144948759,7218293.132484864],[52381.37191976904,7218285.234959725],[52373.32047508971,7218277.5237332545],[52365.723237499595,7218269.6169738965],[52358.85204426991,7218261.555832664],[52351.99115645798,7218253.489138991],[52351.37417807366,7218252.766474736],[52344.97050157632,7218245.181617838],[52342.204855573946,7218241.862564212],[52341.7117522349,7218241.26681108],[52339.38298681355,7218238.254115272],[52339.349997346,7218238.208493364],[52337.20740434399,7218235.338307885],[52336.72477799171,7218234.710024141],[52335.053878838604,7218232.536066705],[52328.714315313904,7218224.094337419],[52322.169745119114,7218215.231257115],[52315.704735105624,7218206.69865076],[52309.24679809011,7218198.255679121],[52302.732036896516,7218189.80317002],[52296.05383738794,7218181.147696064],[52289.339743659366,7218172.37530737],[52282.52264486719,7218163.413825403],[52281.908608161204,7218162.6050674375],[52278.84359391156,7218158.5302380035],[52278.24427351379,7218157.729183136],[52271.70375405782,7218149.495156141],[52263.22718705842,7218141.035604496],[52253.6754873544,7218133.900542038],[52243.88925466448,7218127.573632433],[52234.767759798444,7218121.771930262],[52224.69123741571,7218115.2705213595],[52214.919282345974,7218108.916178675],[52204.92734090809,7218102.319242913],[52195.11033410148,7218095.060002453],[52186.423847261874,7218086.312264785],[52178.692550800566,7218076.63691256],[52171.36539763253,7218066.759833287],[52164.034173730295,7218056.773215572],[52156.752262072056,7218046.760670735],[52149.83201886277,7218037.09632616],[52142.72135887953,7218027.157710558],[52139.91193875065,7218023.244739305],[52135.67854311626,7218017.407577294],[52129.38609102706,7218007.295631032],[52123.40519871615,7217996.540542219],[52117.411521323666,7217985.86999242],[52111.57491881988,7217975.433290103],[52105.57617071638,7217964.607074125],[52099.612070729374,7217953.8808415225],[52093.669255544664,7217943.193511266],[52087.68842864019,7217932.435287803],[52081.75574084069,7217921.613005304],[52075.77279938228,7217910.790618943],[52069.811935027596,7217900.038370186],[52063.161333375494,7217890.197353223],[52063.12616201752,7217890.153546573],[52055.37636228267,7217881.120429445],[52047.471032656904,7217872.357181745],[52039.820886237896,7217863.99049959],[52032.26275746891,7217855.925826878],[52024.56126910512,7217847.721373748],[52016.85183481657,7217839.451346845],[52009.22378238983,7217831.198098475],[52001.69398142345,7217823.103569622],[51994.50251235673,7217815.365252892],[51993.06039245828,7217813.82139462],[51986.388050739595,7217806.566636486],[51978.93367339176,7217798.357066794],[51971.646259855246,7217790.271273053],[51964.74166281405,7217782.668105483],[51957.602205794945,7217774.81974268],[51950.40288162121,7217766.986729255],[51943.22164827917,7217759.311018632],[51935.989253656415,7217751.63506173],[51928.733352969575,7217744.080385601],[51921.4441634072,7217736.621567406],[51919.217174801626,7217734.344589561],[51911.83365821192,7217726.863443585],[51908.86861577962,7217723.856450773],[51906.47106379445,7217721.285972649],[51898.593435216,7217712.485863768],[51894.00419664214,7217707.454416955],[51886.923451336974,7217699.637700821],[51879.97299742489,7217691.826714574],[51873.06430535851,7217684.089957333],[51865.22407201404,7217676.569410106],[51855.6869578528,7217669.421897818],[51845.10424262233,7217663.340367902],[51834.383638365194,7217659.00722486],[51824.07174990192,7217655.632032365],[51822.675840013835,7217655.19188055],[51815.36459509714,7217653.03272644],[51807.93038259167,7217651.084872339],[51799.50767898903,7217648.923414545],[51799.311288971454,7217648.873518553],[51798.396604550246,7217648.642247787],[51794.4855415966,7217647.73495205],[51790.55181040417,7217646.907874769],[51789.69762633642,7217646.737460928],[51789.0630926516,7217646.613933247],[51781.2308276355,7217645.1378603345],[51775.70754470071,7217644.09659069],[51766.58795489522,7217642.154052336],[51764.924387431354,7217641.7550553875],[51755.29963121348,7217639.372597044],[51745.0815971673,7217636.842415706],[51734.65396182402,7217634.288882613],[51723.918467382784,7217631.661335014],[51712.86693414627,7217628.925627727],[51701.72363264114,7217626.175669377],[51690.52205473272,7217623.361917576],[51679.262441820465,7217620.544577459],[51668.05873757647,7217617.823141832],[51656.99509126373,7217615.222152689],[51645.57555681735,7217612.571330456],[51633.908047240635,7217609.947533569],[51622.330894445186,7217606.601447176],[51611.794034440885,7217600.706477051],[51602.35936624854,7217592.968596941],[51593.16185881599,7217584.952198208],[51583.65035645233,7217577.318280479],[51573.65726767335,7217571.331130078],[51562.52782124252,7217566.287556265],[51551.31099464366,7217561.403580414],[51540.1893646199,7217556.611139918],[51529.46163400286,7217550.767777108],[51519.43869181507,7217543.579532408],[51510.76118298707,7217534.880158406],[51504.58087917644,7217524.593451181],[51503.17640572245,7217521.572595027],[51498.52572452399,7217511.538558444],[51496.134443444724,7217506.18866759],[51495.78947839228,7217505.420939015],[51493.977497036336,7217501.050750699],[51493.014276223665,7217498.328322719],[51493.008035247156,7217498.3090137],[51489.69868358213,7217489.919644969],[51485.10708716727,7217479.707843332],[51483.73110937548,7217476.586853113],[51479.262807220686,7217466.2218435835],[51474.82791470556,7217455.711881432],[51470.39072965062,7217445.029355985],[51465.9495230965,7217434.143889291],[51461.2017692129,7217423.810637844],[51454.598806046415,7217413.916455045],[51447.772504767694,7217406.783991402],[51446.17649302492,7217405.3186137825],[51437.30301665317,7217397.165256841],[51428.84589529713,7217389.4396733735],[51419.90141780529,7217381.3513769135],[51410.897575592564,7217373.266335132],[51401.92496012198,7217365.154770801],[51393.03978943196,7217356.949677094],[51384.42990294297,7217348.441781035],[51376.288253175386,7217340.00896111],[51367.79375133547,7217331.1832091985],[51359.46293264028,7217322.424045246],[51350.98121878394,7217313.606808215],[51342.467958255205,7217304.774306959],[51334.419978938415,7217295.747673718],[51326.49485489359,7217286.685435186],[51318.31211999658,7217277.4613114],[51310.165705994936,7217268.433410188],[51302.025502077304,7217259.358614934],[51293.85745300847,7217250.254461402],[51285.7515015821,7217241.221210057],[51277.64570890111,7217232.048569346],[51270.79567600571,7217221.955736669],[51265.036343113694,7217211.092983646],[51259.66696322197,7217200.053833753],[51255.31683602178,7217188.653797369],[51251.34868571779,7217177.193388739],[51247.48650078307,7217165.605304349],[51243.613399307826,7217153.992756005],[51239.764628400444,7217142.3511310555],[51235.900816493726,7217130.708896313],[51231.998928512505,7217119.04385608],[51228.137837497634,7217107.521990533],[51224.19585570006,7217095.831187908],[51220.2949987583,7217084.322666045],[51216.34813077195,7217072.700780125],[51212.40979360399,7217061.08728089],[51208.4401283692,7217049.366010971],[51204.46588675288,7217037.749989117],[51200.56259602506,7217026.206166201],[51195.44448512909,7217015.001659215],[51189.062529960065,7217004.491259806],[51182.69560004206,7216993.979463099],[51176.395834986586,7216983.584164723],[51170.052351316495,7216973.064357646],[51163.68772908911,7216962.639920322],[51157.272914483736,7216952.146182512],[51150.88188582199,7216941.658333686],[51144.188759845914,7216931.468163915],[51136.6402225956,7216921.992348088],[51129.07971825887,7216912.514798308],[51121.39854452008,7216902.817347251],[51113.57471420796,7216893.3272070605],[51104.93776833202,7216884.572249912],[51102.7426804367,7216882.43408307],[51094.03413830057,7216873.887668204],[51085.53894615185,7216865.667825005],[51076.70023863326,7216857.140533792],[51067.9006767791,7216848.656287737],[51059.11608983041,7216840.199739443],[51050.30744994612,7216831.693964549],[51041.466624937486,7216823.167793927],[51032.892741130025,7216815.023610081],[51023.99911680358,7216806.538108442],[51015.09993194492,7216798.083513917],[51006.24298506114,7216789.6487428695],[50997.388097465155,7216781.216253292],[50988.63505309593,7216772.790227947],[50980.12495948991,7216763.91351142],[50973.38451202918,7216753.748198563],[50967.467450319324,7216743.091828883],[50960.59799301595,7216733.03320183],[50952.1189704088,7216724.426710462],[50941.811952383374,7216717.850571253],[50930.31515401148,7216713.937163691],[50918.31691359385,7216711.414845131],[50906.49274090509,7216708.322494046],[50895.226639294706,7216703.594556667],[50884.31471282913,7216698.55443407],[50873.46588423033,7216693.536265889],[50862.49925857555,7216688.41645887],[50851.84725636471,7216682.807120979],[50846.23459912505,7216679.4463668745],[50841.69930050487,7216676.714508632],[50831.48587825493,7216670.56185919],[50821.38943708176,7216664.462488648],[50811.360752393084,7216658.464529408],[50801.24396534881,7216652.439660821],[50791.024257998215,7216646.358849062],[50780.88258512411,7216640.282604698],[50770.667131663125,7216634.085738992],[50760.50381882669,7216627.933346961],[50750.327324568,7216621.785286106],[50747.268213338335,7216619.944705285],[50740.34735435841,7216615.8175275065],[50732.4582035339,7216611.10957711],[50730.56512551184,7216609.984019188],[50721.03440651961,7216604.359286748],[50711.525814713445,7216598.799695973],[50701.967564339226,7216593.163819625],[50692.18013036245,7216587.357095037],[50682.065079702414,7216581.313072421],[50674.23200229398,7216576.653803773],[50663.76882123726,7216570.34158691],[50653.82580436295,7216564.243024437],[50643.36193793535,7216557.811257689],[50633.22458836157,7216551.616846759],[50622.698030993284,7216545.26173559],[50618.96621455217,7216543.029037874],[50608.43722563819,7216537.047795594],[50600.64986759651,7216532.686535137],[50590.33132333669,7216526.553182125],[50580.320120744116,7216520.677322696],[50570.576440448756,7216514.880600816],[50560.76882849552,7216509.050880929],[50550.873098188895,7216503.219239796],[50541.03572768578,7216497.430502491],[50531.2843578867,7216491.487883197],[50521.3155435776,7216484.753156712],[50511.419939516694,7216477.881340515],[50501.49488526146,7216470.9277959755],[50491.968171736575,7216463.341997555],[50482.94109192409,7216455.192601706],[50473.91313139134,7216447.131356115],[50464.8327498273,7216439.0959143415],[50455.968608738505,7216431.048064975],[50447.714822419686,7216422.201707963],[50439.69277237501,7216413.177078131],[50431.81001737056,7216404.268002791],[50423.868447010056,7216395.192707869],[50415.96122379444,7216386.066895506],[50408.82068345958,7216376.281027517],[50402.6986190661,7216365.90329531],[50396.515027250454,7216355.33126658],[50390.31747896306,7216344.826855978],[50384.13163389842,7216334.351149788],[50377.91504199186,7216323.820776695],[50371.409280203225,7216313.478204232],[50364.54954993428,7216303.380710392],[50357.66385710286,7216293.368318811],[50350.83694261353,7216283.72572082],[50344.22032560868,7216274.476697435],[50337.811652655306,7216265.3773781955],[50331.5176535676,7216256.248081859],[50325.21212649951,7216247.063976657],[50318.91607040714,7216237.713023434],[50312.592749760894,7216228.455904547],[50307.046181107755,7216220.454319979],[50300.00037951348,7216210.680603074],[50292.97221989493,7216201.144371122],[50285.94655599096,7216191.413736822],[50278.918810146046,7216181.663813371],[50271.91354988568,7216172.218953254],[50264.94474766025,7216162.950224968],[50257.953094469034,7216153.605209468],[50251.42567242723,7216144.020976474],[50245.487127916305,7216134.278508458],[50239.584642420756,7216124.467367329],[50233.397608022264,7216114.67068922],[50227.064935443865,7216105.128309942],[50221.39727008535,7216096.171259122],[50217.17512184463,7216089.921981834],[50210.92069560732,7216081.145547252],[50203.97045005445,7216071.324822371],[50196.88658266334,7216061.370721946],[50188.92162274482,7216052.3014440285],[50186.38417728816,7216049.967489446],[50179.95530150039,7216043.912864142],[50172.20296661189,7216036.469086232],[50170.14469909237,7216034.501621371],[50162.468270586105,7216027.111438325],[50153.734938125475,7216018.580712749],[50145.070822003996,7216009.8503482565],[50136.54635252466,7216001.157472633],[50127.90973252687,7215992.57483446],[50119.863641218224,7215983.704514426],[50112.31552400597,7215974.241457622],[50104.72121391393,7215964.735215632],[50097.19662164571,7215955.3534490075],[50089.69874808937,7215945.8674901],[50082.195572040684,7215936.386236556],[50075.146265651565,7215926.624333453],[50069.77613248635,7215916.010234594],[50067.3028010127,7215904.372319711],[50068.800599878654,7215892.675561044],[50073.13560536085,7215881.877603356],[50077.73840167379,7215871.599086638],[50081.97980660101,7215861.752881942],[50081.983235600695,7215861.743998913],[50085.960453255044,7215852.130957292],[50089.844714773586,7215842.671111874],[50093.54007264046,7215834.005481602],[50093.79194958013,7215833.416826559],[50095.4552962383,7215829.561390124],[50097.77462135733,7215824.155050324],[50098.55687678879,7215822.314884275],[50102.29728263646,7215813.357302648],[50102.64319353842,7215812.481872015],[50106.4858456371,7215802.164092744],[50110.73701026809,7215791.099016273],[50115.371494036575,7215780.084609231],[50117.59083383798,7215774.939745903],[50121.99761030689,7215764.400726497],[50126.45600799774,7215753.783779243],[50130.856340375205,7215743.365832044],[50135.32590314362,7215732.814561445],[50139.67756991059,7215722.635354079],[50144.00219261786,7215712.225007755],[50148.2471083054,7215701.897545887],[50152.58930118859,7215691.185120361],[50156.69665725669,7215680.161264364],[50159.921783559315,7215668.7852304615],[50162.96170746657,7215657.333762024],[50166.04338605341,7215645.913108243],[50169.16065764363,7215634.458868005],[50172.29572728544,7215623.010659048],[50173.959780988866,7215611.143697574],[50173.95552580006,7215599.025942739],[50173.92440177698,7215586.882863658],[50173.83143510821,7215574.909559963],[50173.71046703099,7215562.9359958405],[50173.616821146745,7215550.821390802],[50173.11171731079,7215538.666180808],[50172.05155561707,7215526.537585827],[50170.99596537219,7215514.377931366],[50170.03983316512,7215502.210793806],[50170.035330450744,7215502.1543333875],[50169.989139896934,7215501.548484571],[50169.70014623832,7215492.04328409],[50171.50850418629,7215479.907871068],[50175.66608186602,7215468.385765418],[50180.27439149766,7215457.016076653],[50184.935622937744,7215445.675794644],[50189.756563577044,7215434.282486461],[50193.69302800222,7215425.022734826],[50198.45501124556,7215413.809404112],[50203.19441938016,7215402.4926992785],[50207.814632772235,7215391.235913951],[50212.45371583279,7215379.897673515],[50217.036393037706,7215368.653306762],[50221.54005161772,7215357.312139487],[50225.43142511137,7215345.642721007],[50227.81255701854,7215334.071605854],[50229.20108693576,7215322.263504041],[50230.632344809186,7215310.105397539],[50232.34101193759,7215298.001674911],[50234.04691615701,7215286.748529429],[50235.78783752641,7215274.868009917],[50237.54499193106,7215263.071439581],[50239.31035968097,7215251.408644639],[50241.16059868183,7215239.524967531],[50242.05474165914,7215227.893543398],[50241.99088705913,7215215.969854591],[50243.37546002801,7215204.137631925],[50247.99349741853,7215193.427451622],[50255.18410348287,7215184.22239661],[50262.35291942302,7215174.804590039],[50267.3089698446,7215165.357436797],[50267.79462601838,7215164.050799932],[50271.03662424226,7215152.546156071],[50272.14425521181,7215140.354574768],[50270.04499768664,7215128.292013071],[50266.433791963966,7215116.661566725],[50263.942548731575,7215108.649558505],[50260.24143421237,7215096.918948865],[50256.493829210754,7215085.218341714],[50252.71728940448,7215073.515330777],[50248.92487542512,7215061.833894588],[50245.105103388836,7215050.2001983365],[50241.281328655314,7215038.565478596],[50237.42893068417,7215026.8761633765],[50233.62597914215,7215015.315543603],[50229.82298975962,7215003.7349279],[50225.974174628966,7214992.032839873],[50222.147183323104,7214980.337691363],[50218.30457918794,7214968.699001492],[50214.452870692534,7214957.085109148],[50210.72493045736,7214945.529733739],[50206.97166605247,7214933.798696889],[50203.24559009401,7214922.248598561],[50199.69649031904,7214910.484551695],[50196.54548567621,7214898.770441834],[50193.43988569698,7214887.096262315],[50190.192109256226,7214875.345847394],[50188.22686506028,7214863.406525357],[50188.61134630558,7214851.619056573],[50189.95620382571,7214840.231453818],[50191.108151855355,7214829.007844415],[50192.13250915409,7214818.192851639],[50193.00599865586,7214808.556961052],[50193.658098861866,7214801.686999032],[50194.563874209416,7214791.665327342],[50195.49803430657,7214781.458223109],[50196.365862754465,7214771.20516262],[50197.154400943255,7214761.563461488],[50198.12841831817,7214752.782678662],[50199.581263107364,7214742.776337802],[50200.88189576543,7214732.266596937],[50201.04619973706,7214730.83126146],[50202.18018558336,7214718.952756483],[50203.15131682198,7214706.696894539],[50204.12781031057,7214694.526510291],[50204.924386941886,7214684.861973236],[50206.00228240708,7214672.551778722],[50207.14681077079,7214660.278442955],[50208.36013795907,7214648.150662126],[50209.61287171941,7214635.947437717],[50210.86585181975,7214623.761214912],[50212.0741862125,7214611.677362954],[50213.22444092133,7214599.478521403],[50214.08537378907,7214589.427821031],[50215.014221345366,7214577.606390445],[50215.93381336698,7214565.517757136],[50216.84869638103,7214555.2485947395],[50217.95227229374,7214543.128066108],[50218.869849496405,7214531.039255058],[50218.396248658944,7214518.833311744],[50217.76873082132,7214513.373096782],[50216.48054707289,7214501.2332642935],[50215.13832840265,7214489.1832734905],[50213.67796306242,7214477.171243684],[50212.171076030994,7214465.190104922],[50210.65793106111,7214453.147670709],[50209.14355325303,7214441.112081005],[50207.601198429824,7214428.913738186],[50206.15424391482,7214416.873048082],[50204.71244734415,7214404.780548023],[50203.27913056576,7214393.085729243],[50201.779093039455,7214381.06671468],[50200.25728285295,7214368.990778042],[50198.688110263494,7214356.946704079],[50197.064664548205,7214344.926378162],[50195.42782472784,7214332.889280868],[50193.705325928284,7214320.840461414],[50191.91080821375,7214308.853565143],[50190.10305836558,7214296.918320684],[50187.656431356154,7214284.998799108],[50184.586647413846,7214273.221915685],[50181.51781843376,7214261.532472577],[50178.39103496738,7214249.752032266],[50175.31729716121,7214237.970014187],[50174.193258453975,7214233.566046281],[50172.34657976037,7214226.173523037],[50169.40638125455,7214214.347274628],[50166.43263896502,7214202.52957676],[50163.39493342483,7214190.66188894],[50160.260198150645,7214178.921380625],[50157.12658035796,7214167.449692294],[50154.95928414626,7214155.479202461],[50154.56034149922,7214143.352900751],[50156.364268012636,7214131.528337087],[50160.814238929364,7214120.360275959],[50167.474619233166,7214110.15761145],[50175.95025591168,7214101.313767128],[50184.96068001544,7214093.123823825],[50194.01017922902,7214084.886411289],[50202.827310199675,7214076.847221743],[50211.79355678236,7214068.610154811],[50220.65082701325,7214060.390245787],[50229.49806684267,7214052.057599952],[50238.311835373635,7214043.776599515],[50247.10078805784,7214035.557638245],[50254.5561861826,7214026.129645022],[50260.39096362976,7214015.449798271],[50264.726997896796,7214004.07314267],[50266.78366593737,7213992.0671343],[50267.27034089097,7213980.377565222],[50266.31629283546,7213968.236569425],[50264.562666220765,7213956.146184325],[50262.959915792744,7213944.315249817],[50261.29919886892,7213932.18595479],[50259.60468717065,7213920.164386661],[50257.734356694215,7213908.056805752],[50255.776500912325,7213895.957321832],[50253.7633295735,7213883.879551872],[50250.2153199662,7213872.2999762995],[50244.153293638374,7213861.731075048],[50237.19109706924,7213851.689039399],[50230.29319261684,7213841.711991349],[50223.35966687248,7213831.678113278],[50216.370202941005,7213821.684916623],[50209.25524628564,7213811.600703918],[50202.53805089212,7213802.052009359],[50201.54663818778,7213800.6374944635],[50194.59781247971,7213790.676169682],[50187.602395459544,7213780.592343338],[50180.99546219915,7213770.997413636],[50174.36312540551,7213761.31800332],[50167.41396938689,7213751.276343524],[50160.413772577536,7213741.319843275],[50153.32777826197,7213731.310293289],[50147.04373960459,7213720.860920111],[50143.14204506128,7213709.361985117],[50139.92115025839,7213697.5061848],[50136.736929742445,7213685.755334792],[50133.559083498956,7213674.016800357],[50130.35224921873,7213662.164569603],[50127.10628892621,7213650.404005175],[50123.85780073126,7213638.607035671],[50120.65632002591,7213626.792295126],[50117.451932282886,7213614.995338304],[50114.28529439686,7213603.301368353],[50111.07922065299,7213591.543558825],[50107.9010032356,7213579.814992361],[50104.735249533376,7213568.098054653],[50101.53982423205,7213556.324709099],[50098.32576337102,7213544.546412628],[50095.05061513034,7213532.74132251],[50091.44209730538,7213521.009711031],[50087.53898977791,7213509.3621920515],[50083.58100913989,7213497.662094634],[50079.69966227771,7213486.087707905],[50075.853295848356,7213474.538134953],[50071.955079423205,7213462.917979525],[50068.03650121373,7213451.345017522],[50064.06661151757,7213439.776795151],[50060.035519205034,7213428.231088834],[50055.996169811,7213416.69376966],[50051.826024085225,7213405.182880767],[50046.37088569737,7213394.098239275],[50039.0617771261,7213385.113010488],[50037.57383627037,7213383.72045421],[50029.78943419276,7213376.440589249],[50020.944337168476,7213369.210655252],[50020.4002962237,7213368.855315789],[50009.776213766076,7213362.871377323],[49999.36252067925,7213357.636115199],[49988.5918620365,7213352.240517581],[49977.75364376424,7213346.873104145],[49966.87878260913,7213341.494914463],[49955.94180389849,7213336.117988272],[49945.41618127003,7213330.963047432],[49934.4799776873,7213325.63333077],[49923.50678419857,7213320.346027948],[49912.8369607731,7213314.868733547],[49902.02134966664,7213309.064720731],[49892.34474064072,7213302.144996874],[49891.54504699132,7213301.360894592],[49883.19737637078,7213292.536948347],[49875.34400353144,7213283.311758746],[49867.45400449092,7213274.032702059],[49859.535843886435,7213264.822678648],[49851.41773475398,7213255.617572482],[49843.239913850324,7213246.380935896],[49836.14864055987,7213238.267115175],[49829.235938776634,7213228.420648094],[49823.32816075627,7213217.949847487],[49817.341501428455,7213207.3791314475],[49811.40713278175,7213196.921102025],[49805.19386528141,7213186.574221611],[49797.74644122622,7213177.200483418],[49789.5888039039,7213168.724067429],[49781.78624965716,7213160.321725622],[49774.11499733041,7213151.783672477],[49766.96602410934,7213143.028128248],[49760.283888963226,7213134.107901746],[49753.747659184795,7213125.358666659],[49747.16307364317,7213116.366470763],[49740.38767030189,7213107.2654267885],[49733.255214660545,7213097.78134693],[49726.28410017898,7213088.524193456],[49719.0025762351,7213078.715392085],[49711.762458005396,7213068.987705213],[49704.417579459085,7213059.1600198215],[49696.950207130576,7213049.401239002],[49689.54417470854,7213040.201830499],[49683.53040600504,7213030.533889499],[49680.12957392936,7213019.480480885],[49678.20635249949,7213007.8879581215],[49676.506306250754,7212996.19420941],[49674.94149926526,7212984.370884046],[49673.40489233023,7212972.612024446],[49671.8553173925,7212960.899827205],[49670.18873444531,7212949.17630722],[49668.33669946814,7212937.538823597],[49666.16080320283,7212925.852946388],[49662.461966008996,7212914.643807625],[49656.48969336547,7212903.910285125],[49649.64502779802,7212894.519196449],[49642.02636352007,7212885.83593351],[49633.82808228891,7212876.944401298],[49625.87268079858,7212867.805791628],[49625.08042688324,7212866.853531599],[49617.91659949807,7212858.389257572],[49610.77068454464,7212850.083290431],[49603.510025028256,7212841.380882267],[49596.1884519186,7212831.951610176],[49590.46765110019,7212821.272364955],[49587.31633630837,7212810.044473508],[49587.11909622006,7212808.934235919],[49584.46712108917,7212797.530867014],[49579.835333956114,7212786.118691985],[49574.41794055427,7212775.179044016],[49569.40520302759,7212764.345780352],[49565.12278287462,7212754.027554819],[49561.11044272204,7212743.97718846],[49557.18112159509,7212734.06696641],[49553.274849260866,7212724.13573705],[49549.38973427494,7212714.158224916],[49545.27134000568,7212703.919511321],[49540.878617904615,7212692.794801903],[49536.43108890683,7212681.521215482],[49532.47708717134,7212671.874727123],[49527.92091406346,7212660.521003833],[49523.4744237081,7212649.0919460375],[49519.12703068851,7212637.623189144],[49514.897769463074,7212626.315067574],[49510.84151901037,7212615.652776355],[49506.89975606761,7212605.145113381],[49503.193471746345,7212594.890613295],[49499.15166811331,7212583.878925307],[49496.23978883622,7212576.150840728],[49494.827940880845,7212572.466360734],[49490.50501193834,7212561.011724427],[49486.5690393729,7212550.486136668],[49486.0667260731,7212549.127528341],[49482.25600238517,7212538.651632258],[49481.69128300605,7212537.095692752],[49477.885130321025,7212526.674258642],[49473.69580038113,7212515.213492359],[49469.47437706363,7212503.665912688],[49465.29002620786,7212492.165320998],[49461.11835600098,7212480.782547759],[49456.95912287076,7212469.841796829],[49452.749074054474,7212458.961000493],[49448.56105682894,7212447.696854133],[49445.29097896902,7212435.893824937],[49443.27530911303,7212423.76855855],[49441.51050990919,7212411.618295534],[49439.90397757065,7212399.875355537],[49437.64823685086,7212387.867738257],[49433.51416169561,7212376.566828682],[49428.737159031036,7212365.710849157],[49424.07658298692,7212355.23736655],[49419.52780808025,7212345.093802761],[49415.0797350856,7212335.050986288],[49410.63393298298,7212324.95826105],[49406.07800609962,7212314.296755752],[49401.37063968979,7212303.004454831],[49396.5461739797,7212291.706931153],[49391.756854359526,7212280.6789149],[49387.111746610666,7212270.082633764],[49382.45127657021,7212259.5839141365],[49377.78862941143,7212248.931731937],[49373.126399184344,7212238.114955206],[49368.427211455884,7212227.08991467],[49364.506119920756,7212217.761854024],[49359.848666747916,7212206.543043494],[49355.198432261066,7212195.341574125],[49350.517523990595,7212184.153744517],[49347.1086227473,7212172.429797638],[49346.26296564442,7212160.701639643],[49346.44733329007,7212148.554065769],[49348.3295655197,7212136.485069313],[49352.52711925184,7212125.0057428535],[49356.83091539558,7212113.572482768],[49359.757054841786,7212105.812547845],[49360.16507875081,7212104.738386961],[49361.066455701424,7212102.364760594],[49364.5615053802,7212093.206794772],[49368.95029192354,7212081.688943483],[49373.11155993573,7212070.503967929],[49377.126247060485,7212059.772066688],[49378.66037426208,7212055.852806514],[49383.095782007906,7212044.754346212],[49387.497790484456,7212033.793836157],[49392.137615573185,7212022.698495582],[49397.46718770411,7212011.973920906],[49403.0975221431,7212001.347185291],[49408.60819814284,7211990.654833154],[49412.580155000614,7211979.868864154],[49412.88043114147,7211978.714488275],[49414.35907540255,7211966.990741613],[49414.831408210914,7211954.77465141],[49415.05205646722,7211942.599410422],[49415.32873895392,7211930.362608517],[49418.11456749402,7211918.461335903],[49422.70848172263,7211907.450216452],[49427.344637251226,7211896.48214991],[49432.40571970149,7211885.41356411],[49437.75802548189,7211874.315881226],[49443.071424716094,7211863.232678102],[49448.2315224731,7211852.083186366],[49452.987879814405,7211840.870755602],[49456.39023201697,7211829.272841584],[49459.21462325723,7211817.381290333],[49461.94176323351,7211805.827494858],[49464.745640810055,7211793.993352288],[49467.447893330245,7211782.479493452],[49470.273955774144,7211770.844902051],[49473.30439665937,7211759.1020264765],[49477.981648780755,7211748.4989629],[49483.746339957,7211739.108109413],[49489.46833068883,7211729.821686836],[49495.361515664146,7211720.342241877],[49501.251270150184,7211710.889782855],[49507.145724553964,7211701.426482767],[49513.141565314145,7211691.802052557],[49519.27792553819,7211681.863959655],[49525.582582618226,7211671.567254206],[49531.81343139609,7211661.419707693],[49535.48938364955,7211655.789086313],[49538.695921004866,7211651.666425705],[49546.70901900943,7211642.631632835],[49555.094089790946,7211633.894297716],[49563.549641556805,7211625.061779404],[49571.96218954434,7211616.431087752],[49580.263276407844,7211608.045267223],[49580.9749743233,7211607.315501943],[49588.67078653991,7211599.233691729],[49596.56598924665,7211589.96283298],[49603.910041909025,7211580.138881933],[49610.95110121573,7211570.134826558],[49617.83903575712,7211560.348604245],[49624.89076552738,7211550.400211808],[49631.93223620625,7211540.477356207],[49638.99462771567,7211530.490439482],[49646.05254690745,7211520.516145423],[49653.04963719356,7211510.507065523],[49659.90039360139,7211500.633075474],[49666.53344005556,7211491.095286088],[49672.55225258198,7211481.586428475],[49676.92249400151,7211470.869412148],[49679.152436169854,7211459.151060151],[49680.6667299135,7211447.194153734],[49682.3026035768,7211435.253721395],[49683.9300639428,7211423.975094441],[49684.08475245192,7211422.9115179],[49685.737613856094,7211411.446248814],[49687.52643619699,7211399.384272816],[49689.34630287957,7211387.367754779],[49691.18914755614,7211375.4204180315],[49693.1324661948,7211363.315142598],[49695.0456972532,7211351.117236702],[49696.82108466723,7211339.197983855],[49698.66926730535,7211327.153638987],[49700.58007421723,7211315.123145576],[49702.46677737712,7211303.069527529],[49704.60337513045,7211291.059077382],[49708.79432070092,7211279.619827725],[49715.07715271175,7211269.296041163],[49721.62252298131,7211259.2739655245],[49728.303796374355,7211249.262950841],[49735.06238320051,7211239.31947539],[49741.78811384371,7211229.457987923],[49748.928721647186,7211220.081420274],[49756.829933456786,7211211.330638532],[49765.087406736275,7211202.911775957],[49773.82715774304,7211195.064035511],[49782.98519891716,7211187.848158466],[49792.22147751774,7211180.653643385],[49801.46066863736,7211173.371031448],[49810.62752338353,7211166.047029888],[49819.580199160555,7211158.258202255],[49827.77297212073,7211149.538502671],[49835.70838655252,7211140.716964155],[49843.91791168577,7211132.927018947],[49853.09893422399,7211126.859659884],[49862.93439414428,7211121.817737466],[49872.756264830125,7211116.968840927],[49882.63959219004,7211112.653331861],[49886.433225404995,7211111.135126332],[49896.136107602215,7211107.267007546],[49900.03337485483,7211105.830651157],[49910.785531309666,7211102.684512384],[49921.15882642806,7211099.756268042],[49931.363777321356,7211096.282859568],[49934.5529683482,7211095.135890577],[49944.50467809569,7211091.741374342],[49944.51275153528,7211091.738754319],[49954.820519572415,7211088.344045464],[49965.33309917763,7211084.879262749],[49975.80731657997,7211080.473779162],[49985.9980375953,7211074.553791212],[49995.98612583062,7211068.02497239],[50006.07954069268,7211061.224967426],[50015.957024025556,7211053.936645394],[50024.301457758585,7211045.076279489],[50030.21059062012,7211034.990809196],[50035.17730330356,7211024.73480548],[50039.89255097782,7211014.473794361],[50044.638874747034,7211004.726618361],[50050.151695735985,7210995.698817801],[50056.304548795975,7210986.966468982],[50062.501587556384,7210978.343431799],[50068.67534655199,7210969.906994354],[50075.028554134245,7210961.491500104],[50081.622793341056,7210953.367777491],[50088.566785699804,7210945.607627498],[50095.40221856913,7210937.608965134],[50101.23920072586,7210928.870574467],[50103.654207722575,7210924.770686535],[50106.494669279724,7210919.946630997],[50111.20832066139,7210911.923593752],[50111.718080962426,7210911.06549591],[50115.77429444523,7210901.430153828],[50118.94912930549,7210890.594700253],[50122.224903413735,7210879.135721186],[50125.09272988484,7210867.513050845],[50127.52224356105,7210856.563252309],[50130.14405107708,7210845.530641466],[50132.68757906731,7210834.453229064],[50133.327668823535,7210831.460156336],[50135.85803882452,7210820.474605931],[50138.96988710889,7210809.385604481],[50144.00281870726,7210798.747374166],[50151.1200267665,7210789.132108435],[50158.75405285333,7210780.003463795],[50166.59676038858,7210771.035343595],[50174.42729776306,7210762.360816143],[50182.3792393459,7210753.643551048],[50189.320290779986,7210744.107734479],[50194.872207600914,7210733.620984472],[50196.30866627715,7210730.765827151],[50201.56425536517,7210720.151519004],[50206.13208399498,7210709.144550005],[50209.84899602155,7210698.03140004],[50213.11510027986,7210687.532175404],[50215.5114545516,7210676.156328704],[50215.84546803404,7210664.21218933],[50213.85205904808,7210652.246311614],[50210.73078899889,7210640.469064878],[50206.40955293394,7210629.00634164],[50200.853711380914,7210618.143771298],[50195.36089673248,7210607.264849134],[50189.98122439097,7210596.342914335],[50186.14459340519,7210586.409668563],[50184.201769180305,7210574.523425583],[50184.742183803406,7210562.880234032],[50187.36748268909,7210552.420634214],[50191.23397745931,7210542.1378030935],[50193.52670029376,7210536.324178332],[50197.52630140114,7210526.206698813],[50201.471259822836,7210516.255343269],[50205.52007527987,7210506.135052264],[50209.77320760768,7210495.910577584],[50214.06277039286,7210485.90433877],[50218.37387528131,7210476.089740993],[50219.34952137264,7210473.759656899],[50220.907934789604,7210469.902595699],[50225.076591278776,7210459.435632717],[50225.541100681876,7210458.243494365],[50229.284304985136,7210448.723502902],[50233.11042444635,7210439.166164458],[50236.99700149236,7210429.532304643],[50241.02956129401,7210419.574854382],[50245.104451046966,7210409.547945434],[50249.14308440208,7210399.654005154],[50253.23105423467,7210389.714051824],[50257.37554418651,7210379.767530842],[50261.56070312922,7210369.670526981],[50265.67446671688,7210359.580263441],[50269.78311416431,7210349.491718166],[50274.00659076532,7210339.256925771],[50278.25906491192,7210328.866931865],[50282.41346798674,7210318.336960796],[50286.832944018766,7210307.309304222],[50292.0844280576,7210296.246587658],[50298.40630139859,7210285.681956992],[50304.90345066972,7210275.39492068],[50310.5335709115,7210264.59199267],[50313.71769873047,7210252.921276975],[50314.383876660315,7210241.044134866],[50314.33968966885,7210229.371800088],[50314.27427142492,7210217.480067072],[50314.28461697558,7210205.641826021],[50314.38519679726,7210194.256070981],[50314.6051522459,7210182.934694672],[50314.7416503026,7210171.261462657],[50314.950072004634,7210159.031828538],[50316.58297817694,7210146.937830279],[50319.25699711178,7210135.20944332],[50321.83147284796,7210123.666128771],[50324.29352160188,7210112.394648382],[50326.719649202365,7210101.005244078],[50329.34328717395,7210089.418021521],[50329.801083299506,7210087.519263791],[50332.135629535245,7210077.690781025],[50334.88327897183,7210065.863207861],[50337.56340761483,7210054.129914957],[50339.9867267668,7210043.279211963],[50340.22436667461,7210042.200283712],[50342.82800593268,7210030.295075554],[50345.41795859439,7210018.180604741],[50347.94726499461,7210006.187853932],[50349.526526389585,7209994.037433213],[50348.83271890273,7209981.796549661],[50347.06411145785,7209969.761496296],[50345.341294576065,7209957.805930171],[50343.59056259907,7209945.844883741],[50341.76043038047,7209933.729928378],[50339.8455590136,7209921.625157535],[50337.89427853678,7209909.572935663],[50335.94549268432,7209897.375517538],[50334.02447107696,7209885.249436301],[50332.12746991584,7209873.106379341],[50330.23203504644,7209860.992473172],[50328.3508007772,7209848.944345093],[50326.49398421141,7209836.95566977],[50324.71220183832,7209825.194950661],[50322.84752210975,7209813.11449186],[50320.878208665876,7209800.949149266],[50319.046988894755,7209789.03973279],[50317.16579639836,7209776.945617029],[50315.3196816502,7209765.186980108],[50313.446033624234,7209753.082116501],[50311.58082549478,7209740.945432775],[50309.77809512208,7209728.802600535],[50308.36061482574,7209716.610676451],[50307.23165354499,7209704.296257852],[50306.07841463148,7209692.076996892],[50305.65536837722,7209687.349100168],[50304.4897688246,7209675.246716935],[50303.387294120446,7209663.7770746],[50303.38529628201,7209663.755016737],[50302.409369429864,7209653.880074753],[50301.35810817318,7209643.756061494],[50299.95437138382,7209632.47668426],[50297.615877764474,7209621.143539634],[50294.20293082215,7209609.58594632],[50292.244996846945,7209603.079139823],[50288.6914731483,7209591.460014109],[50285.10116731579,7209579.96572943],[50281.45145682414,7209568.635298164],[50277.573655108514,7209557.087047054],[50273.6036993796,7209545.513634538],[50269.837086411775,7209533.901980253],[50267.588829780696,7209521.803439381],[50268.172987247,7209509.745965023],[50270.23841394181,7209497.831914063],[50272.32164287241,7209486.08205802],[50274.52160037961,7209474.140814358],[50276.813500409364,7209462.188625393],[50279.24311628647,7209450.274768784],[50281.36769833142,7209440.069697134],[50283.90705649636,7209427.989100721],[50284.540438033815,7209424.968708914],[50284.6939473424,7209424.226084658],[50286.697809928795,7209414.503268913],[50288.867993108055,7209404.108671518],[50291.038706834195,7209393.612685965],[50293.19155095966,7209383.268383224],[50295.394917177386,7209372.67163064],[50296.833602067025,7209361.132866804],[50297.16259703366,7209348.902549729],[50297.121376980795,7209336.899418732],[50297.17276638566,7209325.179252328],[50297.4449934201,7209313.703763942],[50297.819130511314,7209302.236875541],[50298.25352710759,7209290.455661529],[50298.7681546674,7209278.495510779],[50299.41879827541,7209266.588408096],[50299.95999084995,7209254.503963654],[50300.56498073228,7209242.202718345],[50300.74936739291,7209239.127117742],[50302.409124484286,7209227.335340943],[50304.87279348681,7209216.277624261],[50305.98840639717,7209211.554214412],[50308.43200861453,7209201.665276067],[50311.37914686976,7209190.272172507],[50314.32955970353,7209178.896060059],[50317.30324173247,7209167.424755946],[50320.39339188504,7209155.702744896],[50323.19297217467,7209143.772283757],[50324.89179923473,7209131.71335052],[50325.94481001719,7209121.1756332535],[50326.10327569378,7209119.670908257],[50327.381002388836,7209107.560134584],[50328.67886880919,7209095.335850169],[50330.046903151495,7209083.089679994],[50331.41487117042,7209070.845506921],[50332.64676192938,7209058.705668211],[50333.921168108296,7209046.6919699125],[50335.23642381147,7209034.863778602],[50336.51806567027,7209023.342022086],[50337.71445050865,7209012.132540209],[50338.923409767216,7209001.385077463],[50340.12224749016,7208990.9732622765],[50341.2721229365,7208980.358455448],[50342.45127869339,7208969.625776145],[50343.678157596325,7208958.76772805],[50345.10305093229,7208947.495185578],[50347.92239133263,7208936.043978036],[50351.94699133176,7208924.65073804],[50356.02943835873,7208913.219875961],[50360.08394088701,7208901.674463499],[50363.21465013444,7208889.968461724],[50364.25744439114,7208878.4250124525],[50364.19264384004,7208867.715941004],[50364.218387226225,7208857.358073105],[50364.2389183435,7208847.005030256],[50364.206461617316,7208836.155973558],[50364.04450360447,7208824.475603063],[50363.679926663346,7208812.233278947],[50363.14918708964,7208799.984665787],[50362.917769491614,7208787.747423867],[50363.4992738507,7208775.883457003],[50364.477472321654,7208765.270065362],[50365.27956138924,7208755.727311684],[50366.070061948325,7208746.399869323],[50366.556530217174,7208739.702115755],[50366.910044050426,7208735.827431602],[50368.224140303035,7208723.644116279],[50369.53791155433,7208711.558975084],[50370.67874895106,7208700.741280079],[50370.788754398935,7208699.603585435],[50372.033074149396,7208687.972855811],[50373.3915092941,7208676.418328133],[50374.86065549136,7208665.188905831],[50377.82654072612,7208654.163846839],[50382.88354192162,7208643.466603454],[50388.13307352626,7208633.443268891],[50393.65388400393,7208623.572432131],[50399.19923098583,7208613.732618963],[50404.843272894796,7208603.504227558],[50410.489937769074,7208593.035013989],[50416.08415136777,7208582.574500342],[50421.66615545913,7208572.140570581],[50427.27277235297,7208561.69268409],[50432.820771697734,7208551.232190009],[50438.380567054206,7208540.754093143],[50443.979781350936,7208530.272748919],[50450.19056791341,7208520.066589252],[50456.850046164705,7208510.149204431],[50461.56984030135,7208503.094706485],[50463.56129206077,7208500.081703846],[50470.209349022014,7208490.014438493],[50476.81038522086,7208479.987151876],[50483.52102575661,7208469.824329414],[50490.22855491884,7208459.636189554],[50496.199989698245,7208450.546986217],[50502.782815752376,7208440.500874279],[50509.436055230966,7208430.473867189],[50510.35398494452,7208429.103286961],[50510.41537578468,7208429.010692272],[50510.52181593521,7208428.851950662],[50516.97492964298,7208419.263468504],[50523.707360855595,7208409.216092835],[50529.738980945025,7208398.618566558],[50534.80360085546,7208387.527593989],[50539.661131655506,7208376.308022523],[50543.17744568444,7208364.6633436475],[50545.27725375933,7208352.74877866],[50547.40769613389,7208340.730269764],[50549.56434163515,7208328.710963853],[50551.70051467017,7208316.653660135],[50553.81314626528,7208304.608237725],[50555.89529785473,7208292.570579136],[50557.940791971865,7208280.547143642],[50559.93114072463,7208268.522434975],[50561.92414189421,7208256.481709434],[50563.80707335577,7208244.93170054],[50565.76368246501,7208233.009944704],[50567.73294557474,7208221.008305984],[50569.75349169149,7208209.048130497],[50570.390718248615,7208200.143008857],[50570.07348795538,7208196.889618721],[50568.11898196628,7208184.894369515],[50565.77941869834,7208172.959322379],[50565.60852819076,7208172.092984609],[50565.369639034616,7208170.881523036],[50563.44286382012,7208160.961175565],[50561.20935098949,7208149.101948144],[50558.92557212507,7208137.067118981],[50557.61618670507,7208129.072291946],[50557.30446088564,7208125.043601427],[50557.483299269865,7208113.14674809],[50558.22703994869,7208101.024166031],[50558.898956483055,7208088.891316172],[50559.583103278244,7208076.734103536],[50560.26695524168,7208064.582767713],[50561.00807033351,7208052.451101826],[50561.76229107537,7208040.29610183],[50562.49943203293,7208028.141090719],[50563.290227906895,7208016.068828],[50564.0734123647,7208003.893907512],[50564.807494417415,7207991.739794451],[50565.569385082694,7207979.570054352],[50566.353411612334,7207967.4673563205],[50567.06539200782,7207955.787773031],[50567.81433965941,7207943.7066806555],[50568.621388235304,7207931.626071212],[50569.4820156222,7207919.606105031],[50571.335879090184,7207907.540108886],[50575.87380983512,7207896.155901009],[50581.96924244519,7207885.435889095],[50588.093669883325,7207874.740384156],[50594.21616797795,7207864.108900684],[50600.3851312832,7207853.517608836],[50606.70074974088,7207842.922960152],[50613.04254641733,7207832.434693494],[50619.439641023404,7207822.037225243],[50625.93891419406,7207811.618264639],[50632.827084105695,7207801.522746654],[50640.05527917703,7207791.584668649],[50647.03035646607,7207781.879102904],[50652.24261107179,7207774.561698835],[50659.38793774607,7207764.503690122],[50666.4847770583,7207754.432409445],[50673.53991449054,7207744.414500857],[50680.6083057503,7207734.328833753],[50687.66588004859,7207724.233809534],[50696.05961427378,7207715.515576471],[50705.73870284186,7207708.316392409],[50715.32455255039,7207701.164203717],[50724.811876631225,7207694.038620808],[50734.33257983258,7207686.972894961],[50743.89255639765,7207679.880699202],[50753.34900665132,7207672.770849431],[50762.87907900184,7207666.284308232],[50773.959408029856,7207661.764976315],[50785.95120613789,7207660.198618606],[50798.09425010788,7207660.9995782785],[50810.253253583156,7207662.297753697],[50822.472953344695,7207663.627807291],[50834.68829012435,7207664.897394795],[50837.334564859746,7207665.169042595],[50846.85239541327,7207666.169715526],[50858.95794361166,7207667.537713096],[50871.0607162473,7207668.949812684],[50883.211999660765,7207670.145481972],[50895.31613165123,7207669.503952552],[50906.96001696121,7207665.979932714],[50917.85182581085,7207661.6147385165],[50928.646500436706,7207657.158018539],[50929.05651944998,7207656.984679321],[50940.18360752135,7207652.36303617],[50951.10300577729,7207647.920874897],[50962.205143322004,7207643.450775127],[50973.50486890768,7207638.8950288175],[50984.84124622884,7207634.257743331],[50996.16231391474,7207629.56063216],[51003.36691958201,7207626.554623935],[51014.634077692695,7207621.852159221],[51025.93799064262,7207617.132133971],[51037.13834093831,7207612.465758318],[51048.168150661164,7207607.839928621],[51059.46342132136,7207603.047399269],[51070.773344276124,7207598.236354843],[51081.66225726751,7207593.558074856],[51092.86934475135,7207588.714397057],[51103.771699778445,7207583.080696818],[51114.1964268015,7207576.820736982],[51124.62716859765,7207570.491774834],[51135.00134788657,7207564.15226939],[51145.39998807269,7207557.778803837],[51155.82410033548,7207551.374410475],[51166.27659546572,7207544.896979896],[51176.66922885913,7207538.478092156],[51187.05617734941,7207532.074892642],[51188.068310763745,7207531.448009178],[51189.93404851772,7207530.284398248],[51198.45215534768,7207525.135109281],[51208.7944966621,7207518.92456583],[51219.07158502552,7207512.688197492],[51219.08604963304,7207512.678680484],[51229.39419908333,7207506.4226762485],[51239.69648840575,7207500.163250862],[51250.01064732298,7207493.841126028],[51260.21811874298,7207487.502244638],[51270.408922343166,7207481.156696577],[51280.63077178277,7207474.676001765],[51290.854590216826,7207468.037872266],[51301.74183090805,7207462.6744393185],[51313.56643440173,7207460.268895373],[51325.6919032131,7207459.416922996],[51337.94974184671,7207458.788459823],[51350.20795213769,7207458.3775796],[51362.48891117424,7207458.219676254],[51374.52311474888,7207456.668356968],[51385.6263733384,7207452.33072898],[51396.03711287753,7207446.137327783],[51405.77109876054,7207439.080177207],[51414.443278181425,7207430.728583243],[51421.91564290726,7207421.1177409105],[51428.381097608304,7207411.054502078],[51429.183823611645,7207409.746158453],[51435.34229012177,7207399.546803845],[51441.54395696288,7207388.964251563],[51447.39719844004,7207378.321959501],[51452.99630126043,7207367.549967093],[51458.65106268285,7207356.702291394],[51462.32873653993,7207349.735831782],[51468.00279253692,7207338.949103005],[51474.027846721525,7207328.433891132],[51480.47858842439,7207318.071049577],[51486.92470525543,7207307.698057425],[51493.33545030025,7207297.306455305],[51499.56577123143,7207287.092362334],[51505.91589262744,7207276.6478817295],[51512.26508165855,7207266.240465423],[51518.697554731974,7207255.838692495],[51525.318065685395,7207245.535661892],[51532.422768528806,7207235.623399025],[51540.09411218978,7207226.117738428],[51547.04449812113,7207217.886920892],[51548.04380729742,7207216.693594078],[51555.86547957553,7207207.372167113],[51563.75991579768,7207197.949742351],[51571.61408140336,7207188.528425394],[51579.417055632104,7207179.065649252],[51587.1397695489,7207169.557230879],[51594.807801961026,7207160.103644389],[51602.49486643518,7207150.786187405],[51609.34821897448,7207140.706201475],[51614.88733633037,7207129.774145776],[51620.14561698283,7207119.067257202],[51625.598800060514,7207108.105144257],[51631.02900803252,7207097.162151174],[51636.41856000153,7207086.189267466],[51641.75613447069,7207075.210997526],[51647.00128590455,7207064.27987039],[51652.50969624752,7207053.315249907],[51658.448325034,7207042.5826699035],[51664.51469054434,7207032.37833144],[51671.68239191122,7207022.718684223],[51680.07923445292,7207014.691972222],[51688.78555357922,7207007.485733668],[51697.37883398624,7207000.250204861],[51706.65192579961,7206992.710076513],[51716.24380026769,7206985.128957795],[51725.43436798989,7206977.950278487],[51734.506198211515,7206971.073322209],[51743.6602868404,7206964.309262057],[51749.94162407052,7206959.1104794],[51751.14514769113,7206957.8590383055],[51752.15824666945,7206956.803771264],[51759.074537019886,7206947.137109245],[51763.37098176411,7206935.88557224],[51765.37144686683,7206923.7712629475],[51766.540654470446,7206911.743180423],[51767.45664359245,7206899.8543271255],[51768.10197777627,7206888.1429995075],[51768.274369284336,7206884.576342475],[51768.63094454014,7206876.252890588],[51769.1167484225,7206864.137108887],[51769.636265800975,7206852.031772302],[51770.13267275278,7206839.794167461],[51772.429348549806,7206827.83249294],[51776.86255722196,7206816.438764371],[51781.56721186894,7206805.1885198895],[51786.26507488161,7206793.889847167],[51790.859066895675,7206782.60261997],[51796.464919366816,7206771.750714912],[51803.68825602735,7206761.832869571],[51811.22590788192,7206752.176878197],[51818.815713340184,7206742.50206274],[51826.34056311805,7206732.908618046],[51833.806877863186,7206723.391869675],[51841.37169314182,7206713.778084564],[51848.9761275872,7206704.179158101],[51856.55887905351,7206694.569404712],[51864.09750922822,7206684.915317301],[51871.519565843046,7206675.176958203],[51878.74613441905,7206665.390590141],[51885.18865084497,7206654.963413507],[51889.96545630961,7206643.694328611],[51891.689560573315,7206631.707159344],[51890.73951166676,7206619.598419463],[51888.35919938359,7206607.779113989],[51884.97746236087,7206596.119709129],[51881.012141966086,7206584.569498373],[51880.08056084771,7206581.909610195],[51875.33111065475,7206570.598347032],[51869.157225100906,7206560.182575995],[51861.387298547605,7206550.86719982],[51852.63073112711,7206542.483787866],[51843.90821374726,7206534.3727205815],[51834.95826337009,7206526.144385752],[51825.988968687365,7206518.076450093],[51816.78996918729,7206510.323332949],[51806.87867457856,7206503.402185953],[51796.41746341245,7206497.5640617665],[51785.7075327186,7206492.083885072],[51775.036385850806,7206486.451931385],[51764.40986057761,7206480.788013267],[51753.78242749022,7206475.099842524],[51742.70684490091,7206470.259377062],[51731.05769996799,7206466.941307934],[51719.22143627703,7206464.373180017],[51707.33733884996,7206461.800014641],[51695.41927241185,7206459.224269812],[51683.5374200496,7206456.620057553],[51672.11003763118,7206454.043095771],[51660.25145436742,7206451.346668532],[51648.40382123098,7206448.606498902],[51636.59701655782,7206445.851120728],[51624.85672433139,7206442.845033059],[51613.43821779027,7206438.739691377],[51602.4910039198,7206433.945997313],[51591.42297425814,7206429.092981344],[51580.301958952565,7206424.482215757],[51569.00111855398,7206419.988881484],[51557.72787202045,7206415.507779034],[51546.37344687077,7206410.978884455],[51535.258245393285,7206405.87890562],[51525.67508046783,7206398.371502085],[51518.97523035493,7206388.074480498],[51513.53609991248,7206377.154685903],[51507.845821697614,7206366.379177138],[51502.03606723616,7206355.717661265],[51502.033204150735,7206355.712568412],[51496.12033525173,7206345.134821402],[51490.17958101729,7206334.599907096],[51484.23239619803,7206324.027567716],[51478.30719863257,7206313.411080757],[51472.525423163024,7206302.99870581],[51471.948741299915,7206301.96267116],[51466.47266586457,7206292.005242268],[51460.90701212757,7206281.133976882],[51455.9492403238,7206269.926758306],[51452.5747120232,7206261.768581476],[51451.31349997909,7206258.629464087],[51450.14552852709,7206255.647041343],[51446.89535985497,7206247.200539483],[51443.22075134877,7206235.495690469],[51441.47330389358,7206223.476820137],[51441.7233100888,7206211.343403573],[51442.67060918588,7206200.467045429],[51442.781411418284,7206199.37958657],[51445.61064328154,7206187.558957553],[51446.33146774705,7206185.61593581],[51450.90855227737,7206176.6181197995],[51457.225588652946,7206166.105105594],[51463.561071624456,7206155.63290756],[51469.78776607354,7206145.076580857],[51475.85470262717,7206134.415889122],[51481.54476549162,7206123.499697689],[51485.75032687752,7206111.951231922],[51488.776374526846,7206100.191655425],[51491.76648507884,7206088.40945266],[51496.569269271975,7206077.190645872],[51504.355999013525,7206067.891844289],[51513.70109031547,7206060.067095712],[51523.31915203051,7206052.464188691],[51532.74302367243,7206044.78043019],[51542.20903596567,7206036.96511477],[51551.36186912679,7206028.862864776],[51560.08356005832,7206020.328163123],[51568.58526382421,7206011.710424539],[51576.970592869795,7206003.112486046],[51585.29441805603,7205994.571040079],[51593.67290949653,7205985.92566484],[51602.02662330255,7205977.2500329055],[51609.91814068059,7205968.18868249],[51616.88443598687,7205958.414848703],[51623.26377058163,7205948.150428684],[51629.627544965246,7205937.849061899],[51635.85316987656,7205927.477478391],[51641.9548893763,7205917.048034171],[51647.867978788156,7205906.550034002],[51653.34937274462,7205895.8592532175],[51657.790539177775,7205884.630337324],[51661.50819982111,7205873.1344492845],[51665.22324374062,7205861.876158804],[51668.90607425844,7205850.577372672],[51672.67658921593,7205839.132881577],[51678.38119852147,7205828.633638794],[51685.46204201231,7205818.922115186],[51692.403761923604,7205809.136232896],[51698.80972845596,7205799.016401287],[51701.17523125897,7205794.592717112],[51703.62928366981,7205788.208737685],[51706.83593617671,7205776.8786339015],[51709.135617721186,7205765.484847481],[51711.23640769621,7205754.073258185],[51713.290478363226,7205742.876259239],[51715.20270070789,7205732.004878242],[51715.41253363085,7205730.764317],[51716.9874515406,7205721.2904355815],[51718.82254802412,7205710.639413382],[51718.82405511028,7205710.627468006],[51720.71150728664,7205700.01883002],[51722.660051234474,7205689.298592929],[51724.64034299465,7205678.651045531],[51726.67000695871,7205668.001689823],[51728.70296400762,7205657.347445209],[51730.79941407312,7205646.68608431],[51732.92498549953,7205635.865417495],[51734.88710655784,7205625.131636001],[51736.76134260156,7205614.705155915],[51738.47509165504,7205605.380925977],[51738.59797287383,7205604.694155535],[51740.30581019755,7205594.669450257],[51741.138032734976,7205589.537148494],[51741.251310485415,7205588.819960844],[51743.07781422895,7205578.745428066],[51743.925955047715,7205573.996058318],[51745.78371619957,7205562.434146965],[51747.675130722986,7205551.287186919],[51749.644787921105,7205540.587975495],[51751.56137094565,7205530.179336179],[51752.424030539114,7205525.488868748],[51754.13201170304,7205515.639655279],[51755.77999064728,7205505.945393411],[51757.44828893087,7205496.107416833],[51759.258902283094,7205485.804448489],[51761.27626429085,7205474.714082977],[51763.3871352796,7205463.076252766],[51764.40039651218,7205457.215679419],[51765.43125867506,7205451.317925964],[51766.76406643103,7205443.805476681],[51768.93827380618,7205431.829433458],[51771.1823757246,7205419.793284675],[51773.38045361708,7205407.868345531],[51776.34397302626,7205396.346712029],[51781.75630542071,7205385.476376721],[51790.36489184771,7205376.643658789],[51800.69445159641,7205370.1581233945],[51811.08162258769,7205363.9099519355],[51820.88580977137,7205356.990730815],[51829.8426064442,7205350.067663278],[51831.605557339906,7205348.6657152325],[51840.358744348865,7205340.280032426],[51841.63971006352,7205338.82236505],[51847.128842563776,7205330.205558928],[51851.51880848745,7205318.934398036],[51853.06217801804,7205306.842731924],[51852.13589003275,7205294.680969581],[51849.569330237166,7205282.788998807],[51845.49310482724,7205271.321082574],[51841.3494414427,7205259.906464656],[51838.22484164627,7205248.379750714],[51836.125028687995,7205237.697309595],[51834.35106398468,7205227.690615201],[51832.62399471167,7205217.195443651],[51831.31585981749,7205205.699763709],[51830.76390515547,7205194.029308712],[51830.615791290766,7205182.72675061],[51830.57843521953,7205176.1974222995],[51830.27648034925,7205164.386635464],[51829.81195381028,7205153.588730782],[51829.5039450879,7205143.193962059],[51829.924075559014,7205131.072324982],[51830.09492010751,7205129.180951865],[51831.27288811974,7205117.050974792],[51832.49239480321,7205105.070314726],[51833.71480071108,7205093.1821587],[51834.925065297924,7205081.135774085],[51836.12357067788,7205069.200400682],[51837.16885995562,7205057.500859402],[51837.635766818654,7205045.568918876],[51837.54359102942,7205033.444313569],[51837.31822510302,7205021.378051098],[51837.045474509534,7205009.387966516],[51836.71940509463,7204997.509849137],[51835.641664125025,7204985.551864786],[51833.51037333318,7204973.597980418],[51829.739041943394,7204961.975194548],[51823.9183109256,7204951.205961484],[51817.193907289766,7204940.946921727],[51810.48707741778,7204930.700675968],[51804.63258863293,7204919.944860882],[51799.652208632615,7204908.757501522],[51795.14467942051,7204897.379655905],[51790.875881508866,7204885.869101513],[51787.167190619046,7204874.190832524],[51784.617612544855,7204862.192198635],[51783.17042715021,7204850.060248341],[51782.806245877175,7204838.139315873],[51783.40108175541,7204826.377536831],[51784.340831922425,7204814.953163078],[51785.36412548891,7204803.974937217],[51786.51557846833,7204792.821803845],[51787.69955410104,7204781.098527743],[51788.80978284782,7204769.002510577],[51789.812636657676,7204756.8657299],[51790.64846953703,7204744.716531793],[51792.48013282515,7204732.642851664],[51795.42906238843,7204720.932044229],[51797.5291317167,7204712.683530222],[51797.92280439247,7204711.170167785],[51798.443444098346,7204709.1730908975],[51801.5555297932,7204697.71936563],[51804.927700194705,7204686.01246768],[51808.08563191036,7204675.32829199],[51808.77460240899,7204672.974487765],[51812.17575071304,7204661.338188739],[51815.691813305835,7204650.137303261],[51819.12841671653,7204638.607914528],[51822.10879009898,7204627.023877062],[51825.46747015009,7204615.507012962],[51828.60682293738,7204605.642565822],[51832.309555383166,7204594.082894491],[51835.91225608933,7204582.580997506],[51839.42824630736,7204571.20451181],[51842.73549952952,7204559.784572393],[51844.42940315284,7204548.14416022],[51845.55322655133,7204537.092296977],[51846.84332703386,7204525.306342427],[51848.15757503972,7204513.608930847],[51849.477777258726,7204501.826305687],[51850.72019978409,7204490.433505919],[51852.00505054009,7204478.943372355],[51853.31050185609,7204467.420045505],[51854.67506362905,7204455.71974667],[51856.08521904476,7204443.921108205],[51855.87564200873,7204431.887790013],[51853.029915945954,7204420.096596371],[51849.76355687686,7204408.332787836],[51848.260504980164,7204403.7603455],[51844.21072029602,7204397.4318847805],[51836.964986090956,7204387.682214338],[51829.92857258249,7204377.989006618],[51822.761605319974,7204368.116315978],[51815.79510676366,7204358.228712053],[51809.61869852926,7204347.8094903845],[51804.29486812913,7204336.808520181],[51799.120382068795,7204325.60946135],[51795.96818604873,7204314.077428365],[51796.18179041619,7204302.024682175],[51798.38176137651,7204290.262530547],[51802.44535117119,7204278.933627899],[51808.53888253082,7204268.403674265],[51816.07515177765,7204258.719747796],[51821.59689827467,7204251.800871436],[51829.200075749424,7204242.192128284],[51833.27409942227,7204236.984163454],[51833.90322341124,7204236.171550319],[51836.616683816654,7204232.627183758],[51843.556090269005,7204223.259681405],[51849.84657858056,7204214.448013566],[51855.95542269136,7204205.861015269],[51862.449605215224,7204197.363303135],[51870.072216429224,7204188.5328849275],[51877.94460295956,7204179.5221438445],[51885.105777153454,7204169.927844251],[51890.44723558263,7204159.096518787],[51894.190569848,7204147.549749625],[51895.51789547491,7204142.495825221],[51896.268165503745,7204130.199189042],[51894.80421684077,7204118.287264487],[51893.265660792065,7204106.2515826],[51892.53492811136,7204094.432578964],[51892.25626749947,7204082.732172737],[51891.8402509506,7204071.280228689],[51890.069392287,7204059.748760138],[51886.2224925207,7204050.181067032],[51880.670101232245,7204039.491860192],[51875.04339793336,7204028.648803118],[51869.5880430658,7204017.943809567],[51864.23926992674,7204007.166372092],[51857.88367109012,7203996.830395855],[51850.52255818399,7203987.01833467],[51843.29085751361,7203977.115702383],[51836.37486859551,7203967.1077895705],[51829.80401171255,7203957.143513292],[51824.334818927746,7203946.547320697],[51820.348535744415,7203935.135475118],[51817.015801600995,7203923.851235074],[51813.64890072751,7203912.320623995],[51810.248425507336,7203900.598973069],[51806.76926336577,7203888.7945225015],[51804.73450289079,7203876.79679203],[51803.838456770114,7203864.771698254],[51802.67619874363,7203852.88928091],[51801.39615483384,7203841.488104014],[51800.08165671624,7203830.117550291],[51798.948332113214,7203818.081927517],[51797.69871143863,7203805.933604981],[51796.59642709332,7203797.37742435],[51795.26521281962,7203786.716258163],[51793.96457707847,7203774.787601149],[51792.67743234988,7203762.625704057],[51791.32873733394,7203750.427891354],[51790.753593305475,7203738.33689663],[51792.620735929406,7203726.282833803],[51796.578583449475,7203714.606139281],[51800.869248891715,7203703.090967677],[51805.44698648737,7203691.684712144],[51810.178751035826,7203680.469042102],[51814.87545491406,7203669.140365005],[51819.31056443491,7203658.366800066],[51823.980916869186,7203646.954837043],[51828.63843809214,7203635.582321802],[51833.16114920372,7203624.152471874],[51837.52306738414,7203612.796930159],[51841.085113049194,7203601.110675197],[51842.934552573715,7203589.111006314],[51844.31260606885,7203577.002979573],[51844.765895162534,7203564.796565057],[51843.78784718481,7203553.396840876],[51841.626377141045,7203542.054538564],[51838.95520147792,7203530.019391135],[51836.302332729334,7203518.069259964],[51833.667913825484,7203506.312662868],[51832.201577443455,7203499.731418656],[51831.239182886726,7203495.407770166],[51829.143401497684,7203483.495639324],[51828.87630285416,7203481.30175681],[51828.16195015586,7203469.634982143],[51828.72794002987,7203457.757503955],[51830.45221951738,7203446.117546201],[51830.6608252509,7203445.063428726],[51831.2688061996,7203433.550088627],[51829.465589287865,7203421.959859227],[51826.33643612696,7203410.499184808],[51822.9802112591,7203398.753426906],[51819.59312427981,7203387.003201224],[51816.20580759278,7203375.168665437],[51812.90168649319,7203363.403191516],[51809.62485687935,7203351.652836471],[51806.32332209224,7203339.9866275415],[51802.90861927811,7203328.137958778],[51799.91476941656,7203316.34010762],[51798.583005329594,7203304.055874702],[51799.500951005204,7203291.849075659],[51802.03737059893,7203280.105857534],[51804.73374149669,7203268.173126951],[51806.5273410136,7203255.945363566],[51805.96587527153,7203243.597134398],[51804.126384723,7203231.472784648],[51802.20936247421,7203219.511355522],[51799.70641944988,7203207.7093284605],[51799.43609258684,7203206.644005587],[51795.54002394079,7203195.057598503],[51790.12416101911,7203184.012261175],[51784.41045267531,7203173.23238655],[51779.02187403728,7203162.315562189],[51773.960843204,7203151.499775858],[51768.90411278105,7203140.880718445],[51763.9460804931,7203130.634228835],[51758.04248360387,7203120.375502108],[51751.48814386933,7203110.540363759],[51744.8412689534,7203100.750912258],[51738.19036192214,7203090.964542944],[51731.53022085497,7203081.094339409],[51725.08837914065,7203071.499817135],[51718.45022701926,7203061.74106689],[51711.94462658343,7203052.247936674],[51705.31451960001,7203042.378152935],[51698.66014463757,7203032.5123355575],[51691.8764232971,7203022.489062829],[51685.0980195757,7203012.38799133],[51678.34780993743,7203002.287071578],[51671.604584254615,7202992.21047974],[51665.687157141976,7202981.522950495],[51661.72727781732,7202970.020874823],[51658.21831354563,7202958.372585274],[51654.8441870549,7202946.600813263],[51651.56802612671,7202934.83950628],[51648.31263108557,7202923.332787096],[51644.89916742046,7202911.453079386],[51641.49350835185,7202899.941596522],[51637.775341303495,7202888.238821014],[51632.91892765113,7202876.975676],[51627.184100667364,7202866.378356792],[51621.50205437443,7202855.810550317],[51615.78931433178,7202845.077896632],[51610.03734805825,7202834.279296501],[51604.26708118763,7202823.508851917],[51598.40995617182,7202812.640337693],[51592.58966476534,7202801.84656745],[51586.78046357649,7202791.026393169],[51581.149009724264,7202780.403589907],[51575.41908520454,7202769.563711125],[51569.74893963913,7202758.685492624],[51564.03547254944,7202747.834377844],[51558.25950699265,7202736.991515611],[51552.51395377226,7202726.1610976085],[51546.73616030946,7202715.313056986],[51540.90784544748,7202704.404581511],[51535.07648959942,7202693.521102206],[51529.440204592596,7202682.873110536],[51523.96030090272,7202672.161883077],[51518.597281438124,7202661.079561813],[51516.723677132744,7202652.568018139],[51516.70595388301,7202651.484848267],[51516.873635290074,7202639.949642492],[51517.01318942278,7202633.036830118],[51517.270970262936,7202621.036237558],[51518.25955118134,7202611.446850186],[51520.91772407654,7202599.473333912],[51523.923689705785,7202588.336034279],[51525.45194706856,7202582.695250897],[51526.68449889304,7202578.150788702],[51527.28088965494,7202575.963309571],[51531.29223810276,7202564.575019658],[51536.67573525198,7202553.775694482],[51542.09490746248,7202542.987992138],[51547.47460836702,7202532.317934006],[51552.7881527369,7202521.960892614],[51558.35490238597,7202511.212957704],[51563.820029733644,7202500.4735360155],[51569.14029932674,7202489.8308257945],[51574.57358872646,7202478.725820914],[51580.01663359685,7202467.649350129],[51583.36028910306,7202455.939140672],[51583.59346161323,7202454.224095076],[51585.25568972051,7202442.446794895],[51587.02302022296,7202430.229818378],[51588.948315175076,7202418.065950995],[51590.85508452379,7202406.341854641],[51592.55887192779,7202394.152093118],[51594.0766284978,7202382.173633727],[51594.914558841556,7202370.2562632095],[51595.00568348321,7202358.372547599],[51594.368754589814,7202346.840541296],[51593.46335812693,7202335.297520716],[51592.875313902216,7202323.482800156],[51592.574181174336,7202311.372934447],[51593.88014433143,7202299.420216139],[51597.16386340803,7202288.4016427845],[51601.33017462405,7202277.540957094],[51605.56006033346,7202266.743244916],[51609.90861110191,7202255.87049843],[51614.279535356094,7202244.965728512],[51618.578627394396,7202234.143098917],[51623.05045016261,7202223.071295994],[51627.534153419256,7202211.957902974],[51632.097940790525,7202200.668567887],[51636.75395652908,7202189.290993012],[51641.34866033343,7202177.894613197],[51645.78929218167,7202166.690158445],[51650.07073630579,7202155.792303612],[51654.1941921573,7202145.128338893],[51658.74047907739,7202133.802102169],[51663.52278586553,7202122.496353752],[51668.294667937036,7202111.130060291],[51672.731059997226,7202100.491132831],[51677.38901312149,7202089.2942156745],[51681.90451284085,7202078.234408146],[51686.20300738228,7202067.71674691],[51690.60530908912,7202056.898756483],[51694.97825207806,7202045.905748484],[51699.41771550133,7202034.795436783],[51703.90772698412,7202023.720454581],[51708.413978558674,7202012.664336786],[51712.89341613569,7202001.737279123],[51717.40504890395,7201991.118725064],[51721.75184948702,7201980.105744542],[51726.03891152277,7201968.950392809],[51730.58792819665,7201957.700544823],[51734.742558216094,7201947.440230162],[51739.10245581693,7201936.829860069],[51743.63371007051,7201925.685603129],[51748.09213399509,7201914.711530596],[51752.57011620962,7201903.479539897],[51756.99850085308,7201892.347753679],[51761.088196914876,7201881.321025102],[51766.20195170038,7201870.8799266815],[51773.60789449897,7201861.561535609],[51782.46316806483,7201853.4818463605],[51791.70705558837,7201845.710367918],[51799.465820223675,7201837.8583235135],[51800.34683284396,7201836.774188942],[51807.14127160149,7201827.201824877],[51813.245592897234,7201817.041797664],[51818.658424174646,7201806.957138133],[51823.85982768139,7201796.554922024],[51829.139456072415,7201786.060113486],[51834.28679504787,7201775.383764949],[51838.814199711254,7201764.303567159],[51842.582005165925,7201752.577315817],[51846.20309281559,7201740.7452394385],[51849.87439253414,7201728.955589649],[51850.41724368761,7201727.226266804],[51853.501926921774,7201717.608316169],[51856.662550953566,7201705.684447943],[51859.32036055351,7201693.52044119],[51861.906550693966,7201681.43236298],[51864.31038850476,7201669.810611053],[51866.809596459265,7201657.917461237],[51869.286888239556,7201646.112439243],[51871.74579465331,7201634.246386888],[51873.18939232675,7201627.338953393],[51875.61719198845,7201615.877823052],[51878.19872140518,7201604.027387377],[51880.51840052457,7201592.045873828],[51882.554182213615,7201580.442908425],[51884.12404002232,7201571.948280501],[51886.36735034757,7201560.572887395],[51888.87666762818,7201548.925755885],[51890.83172579267,7201537.109529944],[51890.947709386295,7201525.435698168],[51889.76136760117,7201513.452793056],[51888.54747891851,7201502.081513342],[51887.30039683613,7201491.0290079815],[51886.08269331511,7201479.925385114],[51884.82896162575,7201468.863439279],[51883.58845463878,7201457.326560579],[51883.48596215772,7201445.624935184],[51884.95529639628,7201434.01662967],[51886.667074808676,7201422.371935303],[51888.642913074116,7201410.697011108],[51890.68952194584,7201399.102625234],[51892.802986520925,7201387.444814932],[51896.36603238428,7201376.102739189],[51901.204189935816,7201365.076499629],[51906.194920742186,7201353.887605558],[51911.11105580471,7201342.910043468],[51915.75855350343,7201332.466252103],[51920.751346333884,7201321.592413336],[51925.92082739173,7201310.736538261],[51931.23268259695,7201299.76965001],[51937.69191022974,7201289.372703947],[51945.26528292004,7201279.944552544],[51953.199718541524,7201270.588678557],[51961.01869668765,7201261.277955104],[51968.8649620777,7201252.030553712],[51976.74941743346,7201242.715664665],[51984.46800232981,7201233.318082117],[51991.20858214557,7201224.701425615],[51991.872337517736,7201223.834220361],[51997.365958572074,7201216.767715842],[52004.00931103027,7201208.935192147],[52012.53267923469,7201200.33908686],[52021.88001628884,7201192.362615451],[52022.80598140933,7201191.6457124315],[52031.35744490888,7201184.998991873],[52040.90750285314,7201177.827141406],[52050.973663396435,7201170.850101229],[52060.80002150836,7201164.341587437],[52069.51222303166,7201157.601771012],[52070.19403574121,7201157.003279259],[52078.50361577718,7201149.509181332],[52087.179803498846,7201142.40763751],[52095.90740371967,7201135.818038508],[52104.65137291164,7201128.679415246],[52105.505645020516,7201127.949136313],[52113.52011128864,7201121.064666705],[52122.70868636703,7201113.226716752],[52132.19673958997,7201105.651810562],[52143.07239051245,7201099.95083561],[52154.646679089055,7201096.011546867],[52166.42997008865,7201092.267212961],[52177.91810734599,7201088.104360705],[52188.657725922414,7201082.3492002785],[52198.19588064437,7201075.400451271],[52207.74419779354,7201067.730095334],[52217.018624578195,7201059.834743904],[52225.01245213562,7201050.631119417],[52230.67672107206,7201039.838563656],[52233.54372943868,7201030.828805982],[52234.51644410193,7201018.795111847],[52232.52006531414,7201006.98068979],[52229.07286451559,7200995.61799656],[52225.61204043869,7200984.450217471],[52222.316511389625,7200973.531706667],[52219.19756940374,7200962.683242418],[52215.90930035093,7200951.491186947],[52212.53993886814,7200940.048650669],[52208.97659718286,7200928.637669297],[52205.21027573035,7200917.413994249],[52202.20867698005,7200905.869683383],[52201.57782787172,7200902.14467564],[52201.9089481862,7200893.893334767],[52204.27731862839,7200882.192885853],[52207.417156978045,7200870.78178796],[52210.534180292045,7200859.254312739],[52213.751378750545,7200847.93196691],[52217.13570047071,7200836.754549045],[52219.84534612764,7200825.832775434],[52220.03871194762,7200824.829246324],[52222.154664681584,7200813.905014185],[52224.33346988261,7200802.6295592],[52226.35751707206,7200791.674181566],[52228.21662263764,7200780.73044251],[52229.986990803154,7200769.68135868],[52231.318040401384,7200758.431123153],[52232.15057565074,7200747.156592883],[52232.931809556845,7200735.884694174],[52233.67855857982,7200724.641418759],[52234.35839999665,7200713.777220861],[52234.99856222357,7200702.674689915],[52235.6454409422,7200691.311594964],[52236.320570487354,7200679.723969109],[52237.03642089496,7200668.075050589],[52237.782268902985,7200656.362262696],[52238.52499797696,7200644.582064488],[52239.26860046497,7200633.031582834],[52239.992956880655,7200621.61685426],[52240.69523055974,7200610.207058283],[52241.372489111265,7200598.948595783],[52242.08590429177,7200587.6476819385],[52242.84161876165,7200576.027517904],[52243.46442865097,7200564.016323263],[52244.03283580777,7200551.98555482],[52244.68819600134,7200540.052963912],[52245.26782578917,7200530.865785108],[52245.85081430012,7200519.205909949],[52245.94291326293,7200516.451266283],[52246.46407528041,7200504.313084443],[52247.40242819424,7200492.308903694],[52247.5180687292,7200491.160410402],[52248.47447213286,7200480.416000577],[52248.716156103415,7200477.524703151],[52249.536597775994,7200466.387051025],[52250.35765404801,7200455.258304662],[52251.1715509147,7200444.309028302],[52251.99329823931,7200433.391111022],[52252.7418770768,7200422.132901356],[52253.41561725346,7200410.706720743],[52253.98348122201,7200399.116427493],[52254.382350244676,7200387.312837054],[52253.815826676844,7200375.223239953],[52251.965682202834,7200363.303017136],[52249.785198927915,7200351.392947772],[52247.50190276577,7200339.714155375],[52243.746385337145,7200328.519136282],[52238.041129056655,7200318.348399427],[52231.995059060224,7200308.302864411],[52225.98908227385,7200298.437694794],[52223.246147043945,7200294.0294703655],[52219.830499167845,7200288.62088605],[52213.53455336217,7200278.803962374],[52207.34650322562,7200268.816234186],[52202.466200084484,7200257.986307477],[52199.35899984988,7200246.585509438],[52197.8963603935,7200235.017643649],[52198.28430607525,7200223.122272833],[52201.09728253115,7200211.597285081],[52205.738394394924,7200200.516190974],[52212.06006896973,7200190.189529842],[52220.97603593662,7200181.766593864],[52231.00966343074,7200174.6667525135],[52232.39665026782,7200173.68846052],[52241.093697582255,7200167.5360335605],[52251.25579218293,7200160.50008244],[52261.33980246214,7200153.616254655],[52271.40774110233,7200146.82385247],[52281.225412750675,7200140.130552298],[52281.61034611496,7200139.865974534],[52291.22844973527,7200133.284230438],[52301.292085182096,7200126.49877715],[52311.41043629177,7200119.76577832],[52321.29612675536,7200112.878009856],[52331.157714894915,7200105.784517709],[52341.05245641421,7200098.647358722],[52350.999707079085,7200091.525595747],[52360.08892697678,7200085.081671721],[52361.08769834874,7200084.375059913],[52370.97776118654,7200077.387226393],[52380.985527530545,7200070.187928068],[52381.97091456031,7200069.467543502],[52390.89245230984,7200063.138666833],[52400.8974561714,7200056.0464460645],[52410.41290283878,7200049.336841309],[52420.33169961744,7200042.29106727],[52430.26019251702,7200035.296811128],[52440.15686611098,7200028.384573647],[52450.31139483274,7200021.314162028],[52460.30113968445,7200014.317698252],[52469.942291242885,7200007.446181393],[52479.44194163353,7200000.595294772],[52489.25120446138,7199993.642926934],[52499.18813429255,7199986.59293462],[52509.2144109825,7199979.544008655],[52519.32750708354,7199972.5480446],[52529.408206477296,7199965.535674377],[52539.39355715073,7199958.614324924],[52549.39587905747,7199951.695642404],[52558.94727624778,7199945.05778918],[52568.462633788644,7199938.21470672],[52578.1295381629,7199930.989125853],[52587.98956804408,7199923.754165385],[52597.66477890173,7199916.365580741],[52607.29394287121,7199908.707905209],[52616.863791224605,7199900.983508014],[52626.44712209981,7199893.205462877],[52635.97544956498,7199885.447027113],[52645.02017164626,7199878.026096066],[52645.87535954191,7199877.320044385],[52655.26530714787,7199869.536468452],[52664.57609396201,7199861.794359828],[52674.040704302315,7199853.8906294275],[52683.50360430236,7199845.955850024],[52692.73434875626,7199837.851108808],[52701.17244546494,7199830.335868984],[52710.30233329808,7199822.198457824],[52719.49896308122,7199814.116342622],[52728.74932025769,7199805.979247054],[52737.841612444085,7199797.829249324],[52746.97069981258,7199789.577395723],[52756.067120772146,7199781.314238088],[52765.17339829111,7199773.009308299],[52773.36033577559,7199765.612226311],[52782.50734203367,7199757.385273337],[52791.5838266192,7199749.210403875],[52799.69265438238,7199741.853041209],[52808.81178679108,7199733.621932234],[52817.89053029305,7199725.460231392],[52827.87393489375,7199718.337187283],[52839.391453774355,7199713.919203328],[52851.33761217637,7199711.219610652],[52863.26564234926,7199708.387016615],[52872.35479778529,7199706.136383368],[52884.25896909612,7199703.053860012],[52896.25409541308,7199700.088625835],[52908.46392760484,7199697.999919561],[52920.74308134621,7199696.578342872],[52932.93402465206,7199695.178936789],[52945.20288478222,7199693.833078912],[52957.392116606585,7199692.314198585],[52969.68049241032,7199690.955193283],[52981.65520151844,7199689.881121811],[52993.547034774616,7199688.799299251],[53005.75607064518,7199687.62145192],[53017.896677620825,7199686.405232766],[53029.957903927425,7199684.541523933],[53041.99082844681,7199682.122757642],[53054.04840896814,7199679.398253928],[53065.91804711445,7199676.501698874],[53077.86610561871,7199673.603730992],[53089.745758640696,7199670.730701298],[53101.66280466976,7199667.829355783],[53113.59372370067,7199664.9114666395],[53125.43196182739,7199662.022599595],[53137.03958824102,7199659.240824587],[53148.9820772105,7199656.308407108],[53160.05906707171,7199652.407390776],[53169.736876998155,7199647.539780273],[53180.534520123445,7199641.609989014],[53191.24798660155,7199635.632202077],[53201.568966424384,7199629.751157554],[53212.248332353774,7199623.573087456],[53222.83962046099,7199617.434413263],[53224.141822892416,7199616.691253109],[53234.69325122982,7199610.728181504],[53237.21582478663,7199609.303348616],[53245.32387073152,7199604.697529097],[53255.67036188883,7199598.0222839],[53265.684690319235,7199590.966750285],[53275.61563146324,7199583.982867237],[53285.3280507974,7199577.085601665],[53295.298301637056,7199570.030259719],[53305.303295252495,7199562.959401496],[53315.19912792562,7199555.976001491],[53325.19841664814,7199548.899834549],[53335.23863943922,7199541.758376269],[53345.25433001254,7199534.652863942],[53355.20067307295,7199527.59458808],[53365.06621993764,7199520.657917615],[53374.74463408475,7199513.848332359],[53384.68134167907,7199506.802494246],[53393.59285984421,7199500.4953231495],[53394.427666095726,7199499.908734903],[53404.364585180185,7199492.858894618],[53414.254944619024,7199485.771968113],[53423.880135413376,7199478.850641264],[53433.937025044055,7199471.71800942],[53443.9271066286,7199464.64747007],[53453.32073958032,7199456.847158594],[53461.09086824709,7199447.328837857],[53466.955383193796,7199436.462361494],[53470.52509676985,7199424.639475984],[53472.07472002559,7199412.364952644],[53471.998426969396,7199400.333658323],[53470.61209414649,7199390.114624899],[53468.31199774565,7199378.300790764],[53465.879142907914,7199366.943489068],[53462.737488234416,7199355.264425304],[53458.371935666946,7199343.919847561],[53453.34618261701,7199333.184734553],[53448.04774457292,7199322.336198861],[53444.16012399545,7199311.072278693],[53443.927670932666,7199309.922167202],[53441.51440227922,7199298.172439116],[53439.61811771919,7199286.595409326],[53439.48601436219,7199275.810531955],[53440.809494489804,7199263.860949169],[53442.35549282876,7199252.069885813],[53442.54017581802,7199250.745866931],[53444.82320396579,7199239.253620941],[53449.3403246309,7199228.948691566],[53455.70871070435,7199220.335762981],[53463.45953746233,7199211.498879887],[53472.09785301617,7199203.025650078],[53475.070301169704,7199200.537549825],[53483.134091017826,7199193.359782461],[53489.51938008139,7199187.124103254],[53491.77875028277,7199184.9902674705],[53491.79450950882,7199184.9749061465],[53500.20020839444,7199176.45509948],[53508.31022255629,7199167.166821199],[53516.375791787694,7199157.887510573],[53524.29877997376,7199148.542729587],[53530.83528806601,7199141.462161811],[53539.5991893523,7199133.971768828],[53549.55872246297,7199128.030510465],[53560.73963423702,7199124.316847704],[53572.30257396551,7199122.245253949],[53584.06164523942,7199120.091393718],[53596.02123991202,7199117.942376254],[53608.016237461416,7199115.739652876],[53620.02536293876,7199113.515728866],[53631.96296638326,7199111.518114989],[53644.02148678672,7199109.5350396205],[53655.45636282553,7199107.520121598],[53667.238151675905,7199105.4202567395],[53676.44893283781,7199103.699987635],[53688.389225120656,7199101.556031737],[53700.50448514451,7199099.6247644415],[53712.60467333178,7199097.538163388],[53724.18311574764,7199095.432308972],[53735.64534870605,7199093.410568589],[53747.17195619189,7199091.3203090085],[53757.7420152899,7199089.464318873],[53767.80112217518,7199087.772916356],[53777.29473816283,7199086.163555535],[53786.38944903121,7199084.659624107],[53796.39801613777,7199083.158563852],[53806.88903875166,7199081.72230814],[53817.467537848104,7199080.1725387415],[53828.4307703806,7199078.496642636],[53839.82468638581,7199075.829715888],[53851.060981897754,7199071.639086059],[53861.43324012123,7199066.359336067],[53870.62102550111,7199061.095865768],[53879.1838326102,7199056.259779037],[53880.72846845444,7199055.365980427],[53884.81529886776,7199053.172411356],[53892.27903656283,7199049.222069912],[53902.07027336274,7199043.765940942],[53912.20242139697,7199037.956886044],[53921.67884486809,7199032.408378888],[53930.561124188185,7199027.044931432],[53938.84557626315,7199021.837434936],[53947.251778501144,7199016.17281354],[53949.60743275168,7199014.508574465],[53956.80826834217,7199006.640355516],[53962.34800799907,7198996.168646285],[53966.58157272148,7198985.028601233],[53967.58709986776,7198981.904677253],[53969.44288450718,7198974.893457575],[53970.02677823242,7198969.872715999],[53970.84469718358,7198957.99087471],[53970.828402198385,7198946.233190646],[53970.2658048179,7198934.646714574],[53970.21246156609,7198922.683779184],[53972.60622453969,7198910.983830796],[53977.73133531626,7198900.117471833],[53984.001697574626,7198890.335512792],[53991.498667399224,7198880.64571744],[53999.434453431284,7198871.216202746],[54007.38860883453,7198861.780628165],[54015.30917900585,7198852.4227977],[54022.95927506575,7198843.459085733],[54030.621679309115,7198834.400705941],[54037.90563301428,7198825.2811763175],[54044.246310768125,7198814.7992600575],[54048.10373840068,7198803.051475316],[54050.58766540926,7198791.108717944],[54053.10965651221,7198779.077588376],[54055.073678292276,7198769.80310294],[54057.50560438732,7198757.633499149],[54059.878459940024,7198745.570454992],[54062.086505320214,7198734.096943211],[54064.352564820205,7198722.426430077],[54066.6926073762,7198710.246683583],[54069.10989434185,7198698.312054943],[54072.95855410624,7198686.648279665],[54078.0009840664,7198675.480190583],[54082.897514836804,7198664.631703144],[54087.69551336707,7198653.3414755035],[54091.03320970276,7198645.047309285],[54094.65918695455,7198636.253542135],[54099.494420990755,7198624.914897181],[54106.223669390485,7198614.608852161],[54115.67339879845,7198606.766009375],[54126.510902349255,7198601.6938679535],[54138.32419557322,7198598.619465277],[54150.38497256272,7198596.717854887],[54156.88321574795,7198595.710749071],[54162.56706907431,7198594.836789714],[54170.93013657554,7198593.5871675145],[54174.707744266896,7198593.010989509],[54186.981243297865,7198591.154024566],[54199.21500734321,7198589.240093474],[54206.557338244806,7198588.22463198],[54210.274271835806,7198587.727074237],[54211.49450560351,7198587.562009303],[54223.36843171605,7198585.931830162],[54235.65844830184,7198584.512964967],[54247.54144514777,7198584.764171681],[54259.31996031717,7198586.50040986],[54270.91526686156,7198588.404960113],[54283.06415463856,7198590.44961528],[54295.154689774616,7198592.5639692275],[54306.33248501539,7198594.499018028],[54317.76042762416,7198596.465305781],[54329.782940844714,7198598.532400137],[54341.81703380833,7198600.63118574],[54354.057988498476,7198602.230666664],[54366.38705866999,7198602.491716005],[54378.56741175422,7198601.478375411],[54390.820849434705,7198600.046834647],[54403.06574629352,7198598.378211532],[54414.651211885735,7198594.139989117],[54425.09637757763,7198587.700026986],[54435.27217365248,7198580.6450882815],[54441.451007956464,7198576.290373167],[54451.52559476724,7198569.10058438],[54460.49329904723,7198561.291391912],[54462.18557502335,7198559.431045553],[54466.96157815558,7198553.851739281],[54474.421248023806,7198544.235506833],[54481.4273374168,7198534.48768501],[54488.390502182534,7198524.75799202],[54495.444739463914,7198515.01042253],[54502.58093241934,7198505.157045659],[54503.00109190791,7198504.578048895],[54509.70914593799,7198495.303403437],[54516.8566336878,7198485.422407002],[54524.00497267209,7198475.521445026],[54531.12766428548,7198465.589425126],[54538.21165287867,7198455.581268581],[54545.329575597774,7198445.5544604],[54552.49980645452,7198435.567360384],[54559.70644827193,7198425.599785481],[54566.71655010147,7198415.895276615],[54571.69645054266,7198408.96691356],[54578.757517306134,7198399.067165787],[54585.70178974973,7198389.199102868],[54592.3775316535,7198379.682359522],[54598.76429800637,7198370.548914317],[54605.28532463504,7198361.193659309],[54611.84130431799,7198351.843998535],[54618.688364140864,7198342.062014993],[54625.823968977784,7198332.065311028],[54633.14304752502,7198322.093761689],[54640.521279182576,7198312.190134129],[54647.94910913368,7198302.276701137],[54655.26866478857,7198292.788735248],[54662.48631512141,7198284.344408657],[54670.06216754927,7198276.29840146],[54677.772370283725,7198268.144093692],[54684.90238848346,7198260.466433352],[54692.484209928196,7198252.37952133],[54700.79215749173,7198244.317228022],[54709.5486757615,7198236.78851079],[54710.374503870844,7198236.087172772],[54719.673079996486,7198228.058218301],[54728.97964453173,7198219.964328172],[54737.97990157892,7198212.032256642],[54746.52736940101,7198204.153104936],[54755.23255110538,7198196.002268912],[54764.17151118233,7198187.625128281],[54773.052749448805,7198179.194212696],[54781.96169087873,7198170.615047778],[54790.944943532755,7198162.100414965],[54799.55406085227,7198153.875087942],[54807.79819495982,7198145.826972147],[54810.02596248116,7198143.659621237],[54812.14586540841,7198141.614881238],[54820.971622379846,7198133.54762677],[54830.44298211002,7198126.476360567],[54834.848882015096,7198123.652265465],[54845.25991658261,7198118.489855634],[54855.80012759194,7198115.326521715],[54856.92457829736,7198115.059846236],[54868.88111676142,7198112.189665277],[54880.82802903751,7198109.3110495955],[54892.20052592701,7198104.765513128],[54901.77149630524,7198097.081864416],[54909.973392949905,7198088.072828358],[54911.11856874055,7198086.803924369],[54919.37420307158,7198077.693145193],[54925.80333017191,7198067.613628832],[54928.68589420046,7198057.030213699],[54928.7941399336,7198055.888380203],[54930.05359241919,7198043.693435939],[54931.32796444028,7198031.499316903],[54932.725540163636,7198019.311481968],[54932.72747511958,7198019.289555103],[54934.16755686083,7198007.025488181],[54935.76818323968,7197994.716403484],[54937.51966779202,7197982.530465687],[54940.922051581554,7197970.687290406],[54946.85222495638,7197959.943484574],[54953.828980910126,7197949.80217039],[54960.610892252356,7197939.8178044455],[54967.37313816196,7197929.960956122],[54975.01194369327,7197920.5795981325],[54983.6160632589,7197911.772170749],[54992.40917238366,7197903.134790715],[55001.34062240907,7197894.613920803],[55010.3422635317,7197886.181435829],[55017.112230811326,7197879.91419097],[55019.20457388903,7197877.992580667],[55019.49963634607,7197877.7208734155],[55020.743147892645,7197876.586817842],[55021.94079940935,7197875.492899077],[55022.279634474195,7197875.183096289],[55024.35152437893,7197873.29368598],[55028.39392689383,7197869.624585247],[55036.20207042224,7197860.201809049],[55040.67121377977,7197848.866931457],[55042.88885879121,7197836.755119997],[55044.83253943536,7197824.602844879],[55046.78580149036,7197812.460104065],[55048.750034902594,7197800.342936592],[55050.38468068896,7197789.915290352],[55050.64995554049,7197788.203768382],[55052.631648294686,7197776.053191226],[55054.750577788334,7197763.908915961],[55056.853323534015,7197751.789874038],[55058.90338104847,7197739.703635936],[55060.895542915445,7197727.587612067],[55062.81573458359,7197715.467438394],[55064.189330504916,7197706.748566322],[55064.66696643585,7197703.833783234],[55066.73110571463,7197691.81342647],[55068.884812501434,7197679.833118232],[55071.13651312108,7197667.995648276],[55072.161875525664,7197655.874515528],[55071.99416982295,7197643.517463427],[55071.753461889224,7197631.15400576],[55071.49383825541,7197618.855896022],[55071.20444458205,7197606.860452995],[55070.82706323301,7197594.593333978],[55070.44634909689,7197583.340117851],[55070.05211159866,7197571.0239074025],[55069.66543435928,7197559.0512442775],[55069.62007953145,7197557.535503917],[55069.34408403246,7197546.475658745],[55069.065477350785,7197534.217903195],[55068.79101568309,7197522.027477627],[55068.515003906796,7197510.003596439],[55068.266085659445,7197498.027921488],[55067.98752338177,7197486.173439043],[55067.68235625373,7197474.400044173],[55067.314821479435,7197462.472323881],[55066.975304198044,7197450.56785091],[55066.698783666536,7197438.737535314],[55066.61531396466,7197427.052303893],[55067.26489646023,7197415.394909155],[55069.3614139437,7197403.774119566],[55073.94517376972,7197392.724247975],[55080.95005425415,7197382.758893354],[55088.03077378083,7197373.408888003],[55095.446629810554,7197363.6094601685],[55102.80359432346,7197353.755110811],[55109.80646721629,7197344.330340864],[55117.04022359906,7197334.539895931],[55125.222434831085,7197325.52407083],[55135.22407442017,7197318.619023778],[55146.05352096644,7197312.940975051],[55156.86126894562,7197307.298966041],[55167.57745754515,7197301.7291216515],[55178.09880855959,7197296.301006114],[55187.61225581437,7197291.447619396],[55188.71675497672,7197290.8862862345],[55199.356028291804,7197285.513578345],[55209.93166810466,7197280.147095688],[55220.45273675717,7197274.879542145],[55230.978624484094,7197269.640128816],[55241.093529324455,7197264.617174281],[55251.67786786333,7197259.304262266],[55262.427907126956,7197253.832208971],[55273.16931261041,7197247.767006454],[55283.64767120406,7197241.192341121],[55294.076164072554,7197234.610583809],[55304.50039236958,7197227.989363205],[55314.86835863738,7197221.282429082],[55325.26062087354,7197214.591727422],[55335.63044810598,7197207.999237848],[55345.74735690141,7197201.653186574],[55355.42956393678,7197195.0269174],[55363.856509075966,7197187.129580278],[55370.63714214496,7197177.64986286],[55376.56250538479,7197167.374287656],[55382.39637123316,7197156.991407473],[55388.18113821966,7197146.520056576],[55393.928338135534,7197135.968833737],[55399.54810675775,7197125.349660166],[55405.331076696515,7197114.671669019],[55410.55894984462,7197103.686730857],[55414.490140324866,7197092.068982537],[55417.72478924628,7197080.189383615],[55419.97472590546,7197068.61385799],[55419.48665254924,7197056.580376048],[55416.86568977113,7197045.491728026],[55415.37971705629,7197040.371380467],[55413.47751732031,7197035.140024681],[55412.431923013704,7197032.615525501],[55410.76806288655,7197028.174243102],[55407.148097979836,7197017.060998845],[55405.65469407354,7197012.42075341],[55401.818713607616,7197000.888452707],[55401.67706713255,7197000.470739627],[55400.458690850995,7196988.928408492],[55403.78368125128,7196978.033813702],[55409.25018786732,7196968.395950597],[55411.544363478315,7196964.140967578],[55415.45944299258,7196956.799080931],[55421.10398786701,7196946.57222704],[55426.95543764526,7196936.35763265],[55432.82666560047,7196926.127917914],[55437.18445138261,7196915.105092227],[55440.261673959205,7196903.227527058],[55443.51658323419,7196891.498200664],[55446.74605530023,7196879.624431001],[55449.05219046405,7196867.58084975],[55450.347720995895,7196855.502966203],[55451.27137798944,7196843.350299466],[55452.1501685027,7196831.033113073],[55453.06533308595,7196818.893049816],[55454.00347977894,7196806.797169704],[55454.88439032127,7196794.593448911],[55455.69911908492,7196782.32046482],[55457.070165540674,7196770.123677697],[55460.277346445306,7196758.432429919],[55464.8022698625,7196746.929655705],[55469.26663520018,7196735.726089587],[55473.86125844717,7196724.2804768905],[55478.4415098711,7196712.817286463],[55482.875185804034,7196701.695672382],[55487.27892625355,7196690.768320998],[55491.87146802776,7196679.369840242],[55496.403423204145,7196667.888397412],[55500.955198161304,7196656.458030142],[55505.52222692047,7196645.201979382],[55510.093630968535,7196633.960066425],[55514.72865794797,7196622.619737206],[55519.343328388466,7196611.241197402],[55523.96848509443,7196599.829239486],[55528.62803634594,7196588.387649984],[55533.24177731207,7196577.009189479],[55537.669028153,7196565.492084996],[55540.321461573185,7196553.444923632],[55540.25754977664,7196541.707529213],[55539.223938109295,7196530.61067051],[55538.23055815179,7196519.178614888],[55537.60264066298,7196511.028084956],[55536.59540921269,7196499.075795284],[55536.198257519514,7196494.396491495],[55535.31990949181,7196482.366705273],[55535.1896432988,7196470.185867233],[55536.3843965024,7196458.318242351],[55538.321977365005,7196446.397573238],[55540.35813203995,7196434.200494863],[55542.39436845807,7196422.025409845],[55544.37063013995,7196409.825580625],[55546.269644686836,7196397.665521191],[55548.1445078908,7196385.466127019],[55550.01888630353,7196373.253833629],[55551.18291565095,7196360.933391158],[55551.509939756244,7196348.643675415],[55551.51058420405,7196336.339317157],[55551.58074707526,7196324.052020926],[55551.72498203133,7196311.766165799],[55551.870471176924,7196299.543435816],[55552.08714731113,7196287.611927381],[55552.20783354482,7196275.942808146],[55553.575435698614,7196264.406961903],[55557.76283407933,7196253.342431294],[55563.273852083774,7196242.556083994],[55568.72563685849,7196231.526221078],[55574.46781762666,7196220.707951022],[55581.05628543958,7196210.569620255],[55588.11623234983,7196200.54378242],[55595.024326802755,7196190.345566389],[55600.81475212012,7196181.901860584],[55607.80457071366,7196171.714330693],[55614.68147614086,7196161.563949697],[55621.475686582155,7196151.336540734],[55628.324297181214,7196141.27818389],[55635.311309229815,7196131.291134569],[55642.27986993379,7196121.155872289],[55649.16952802817,7196110.990908976],[55655.32471715688,7196101.790207505],[55662.10842195607,7196091.729814425],[55668.973281394865,7196081.734399965],[55674.51625021192,7196071.043711801],[55676.588697615836,7196064.462747445],[55677.30338149326,7196059.149038669],[55678.649598189164,7196046.972325753],[55679.987421710626,7196034.802111225],[55681.33811395988,7196022.569236817],[55683.166972541774,7196010.389989443],[55685.98984369624,7195998.369549216],[55689.08590241673,7195986.454734931],[55692.105227653636,7195974.591702447],[55695.123775725195,7195962.614249274],[55698.05202315177,7195950.637597151],[55700.87059723312,7195938.713418607],[55704.60183521896,7195927.038659662],[55710.47434192721,7195916.491215366],[55717.836917391105,7195906.587272799],[55725.37831393018,7195896.851704947],[55733.084914858744,7195887.238082758],[55734.22746570775,7195885.851783316],[55742.52949055476,7195876.983128121],[55751.03345067846,7195868.938991589],[55759.40026265284,7195860.530599663],[55766.70268856059,7195850.688188273],[55772.35560006631,7195839.917145381],[55776.65584431373,7195829.916077782],[55777.159082164115,7195828.760939755],[55780.844104154094,7195817.714269608],[55783.83807773504,7195806.084742862],[55786.813809696876,7195794.637980474],[55789.810711059836,7195783.523216843],[55792.83925148775,7195772.600413039],[55795.882852944196,7195761.808826701],[55798.97192491201,7195750.853698463],[55801.92690882814,7195740.073075749],[55802.49245773355,7195737.997944208],[55804.73406134342,7195729.476501522],[55807.314187794924,7195718.755388036],[55810.954811563424,7195707.424710423],[55815.6079676972,7195695.974897898],[55821.164760868065,7195684.952902541],[55827.2873538151,7195674.422562344],[55833.61255669844,7195663.9606461935],[55840.039411635196,7195653.490082368],[55846.28059429844,7195643.000406623],[55852.12644236942,7195632.53591292],[55859.01685208484,7195623.024206262],[55867.592830783746,7195615.543053405],[55876.40319006145,7195609.188910274],[55885.841044455825,7195602.890971495],[55896.180706361076,7195597.063873138],[55906.44755425729,7195591.650745416],[55917.13059277105,7195585.995540955],[55927.84043246781,7195580.2099359445],[55938.56011752947,7195574.3396851905],[55948.81823285011,7195568.675463748],[55959.553024508816,7195562.756718406],[55970.38939127198,7195556.880627615],[55981.25507106993,7195550.978729004],[55991.712317111145,7195545.233077349],[56002.554286812956,7195539.231871424],[56013.38769394782,7195533.3094533235],[56024.25452017685,7195527.377577737],[56035.122797298594,7195521.416644456],[56045.60428499128,7195515.666093381],[56056.4677275804,7195509.747079931],[56067.23580474808,7195503.915102452],[56078.09804232762,7195498.041237898],[56088.86992404534,7195492.194267283],[56099.64564030111,7195486.328646407],[56110.36971001775,7195480.427444135],[56121.09555714176,7195474.484200796],[56131.88857021899,7195468.592140503],[56142.7350903303,7195462.733709771],[56153.554571891436,7195456.852835763],[56164.349637215724,7195450.90973338],[56175.13262407109,7195444.903809285],[56185.93117865786,7195438.884730069],[56187.16986794543,7195438.194824295],[56197.95041496825,7195432.197912464],[56208.80433921068,7195426.2413924765],[56219.60745453043,7195420.414024791],[56230.26080475608,7195414.5227464065],[56239.92782756308,7195407.025462867],[56245.041130688565,7195401.31322455],[56245.64429273544,7195400.522653817],[56252.2815950216,7195391.869327777],[56259.3758492014,7195382.511243576],[56266.31704266294,7195373.189434871],[56273.368121514155,7195363.765176136],[56276.83223310427,7195359.170694102],[56280.534831624595,7195354.244875865],[56287.74791475525,7195344.67434459],[56295.01829241932,7195335.013181788],[56302.302629870945,7195325.286505144],[56309.60254524433,7195315.5494548865],[56316.856706382765,7195305.846325597],[56324.042746418505,7195296.163386928],[56331.1428814776,7195286.427418867],[56338.21078063542,7195276.695052567],[56346.278886082175,7195267.609330426],[56355.60546450643,7195260.235175369],[56365.511974232504,7195253.349449243],[56375.12081640534,7195246.390172608],[56384.5496743152,7195239.463062723],[56394.166072501685,7195232.583434237],[56403.92454243463,7195225.598856962],[56413.61440307391,7195218.646224093],[56423.611215106386,7195211.714458852],[56433.49633722281,7195204.770683444],[56434.917650822434,7195203.7429210115],[56444.7975437977,7195196.577175986],[56454.76067104039,7195189.370072401],[56464.7016561717,7195182.028515908],[56473.851000679366,7195173.819834527],[56482.29154735687,7195164.859150364],[56489.52689810295,7195154.972869417],[56494.780103593424,7195143.832898968],[56499.28063079255,7195132.3204297675],[56503.08847685164,7195120.572931985],[56504.69133888534,7195108.603403064],[56502.990128586534,7195096.699430017],[56498.93973807496,7195085.215727769],[56494.5935366046,7195073.842126788],[56492.16746804584,7195062.218611782],[56492.414939948416,7195050.633633921],[56493.662537458295,7195039.633206803],[56494.89382190857,7195028.972093452],[56496.97673361341,7195018.176626293],[56499.77406972024,7195007.623901071],[56503.32202175318,7194997.981481692],[56507.85990617663,7194989.125743674],[56511.109089148056,7194983.396211728],[56515.458783356065,7194976.614476472],[56516.38457058015,7194975.496440401],[56518.961492885544,7194972.253463499],[56526.46548319375,7194962.527621238],[56533.789336199,7194952.949227212],[56535.74521315901,7194950.445815374],[56544.224458174256,7194942.326580469],[56545.11884635122,7194941.708622779],[56554.83534004039,7194936.175742134],[56562.487587397685,7194932.58561775],[56572.861909699976,7194926.431095321],[56582.47741883615,7194919.234498078],[56592.022102485585,7194911.916285284],[56601.197234269,7194904.0059450865],[56610.09190567711,7194895.591260318],[56618.96722735767,7194887.208920573],[56627.6975920673,7194879.012613475],[56636.33522590861,7194870.918650318],[56645.02614768373,7194862.818883954],[56653.35092722811,7194855.05780481],[56661.42603008787,7194847.474205822],[56669.60871251329,7194839.815065753],[56676.9847445052,7194830.729566335],[56682.330436257354,7194819.763423226],[56686.57402165409,7194808.164073578],[56690.69780843408,7194796.575443782],[56691.11227142386,7194795.387273449],[56694.73108586774,7194784.969621076],[56698.76734382153,7194773.365117913],[56702.94430948509,7194761.819884782],[56706.10195914743,7194749.874956093],[56706.77697450906,7194737.728429647],[56706.049699201365,7194725.738693347],[56705.28217954002,7194713.815380731],[56704.28330127103,7194701.684990993],[56701.97231342638,7194690.40471709],[56698.61056961067,7194679.06722562],[56695.31508009788,7194667.7998811845],[56692.00841639377,7194656.7558461055],[56688.85465066205,7194645.904199704],[56687.847491151595,7194634.674244421],[56690.59211826493,7194623.128107956],[56696.256117452285,7194612.268510709],[56704.26661446958,7194603.037960509],[56713.208478485,7194594.599481428],[56718.23192232917,7194589.391857786],[56721.394899120554,7194585.360717235],[56728.17230915342,7194575.15090649],[56734.227303076885,7194564.588702039],[56740.26557158417,7194554.062041469],[56745.70292104466,7194543.000733147],[56748.03287056944,7194537.120665344],[56749.916481640306,7194531.467255675],[56751.8079779353,7194519.999235105],[56751.064672316774,7194508.745981837],[56749.47531072982,7194497.818079239],[56747.899807015725,7194486.8465399705],[56746.32175238553,7194475.41856236],[56744.77456749434,7194463.862545174],[56743.44402823987,7194452.460698628],[56742.77146923164,7194442.516634826],[56743.22050712665,7194432.6151244845],[56743.11826090637,7194420.777775007],[56742.33228249126,7194408.867514733],[56742.19558977394,7194405.9204316735],[56741.676304890134,7194394.748397645],[56741.24244912126,7194383.440900928],[56741.65012350498,7194371.733827354],[56742.81256062392,7194359.769592421],[56744.055165532685,7194347.694711128],[56745.28797633044,7194335.63827721],[56746.42476319603,7194323.508493785],[56747.61093156377,7194311.507278481],[56750.4218584965,7194299.846710404],[56754.555823803414,7194288.638700297],[56758.66356090002,7194277.518898994],[56764.69121841475,7194267.050873989],[56773.43203471345,7194258.5361489225],[56783.28998012253,7194251.325490139],[56793.26270130754,7194244.262315037],[56803.01898344484,7194237.419248752],[56813.06754160131,7194230.339565249],[56823.37756911205,7194223.585445762],[56834.59212768491,7194218.647386287],[56846.41877569829,7194215.58262614],[56858.35838400363,7194212.864974542],[56870.35583435767,7194210.174981727],[56881.99473595794,7194207.63034147],[56893.99837897241,7194205.027938719],[56906.00698641711,7194202.424800939],[56918.054887094244,7194199.839271439],[56929.574609683244,7194195.591097146],[56939.74981271004,7194188.6203434],[56948.97420268634,7194180.41419154],[56958.17519827455,7194172.173059163],[56967.32395819563,7194163.865234008],[56976.39149816998,7194155.623037299],[56985.45709017321,7194147.448964242],[56994.185102560325,7194139.577760164],[57002.98064131994,7194131.049510222],[57010.47656608175,7194121.279399689],[57016.829830887495,7194110.753820317],[57022.93447331636,7194100.091679117],[57028.97702874639,7194089.450707566],[57034.925662924536,7194078.976238415],[57040.804472766176,7194068.764465772],[57046.820529534016,7194058.329971688],[57052.953238042304,7194047.645091105],[57055.50024906208,7194043.215163759],[57061.61989836267,7194032.463437354],[57067.67588918866,7194021.700843328],[57073.52622185822,7194011.475689512],[57079.610007341544,7194000.895925674],[57085.77902950684,7193990.1614771765],[57091.91927836818,7193979.420639636],[57098.03835031908,7193968.68188134],[57104.0144814268,7193958.111346191],[57109.94246400759,7193947.4051760305],[57115.79214344546,7193936.547053278],[57121.103941066365,7193925.377936381],[57123.94482396776,7193913.363721342],[57124.5583515428,7193901.160347009],[57123.33019923419,7193889.292594153],[57120.77670891938,7193877.295315448],[57117.75039579102,7193865.9537493065],[57112.83750001155,7193854.784619154],[57106.637682805886,7193844.464340696],[57100.11560050171,7193834.442659449],[57093.76565582567,7193824.651420366],[57087.32445289707,7193814.94935767],[57083.632072455715,7193809.446154983],[57080.837010869174,7193805.27220271],[57073.572125526785,7193795.9325452745],[57064.81831255078,7193787.850018003],[57056.4024864065,7193781.045696843],[57055.569808325265,7193780.443577891],[57045.41611148813,7193773.67062998],[57034.58836863132,7193767.882507663],[57023.0567897695,7193763.361881731],[57011.42678158614,7193759.6243251255],[56999.824524898955,7193755.871899108],[56988.16327948152,7193752.138957307],[56976.660503576044,7193748.40710585],[56965.18954712816,7193744.613428857],[56953.64192977402,7193740.741142759],[56942.32659529289,7193735.936234973],[56932.02976066701,7193729.201903746],[56922.894418502576,7193720.972995821],[56913.863270253816,7193712.566142298],[56905.68816213723,7193703.747184882],[56898.988072768785,7193693.668311922],[56893.87092172599,7193683.139939815],[56889.098859929014,7193672.543615831],[56884.308626256476,7193661.996668825],[56879.2200057219,7193651.682130504],[56873.593121921935,7193641.962391093],[56867.88748985849,7193632.813914593],[56862.33666474762,7193623.814795595],[56856.22296406806,7193613.789271032],[56849.765118441894,7193603.5427367985],[56843.69857191702,7193593.404026987],[56837.54786039918,7193582.997661231],[56831.661440363445,7193573.227151858],[56825.40990705573,7193562.91863786],[56819.26875990571,7193553.014240058],[56813.40809666057,7193542.7593348585],[56812.831627154315,7193541.658182269],[56808.47549886012,7193530.531841416],[56804.72486028052,7193519.081568945],[56800.980059512425,7193507.659695894],[56797.323719435546,7193496.206634655],[56792.87711869768,7193484.999007817],[56785.63415726536,7193475.237810113],[56776.232476020756,7193467.284753877],[56766.23398152139,7193460.04917223],[56756.81166490627,7193452.312768061],[56748.54960104555,7193443.334428989],[56741.172366667364,7193434.3727580905],[56733.50828663132,7193425.032027884],[56727.44822391338,7193414.815369697],[56722.754917965794,7193403.919666503],[56718.00214069034,7193393.006121264],[56713.23745400499,7193382.224678104],[56708.46787675435,7193371.552244941],[56703.79100068938,7193360.805670882],[56699.03018623573,7193349.62207808],[56694.49606461474,7193338.510802468],[56690.20482672029,7193327.305006402],[56686.36085740832,7193316.012193814],[56682.357019212446,7193304.59261538],[56677.863827606314,7193293.171256576],[56673.51163484907,7193282.119263655],[56667.094754938036,7193271.941679757],[56659.046406476,7193262.646873256],[56651.11500785331,7193253.317259325],[56644.50546802388,7193245.534374443],[56636.48123624863,7193236.127391907],[56628.41383275733,7193226.808608804],[56620.922500603076,7193216.992229395],[56614.67782224709,7193206.422005359],[56608.6041846117,7193195.7071392005],[56602.56303944439,7193185.026767762],[56596.511493551196,7193174.352935219],[56590.413782459684,7193163.615938731],[56584.26886805432,7193152.9209201615],[56578.089385711704,7193142.218317274],[56573.47076454369,7193130.797208663],[56571.14396581979,7193121.663687456],[56568.25286968023,7193109.812658776],[56565.366783339414,7193097.898598702],[56562.24872673885,7193086.189695744],[56560.21955129743,7193078.85318519],[56556.30442408635,7193068.075507468],[56551.70482151554,7193058.197222324],[56547.12173750007,7193048.488959501],[56542.43353722774,7193038.643735804],[56536.47877888562,7193029.032465762],[56528.7477176658,7193020.1562485825],[56522.10596336902,7193013.20451011],[56520.428132942936,7193011.429906808],[56512.117852674855,7193002.583805596],[56504.01414338552,7192993.985615915],[56496.18285619852,7192985.802989918],[56488.89321073762,7192978.333778261],[56480.93856362102,7192970.639085364],[56471.85048695316,7192963.078098724],[56462.097131800256,7192955.766077748],[56452.819663900824,7192948.579893706],[56451.86559243145,7192947.800800592],[56443.09806648764,7192939.82286476],[56434.22376208077,7192931.2313372865],[56426.43357781018,7192921.996135591],[56419.41823412292,7192912.303212492],[56412.09708211897,7192902.562450597],[56404.71500455489,7192892.682624614],[56397.32377535029,7192882.759176612],[56389.92602564319,7192872.871603106],[56382.540101879335,7192863.011512309],[56376.800813421956,7192855.394145842],[56370.944100671855,7192845.500451563],[56366.25931781315,7192834.997193303],[56361.16194938455,7192824.006991529],[56355.653976709815,7192813.361549327],[56352.51047067187,7192807.226953919],[56349.44331051572,7192800.870969411],[56345.452155361185,7192792.590590724],[56340.49850678159,7192782.73639532],[56335.4793310712,7192772.910358172],[56330.294014474784,7192762.630372528],[56324.94570584962,7192752.113447595],[56319.46457487112,7192741.406001696],[56313.959170169954,7192730.547039749],[56308.388113158406,7192719.606722973],[56302.78163992328,7192708.537512891],[56298.261715130124,7192697.311402347],[56295.69264810858,7192686.336371247],[56294.13697302801,7192675.08686048],[56292.641025725636,7192663.354415813],[56291.19901517191,7192651.740696679],[56290.84699145699,7192648.968295008],[56289.27220544632,7192636.914389062],[56287.59194354946,7192624.774376091],[56285.66903635976,7192612.587495282],[56283.69906309957,7192600.735472355],[56281.740270879935,7192589.371494308],[56279.066323281964,7192578.449971561],[56274.00241016917,7192567.657719261],[56266.428470515006,7192557.896607658],[56257.23220730666,7192549.749865514],[56247.34172433941,7192542.387667349],[56237.47026674857,7192535.180575627],[56227.64432383579,7192528.170223543],[56217.707306412456,7192521.038586177],[56207.833698472066,7192513.790413859],[56197.98009851226,7192506.434716264],[56187.784558118496,7192499.453906661],[56177.248063211504,7192492.986512616],[56166.748528356606,7192486.6782585345],[56156.39680349978,7192480.250142319],[56146.35713090625,7192473.32851908],[56137.355167862785,7192465.434302721],[56128.95658978511,7192457.037525787],[56120.50438975147,7192448.562007293],[56112.14662311121,7192440.106809182],[56103.99260850088,7192431.647658411],[56095.81459980295,7192423.340977179],[56087.56956504786,7192415.2549836],[56079.00495605444,7192408.457666712],[56070.16886792303,7192402.926177928],[56061.31655730284,7192397.397034869],[56052.812621087534,7192392.131261861],[56044.42989786586,7192386.890913849],[56035.61124323355,7192381.192710597],[56031.1358845316,7192378.319549722],[56021.05485369149,7192371.759177048],[56019.055932734394,7192369.385260791],[56016.46851070551,7192357.632958097],[56016.46222868102,7192349.52345444],[56016.4987374816,7192337.734275082],[56016.63618135196,7192325.9516444],[56016.984039423754,7192314.265801709],[56017.55495974835,7192302.816659823],[56017.943742985604,7192295.783170065],[56018.17018652288,7192291.407628849],[56018.937648029765,7192279.759611019],[56020.27643884288,7192268.100222232],[56022.4568666984,7192256.258785773],[56025.53521727945,7192244.505931075],[56030.63080260996,7192233.514513684],[56037.074572546,7192223.351100733],[56043.49274234922,7192213.2658083085],[56049.59279736795,7192203.762993263],[56053.80923938757,7192193.741379163],[56055.374568077386,7192181.750162778],[56056.0951310792,7192170.14013991],[56055.885743871564,7192158.488459805],[56053.57702082209,7192146.652276607],[56050.07230635302,7192134.80064716],[56046.05297970155,7192123.350090031],[56042.215532976435,7192112.855675157],[56038.694345491065,7192102.823825445],[56035.19854773971,7192092.649761181],[56032.75416994764,7192081.714373],[56032.1832908091,7192076.887722513],[56031.94699746964,7192064.941941503],[56032.820494217274,7192052.742102146],[56033.808086154866,7192040.526144686],[56034.91188113042,7192028.291362059],[56036.01565430354,7192016.078680365],[56036.90766292758,7192004.336921845],[56036.37593759189,7191992.179262539],[56034.28569677309,7191980.325835169],[56030.82377881097,7191968.7709157],[56025.71680766152,7191957.53047681],[56019.35693570133,7191947.070365026],[56012.24728530232,7191937.9839229975],[56004.89628755266,7191928.909729696],[55997.17847257428,7191919.517119942],[55988.849889017816,7191910.946888782],[55979.753286207444,7191903.039248476],[55970.59173211444,7191895.038385732],[55961.43267912115,7191887.047704026],[55952.17135489819,7191879.033316225],[55942.7948329685,7191871.081092162],[55933.404482350976,7191863.190376912],[55924.17835127126,7191855.331058841],[55916.3026100038,7191848.452321269],[55909.45786805276,7191842.336942125],[55901.625338821614,7191833.441813327],[55895.95341446088,7191823.188006794],[55892.30024143122,7191812.185250703],[55890.25929283246,7191800.553635247],[55888.96843882342,7191788.436092435],[55887.564422271855,7191776.178096248],[55886.16536579374,7191764.369626707],[55884.7656493581,7191752.149865547],[55883.329234736564,7191739.901349065],[55881.76114777097,7191727.703242237],[55878.216738093004,7191715.886743846],[55872.34985833324,7191705.192888662],[55865.210770674574,7191695.779159763],[55857.899282408296,7191686.741796663],[55851.67470948363,7191677.360006096],[55847.31342352473,7191667.048665291],[55843.92905844189,7191656.404043268],[55840.67258480715,7191646.221666168],[55838.091286050214,7191636.906093811],[55836.64737294213,7191630.409197634],[55835.60915875435,7191626.096318654],[55832.919655957725,7191614.2539140675],[55830.80124553526,7191602.804414516],[55830.538068056165,7191601.361119078],[55828.72026796354,7191590.434763195],[55826.89243556379,7191580.133809077],[55824.8166802575,7191569.85777045],[55821.62890853529,7191559.6413300065],[55816.835759008594,7191549.477203031],[55810.961669483164,7191539.345708336],[55803.819496334414,7191529.665932257],[55795.43079240329,7191520.714688579],[55786.311023779155,7191513.527108366],[55775.766114440106,7191507.314055254],[55764.46438979992,7191502.898464333],[55752.24711501895,7191501.269784733],[55739.89292619494,7191500.994110194],[55727.56527159386,7191500.7738325205],[55715.252171516186,7191500.632435171],[55704.56267382618,7191500.522736427],[55702.95644445956,7191500.5059273075],[55690.71771206253,7191500.404946174],[55678.47684864467,7191500.28589125],[55666.17829168576,7191500.220452897],[55653.85779812711,7191500.2201402765],[55641.558487388014,7191499.816575462],[55629.54793196183,7191497.178924583],[55618.10893938475,7191492.470347555],[55607.113268346875,7191486.823686454],[55596.32304397761,7191480.73298785],[55586.17173920106,7191474.197347634],[55575.9811645858,7191467.197374577],[55565.8439816538,7191460.078650009],[55555.90437504038,7191453.11815327],[55545.85430504376,7191446.137562425],[55535.785333009786,7191439.10913572],[55526.51016305853,7191432.609810652],[55516.3728234751,7191425.607318565],[55506.33778343629,7191418.716816032],[55496.14671721496,7191411.724858892],[55485.99956047651,7191404.71790465],[55475.987039967265,7191397.659854965],[55466.69430941122,7191390.367342596],[55458.31125581777,7191381.916808902],[55451.23186838953,7191372.647019732],[55445.315374379104,7191363.595890075],[55439.920090084895,7191354.467010669],[55434.363319205004,7191344.485149869],[55428.774705331656,7191334.364402371],[55423.103235416755,7191324.078426821],[55417.325326722756,7191313.436634838],[55411.59240093065,7191302.509000458],[55405.14458477852,7191292.086859418],[55397.01666937751,7191283.316722535],[55388.36274939717,7191276.071890106],[55379.59115006431,7191269.2148878],[55370.25800408283,7191262.239480732],[55360.41848571447,7191255.082739571],[55350.82883949351,7191248.080738332],[55340.774206531525,7191241.089911209],[55339.1905908279,7191240.031792035],[55329.60366588255,7191233.727125549],[55319.49671678647,7191227.6146266665],[55309.89502023923,7191222.17609263],[55299.56824340817,7191216.283439956],[55288.9711205872,7191210.116955852],[55278.51359651366,7191203.877440035],[55268.307659448066,7191197.465747267],[55258.121676131384,7191190.829242874],[55249.03054641327,7191183.268641654],[55241.68499655381,7191174.006004648],[55235.920118092676,7191163.18715552],[55230.78013352264,7191152.167711341],[55225.57396900194,7191141.126084797],[55220.58480064897,7191129.874716016],[55215.768219522026,7191118.468447542],[55210.889458737394,7191107.126648597],[55206.00648944458,7191096.013278611],[55201.02038347308,7191085.094969556],[55196.45220071083,7191075.440282445],[55191.77940753184,7191065.790020677],[55185.98307980702,7191056.341078616],[55178.370002497104,7191047.498697944],[55169.49631616223,7191038.982936468],[55160.09989474778,7191031.159927279],[55150.13964261598,7191023.810179454],[55139.92194826796,7191016.8530793],[55129.69212902902,7191009.966872408],[55119.56702699349,7191003.317798216],[55108.91240695171,7190997.111574717],[55097.565517423034,7190992.3569554165],[55085.968766196864,7190988.189929025],[55074.33686661214,7190983.9992942605],[55062.71452094562,7190979.751876591],[55051.26828520157,7190975.4260827955],[55039.930932733056,7190971.018913152],[55029.850698979164,7190964.217527686],[55023.941329509194,7190953.533591609],[55021.5062223078,7190945.47637616],[55018.633257335576,7190933.499186147],[55016.3882540238,7190921.432914579],[55014.12922134431,7190909.388168693],[55011.84246544581,7190897.4463507235],[55010.21749753313,7190889.734452346],[55009.01555452112,7190885.692030091],[55004.86789963988,7190874.46824234],[55000.004667649395,7190863.520332668],[54995.126068946556,7190852.80237183],[54990.21749905328,7190842.346974356],[54985.15674722212,7190831.732160404],[54979.85228824959,7190820.801521922],[54974.359548120934,7190809.753143681],[54968.81207288173,7190798.873769667],[54963.36211560562,7190788.525398815],[54958.049222648144,7190778.653695572],[54952.614609872224,7190768.611032014],[54946.85286143317,7190758.214575777],[54939.656131390715,7190748.299437987],[54930.83286794083,7190740.088662854],[54921.78822883108,7190732.699771956],[54912.136132861895,7190724.942480197],[54902.38500963175,7190717.335285321],[54892.53054244991,7190709.975115519],[54882.974878738925,7190702.9072597185],[54873.42823757132,7190695.283144863],[54864.0667139836,7190687.5769589],[54855.27461136703,7190680.483246027],[54846.10475047043,7190673.180887407],[54836.72696248896,7190665.768906506],[54827.53218348243,7190658.530791595],[54817.850770626974,7190650.866404053],[54808.27667773317,7190643.225994194],[54799.558978657355,7190636.286078159],[54790.24848266126,7190628.763661332],[54780.92431496893,7190621.163593223],[54771.346266489185,7190613.521907838],[54761.66859839315,7190605.910903472],[54752.750820851594,7190598.890691487],[54743.127756988804,7190591.268148865],[54733.59053620207,7190583.635332217],[54724.2574923464,7190576.256495543],[54714.60979336407,7190568.68997702],[54704.950866042636,7190561.151955102],[54695.29637670331,7190553.605185881],[54685.04726644792,7190546.720783652],[54674.083438537666,7190541.056321006],[54662.88649930677,7190535.756536169],[54651.818322795385,7190530.58295243],[54640.77968593937,7190525.48686014],[54629.90023772261,7190520.424126007],[54619.22423960705,7190515.408432747],[54608.08630818798,7190510.223724047],[54597.09981587791,7190505.150973974],[54587.73669000412,7190500.855434457],[54585.933033792826,7190500.027152638],[54575.06965463853,7190494.202542415],[54565.35739096062,7190486.577887616],[54556.91075889487,7190477.666885123],[54548.87916185759,7190468.671210902],[54540.84709010663,7190459.553008378],[54534.33952528634,7190449.524217291],[54529.01953547256,7190438.871675171],[54523.965413930186,7190428.822912291],[54518.729010119045,7190418.679702311],[54514.06091212598,7190407.474632515],[54511.849393003504,7190395.735701358],[54511.02081397985,7190383.42292051],[54510.23349712964,7190372.138199715],[54509.47063430183,7190359.904673468],[54508.819056037464,7190347.785453148],[54508.154701632215,7190335.704682424],[54507.470643390436,7190324.063635688],[54506.67306065984,7190311.8244040385],[54505.786674690375,7190299.548134164],[54504.97193026892,7190287.30922166],[54504.35572204052,7190275.36309972],[54503.80330015556,7190263.472067926],[54503.223992365645,7190251.30792252],[54502.43674481078,7190238.991950036],[54501.63057414448,7190226.808629695],[54500.21582082007,7190215.1757033095],[54497.6969396114,7190203.8695120625],[54494.46738794079,7190192.798126239],[54491.42486925615,7190181.985940468],[54488.4181533028,7190171.223585479],[54485.31229470804,7190160.190942751],[54483.659615154786,7190149.632692077],[54483.65097866749,7190148.442665842],[54484.49994020461,7190136.796064409],[54486.20883286942,7190125.302444856],[54487.88017368305,7190114.061923269],[54489.36820697208,7190102.931506656],[54490.75892249821,7190091.505985661],[54491.26722905465,7190079.896195152],[54490.98474773875,7190068.383389518],[54490.70620239008,7190057.114504049],[54490.31736968784,7190045.603951303],[54489.91991594632,7190033.634520678],[54489.557781959884,7190021.616612767],[54489.14844476583,7190009.48807434],[54488.724672869896,7189997.231664637],[54488.24848965561,7189984.872559713],[54487.53523517767,7189972.653210148],[54485.56219303544,7189960.49665246],[54482.29882617085,7189948.639333596],[54478.51004915807,7189936.976081992],[54474.632887670596,7189925.290797359],[54470.74008500652,7189913.687958598],[54466.88726362097,7189902.334896501],[54464.2185077414,7189894.747541042],[54460.427939133486,7189883.526595121],[54460.24454556574,7189882.941532965],[54457.002427678206,7189872.373270862],[54456.921188070264,7189872.104798709],[54453.39673299325,7189861.705333561],[54450.434195120004,7189852.999356484],[54450.10423266451,7189852.08268261],[54446.58294007229,7189841.902007598],[54443.274338109826,7189831.339754586],[54440.17259834148,7189820.907079672],[54436.790435396775,7189810.241093906],[54433.27123211406,7189800.013388054],[54429.12536868465,7189788.84074036],[54423.432362638065,7189778.322778977],[54416.24316597177,7189769.09082407],[54408.28960956546,7189759.877858849],[54399.15033693024,7189751.645863287],[54389.620603985735,7189744.918090574],[54379.72565144184,7189737.9240905],[54369.8105609839,7189730.953293387],[54359.9215725009,7189723.959583656],[54349.97591734561,7189716.955324202],[54339.93591589411,7189709.8836222105],[54329.275065994996,7189703.72385432],[54318.12963037792,7189698.618922954],[54307.060263095016,7189693.60657624],[54295.98480164743,7189688.4585159365],[54284.89436250186,7189683.223538983],[54274.04235403839,7189677.436454857],[54264.39093089459,7189670.244835826],[54255.92554261768,7189661.350765822],[54250.32714440278,7189650.7126578335],[54247.44112891448,7189639.654748243],[54245.752739789605,7189629.203298638],[54244.70079884579,7189618.3169006575],[54244.08268149401,7189607.444990106],[54244.07808715373,7189606.450680956],[54244.0535249128,7189596.188315115],[54244.041303855425,7189585.358696807],[54243.96054520836,7189573.734457961],[54243.78732827632,7189562.000864009],[54243.87496401678,7189550.354105527],[54244.69049799204,7189539.4323002435],[54246.35932850593,7189529.727408631],[54248.497029385646,7189518.985366822],[54250.72327704652,7189506.963218474],[54252.81786036474,7189494.991351513],[54254.80907663575,7189483.354923114],[54256.70872703835,7189471.904939827],[54258.505711690465,7189460.955019002],[54260.39811848226,7189449.284995085],[54262.339244849456,7189437.557942741],[54264.319920009584,7189425.621174689],[54266.262249364285,7189413.711568972],[54269.19757270912,7189401.763456373],[54273.00809995708,7189390.49264444],[54276.89120960352,7189378.858828809],[54278.69539826462,7189373.419604126],[54282.615056598734,7189361.888736522],[54286.58408954309,7189350.710364325],[54289.42008011148,7189339.316514001],[54290.289497309306,7189333.428811394],[54291.065740806516,7189327.581225881],[54292.23391960998,7189315.666068612],[54293.46608074271,7189303.464814065],[54296.716043704364,7189291.724494647],[54299.181134547165,7189285.842359094],[54301.19291079254,7189280.406348788],[54305.28862249333,7189269.132326087],[54309.486211977026,7189257.844686216],[54313.763856402074,7189246.337010708],[54317.30543013156,7189234.826488744],[54319.127917090664,7189222.883480918],[54319.27826823556,7189216.769030765],[54318.809852743056,7189211.20540099],[54315.98316945904,7189200.124023061],[54310.57514774433,7189190.052212397],[54304.34403770388,7189180.727808988],[54297.92479499517,7189171.081070468],[54291.576119005564,7189161.561948962],[54285.221148992016,7189151.712302056],[54279.389985901886,7189141.546256101],[54275.814558295766,7189130.852545124],[54273.990769340075,7189120.269645769],[54272.42034299951,7189109.962813644],[54272.96108881093,7189099.19916619],[54276.1585807699,7189088.110408092],[54279.87109595974,7189077.12812884],[54283.798315533844,7189065.873633182],[54287.759240052605,7189054.920578599],[54289.61572271207,7189045.552221997],[54289.13195440709,7189034.5028307475],[54288.71626690385,7189031.584994289],[54288.69942790241,7189031.468815822],[54285.056524389714,7189020.001618301],[54279.24206261517,7189009.821230371],[54276.51965374354,7189005.462592613],[54270.41593111085,7188995.225074021],[54265.0822794062,7188984.256712371],[54261.08162321069,7188973.094405254],[54257.30719399842,7188961.894168201],[54253.527618954016,7188950.654551647],[54249.717094114865,7188939.368480466],[54245.849596685206,7188928.053751193],[54241.903127841884,7188916.5337048285],[54238.05630248267,7188905.293070905],[54234.060322068166,7188893.735725688],[54230.07256282499,7188882.308154172],[54226.11197298084,7188870.764527479],[54222.10605604219,7188859.160641197],[54217.97808685119,7188847.570254503],[54213.89801949082,7188836.32220595],[54209.79141377227,7188824.858138565],[54205.650632519566,7188813.174022793],[54201.59773381986,7188801.56390064],[54197.54122755409,7188789.904564662],[54193.46480754303,7188778.328643305],[54189.38043130183,7188766.728131817],[54185.28917413659,7188755.125390248],[54181.17735111219,7188743.488755089],[54177.04674103152,7188731.956341338],[54172.91125315591,7188720.312585195],[54171.36534438393,7188715.913393166],[54167.2941502037,7188704.242443393],[54163.34374322696,7188692.60881607],[54159.38897664234,7188681.073446821],[54155.327754807135,7188669.763009569],[54151.21754118032,7188658.4693821985],[54147.12547597126,7188646.996980904],[54143.085217676475,7188635.532958854],[54138.938381905435,7188623.871477094],[54134.83792197035,7188612.251292391],[54130.8235265268,7188600.702043043],[54126.752673708426,7188589.157360662],[54122.66289267887,7188577.544630225],[54118.59700775205,7188565.868937108],[54114.52540027024,7188554.20782339],[54110.43778806826,7188542.661352612],[54106.37832849461,7188531.197447014],[54102.341811612656,7188519.805826779],[54098.30155927938,7188508.454064118],[54094.34408008744,7188497.202449836],[54090.51241903333,7188486.073736582],[54086.684301256144,7188475.066645729],[54082.874445604044,7188464.1907729935],[54078.90251903102,7188453.01363976],[54075.05035675067,7188441.226053476],[54072.573202489,7188429.622572472],[54071.44897081959,7188418.540331589],[54070.61610216979,7188407.181201324],[54069.67970194726,7188395.426236558],[54068.62481362349,7188383.336916497],[54067.46531714435,7188371.209806219],[54066.09819487692,7188359.038156517],[54065.25940932706,7188352.522128848],[54064.55920482072,7188346.985311268],[54062.64743584441,7188334.901551585],[54059.54494126112,7188322.972105278],[54055.58500262286,7188311.283996321],[54051.67736407078,7188300.127853982],[54047.79346847965,7188288.645626245],[54047.01567721623,7188286.242211409],[54044.62876863778,7188278.680551086],[54041.04021042044,7188267.3008570485],[54037.45402043784,7188255.688775806],[54033.8400308704,7188244.069217093],[54030.264385391085,7188232.580876667],[54026.7229159539,7188221.112104903],[54023.19883280434,7188209.679227069],[54019.67562817893,7188198.341782852],[54016.14837955928,7188187.026082512],[54012.545911990805,7188175.666012136],[54007.95353629149,7188164.546211569],[54002.508943815425,7188153.616935814],[53996.94611149293,7188142.726382915],[53990.10169620282,7188132.499581113],[53980.84294385271,7188124.364254],[53970.52144992241,7188117.5755550545],[53960.200043230725,7188110.808840515],[53950.190776594856,7188103.637970513],[53941.466448531195,7188094.969892012],[53933.393725762086,7188085.913701023],[53925.58610114583,7188076.961707066],[53917.79411489895,7188067.751660784],[53913.979918696976,7188063.110198414],[53909.967630296946,7188058.213036547],[53909.413346361194,7188057.533013981],[53903.05340552458,7188048.022282314],[53896.99306882423,7188037.265761031],[53890.836975594226,7188026.609460914],[53883.80898605846,7188016.514875865],[53875.60560213181,7188007.59735221],[53867.177910658764,7187999.31767858],[53859.58790575428,7187990.859992885],[53854.50546894147,7187981.780695541],[53851.697297815,7187972.012181196],[53849.783906815515,7187961.950713463],[53848.04863176419,7187951.856061011],[53846.024022323196,7187941.661284117],[53843.63877133158,7187930.559442844],[53842.21844142664,7187924.2388740955],[53841.06984106894,7187919.190494841],[53838.38735594874,7187907.539663121],[53838.294316269865,7187907.13206705],[53834.03678904561,7187896.129677437],[53829.283840607095,7187887.712263224],[53823.27694371028,7187877.019432013],[53817.29783679731,7187866.2406639075],[53811.33162031486,7187855.402231615],[53805.37438518822,7187844.561094085],[53799.49836213852,7187833.681553007],[53793.669129156275,7187822.782124741],[53787.94751622493,7187811.945574938],[53782.16398419626,7187801.03810332],[53776.40058668255,7187790.147622729],[53770.67987048242,7187779.382284147],[53764.85753222258,7187768.443967145],[53759.068685309496,7187757.585393568],[53759.06226518296,7187757.572074432],[53753.29915483447,7187746.610391669],[53747.61731046316,7187735.6481818035],[53741.88393425505,7187724.739901593],[53736.1840215096,7187713.933466563],[53732.24104753492,7187706.401106962],[53726.59312917106,7187695.442562415],[53721.05778718967,7187684.412781021],[53716.441661942285,7187673.487489471],[53712.50798511383,7187662.5547566125],[53712.46972592332,7187662.448749328],[53708.34422057407,7187651.36392321],[53704.097428187495,7187639.94464034],[53699.843375550874,7187628.373506051],[53695.56201846246,7187616.78613482],[53691.29334340891,7187605.227393041],[53686.99491548701,7187593.662329068],[53682.69995893905,7187582.108484238],[53678.40534454142,7187570.547650581],[53674.101392929384,7187558.949185138],[53669.88823964755,7187547.561429016],[53665.65727278427,7187536.014473637],[53662.426533709746,7187527.118713952],[53658.22876267781,7187515.548087893],[53653.977588965674,7187503.957025994],[53649.74632833089,7187492.325749607],[53645.4877451419,7187480.721329855],[53641.1619968235,7187469.118896998],[53636.858578693355,7187457.573625345],[53632.70486461249,7187446.337093785],[53628.433358100185,7187434.75522431],[53624.19323286408,7187423.277021027],[53619.89601758536,7187411.685850679],[53615.588555936236,7187400.163421307],[53611.284663910104,7187388.655324279],[53606.97991464968,7187377.051788502],[53602.68784998765,7187365.501095213],[53598.49804168596,7187354.065196957],[53594.20946395531,7187342.437421501],[53589.891319319664,7187330.843314145],[53585.61380186328,7187319.2810971625],[53581.35273048788,7187307.776956836],[53576.9908293077,7187296.21892806],[53572.62228727422,7187284.675780941],[53567.39236416953,7187273.524295693],[53561.41833302588,7187262.8157931585],[53555.43892243743,7187252.047797034],[53549.399962151074,7187241.265267214],[53543.33275877341,7187230.552544761],[53537.355080997746,7187219.857897368],[53531.355337687186,7187209.0288974065],[53525.43657828134,7187198.183479894],[53517.95018755557,7187188.4241969595],[53509.75455194019,7187180.427650064],[53508.744459687965,7187179.44534361],[53500.519266176794,7187170.968992183],[53492.28254550812,7187161.877155356],[53484.05326409638,7187152.710587563],[53475.83446232078,7187143.490159588],[53467.60915323009,7187134.259401003],[53459.40743473923,7187125.035750087],[53451.15436596668,7187115.796835223],[53446.332861270406,7187110.446830206],[53442.97229158069,7187106.6052551465],[53434.99998045928,7187097.1690696515],[53426.74956140062,7187087.915227234],[53418.44765751681,7187078.735192909],[53410.35160228348,7187069.394946215],[53402.384883370716,7187059.98924035],[53394.40929693449,7187050.534918187],[53386.46071088844,7187041.036726074],[53378.4506004586,7187031.638109647],[53370.472723426064,7187022.1656976715],[53362.53230550076,7187012.6899701785],[53354.57877064322,7187003.235791383],[53346.89411549538,7186994.138632152],[53338.93861080217,7186984.75046014],[53331.747318422305,7186976.327658222],[53323.674317152705,7186967.053521866],[53315.620121381944,7186957.854530657],[53308.92316914501,7186947.60607482],[53303.95721235266,7186936.296702551],[53299.02302991378,7186924.972833533],[53294.01698713831,7186913.664787104],[53288.910579793446,7186902.398271916],[53283.77043534472,7186891.172504179],[53278.59339131857,7186879.939952465],[53273.339452168904,7186868.744158568],[53268.13272058265,7186857.570478151],[53262.94875472644,7186846.334575061],[53257.767250128905,7186835.112966828],[53252.5139937941,7186823.925177371],[53247.25486954965,7186812.732079815],[53241.99108331406,7186801.533825324],[53238.6854446177,7186794.551536059],[53232.37678581814,7186783.880203992],[53225.244571844756,7186773.786582481],[53218.15363712696,7186763.665783195],[53211.05898208427,7186753.538856675],[53204.119280837534,7186743.5592453275],[53200.04390043643,7186737.746329106],[53194.09719158453,7186726.919513407],[53190.577681872004,7186715.100380641],[53188.329903775884,7186703.267339524],[53186.08305092016,7186691.321704207],[53185.722171292,7186689.353338209],[53184.936002184055,7186677.028111174],[53185.67859308276,7186664.682310323],[53186.44359585614,7186652.375684572],[53187.23904563894,7186640.503794668],[53188.05542974541,7186628.281623891],[53186.93124334572,7186616.001465268],[53184.14265735756,7186603.96738998],[53181.32647774881,7186591.968270427],[53178.396625370544,7186579.976919538],[53175.32710373815,7186568.034678664],[53172.66408637498,7186558.117966602],[53172.1424584706,7186556.198453754],[53168.90016987745,7186544.305552685],[53165.689013123105,7186532.365814421],[53162.553105588886,7186520.472671356],[53159.420650009066,7186508.527549899],[53157.774006259686,7186502.175623873],[53154.718089098984,7186490.290023582],[53150.863805496774,7186479.110919055],[53146.07165229233,7186467.775218314],[53141.26147989469,7186456.484008743],[53136.38772545272,7186445.111488683],[53131.49372320302,7186433.744289337],[53126.518406750285,7186422.42236325],[53123.221091076324,7186414.968025923],[53118.36382089608,7186403.829063924],[53114.06374549237,7186394.001254159],[53113.32802633039,7186392.336069716],[53112.35583092249,7186390.129443479],[53107.37235294585,7186378.811341751],[53103.67359220993,7186370.4670844525],[53102.368171090086,7186367.5062091425],[53097.90215801989,7186357.328777539],[53093.56188789831,7186347.524275171],[53089.52796444972,7186335.812468702],[53086.806882751756,7186323.929863984],[53084.20612191211,7186312.094799761],[53081.75971891184,7186300.1061521135],[53079.337327708316,7186288.230037235],[53075.163197226764,7186277.048574052],[53069.44716196606,7186266.405692754],[53063.79586880165,7186255.682437139],[53058.1311764571,7186244.7890181355],[53052.406562894874,7186233.84384219],[53049.325275497395,7186227.988164306],[53045.17140660039,7186216.381296414],[53043.94170960155,7186204.104240962],[53045.56259259384,7186191.973463036],[53047.99336831027,7186180.23627312],[53050.30589927477,7186168.786593745],[53052.360749303945,7186158.739915931],[53054.13461684738,7186146.930109202],[53055.31314357498,7186134.8866847865],[53056.47193649702,7186122.790401335],[53057.581839089224,7186110.5774236135],[53058.63800794439,7186098.914892931],[53059.94730345823,7186086.707883716],[53061.239975059696,7186074.3788119145],[53062.393848894455,7186062.081663292],[53063.52865091094,7186049.784546493],[53064.58889123745,7186037.472064627],[53065.56030282966,7186025.3061257955],[53066.40850157628,7186014.092613136],[53067.28780647967,7186002.502278835],[53068.24793762225,7185991.278829342],[53069.30115737015,7185979.747484295],[53070.49531953619,7185968.050005171],[53071.74348731199,7185956.221484685],[53072.90809763898,7185944.399291412],[53073.27952291386,7185940.466480283],[53073.26284757914,7185928.50179496],[53072.19821267959,7185916.39072348],[53071.92475042172,7185912.970694415],[53071.42628438544,7185906.633280969],[53070.64493616071,7185894.381469969],[53068.95870293543,7185882.244380177],[53065.679345450364,7185870.372930741],[53061.92438064085,7185858.597165154],[53057.90747894009,7185846.888096054],[53053.86523106223,7185835.319349524],[53049.959818127856,7185823.611097563],[53046.416103781085,7185811.886113492],[53043.320428345585,7185800.127167702],[53040.469286941574,7185788.373137284],[53038.00733874581,7185776.418916386],[53037.31552481651,7185764.186178759],[53037.78659093368,7185751.836091017],[53038.270987812604,7185739.482670484],[53038.87884122954,7185727.145909494],[53039.63801207597,7185714.8830473935],[53041.76014058973,7185702.784946393],[53046.00666472741,7185691.2478081845],[53051.38066950132,7185680.474585792],[53057.191822937166,7185670.106208187],[53063.27057886933,7185659.409863101],[53069.382208539755,7185648.719942225],[53075.441056419164,7185638.108899693],[53079.62233540247,7185630.701911103],[53085.52992183628,7185620.0179694835],[53090.05651732918,7185608.480263],[53093.303355239506,7185596.579199213],[53096.40881221421,7185584.696754865],[53099.36085882556,7185572.836639214],[53102.30173601757,7185561.024022672],[53105.24959201878,7185549.347253712],[53108.32508938492,7185537.776471842],[53111.48816515104,7185526.196609078],[53114.61288360908,7185514.468525532],[53117.70710432442,7185503.013989694],[53120.69212316477,7185491.202398179],[53123.601109450334,7185479.274097509],[53126.70671789325,7185467.455856558],[53129.950715735555,7185455.505495131],[53133.15560339729,7185443.623583533],[53133.47303099389,7185442.410944177],[53136.1923324478,7185431.709974677],[53139.119300758,7185420.05039328],[53143.268792618415,7185408.823791215],[53148.75331219076,7185397.823880332],[53154.15310812363,7185386.877350136],[53159.49482158973,7185375.729406459],[53165.53223890287,7185365.06032918],[53166.533640946844,7185363.584559027],[53166.53890926315,7185363.577848069],[53166.60873896803,7185363.47454522],[53172.24590335472,7185355.215227791],[53178.72637779842,7185345.558179496],[53185.0396159754,7185335.82947862],[53188.733160740696,7185330.189129155],[53194.98879657354,7185320.220155294],[53201.39641731535,7185310.219695739],[53208.155413831584,7185299.881059654],[53214.67607204878,7185289.554705815],[53220.848522689485,7185280.231933858],[53227.005999107554,7185269.748769803],[53232.098425886186,7185258.569750741],[53236.992924542225,7185247.571407461],[53242.20249304763,7185236.595209306],[53247.40142830956,7185225.701847273],[53252.3914788891,7185214.945479626],[53257.31669067207,7185204.136195575],[53263.61108977959,7185193.775646977],[53271.135958988394,7185184.184648736],[53278.53081179893,7185174.5617772015],[53285.671114447934,7185165.244425811],[53293.28202219965,7185155.656394223],[53300.42871832033,7185146.19786055],[53301.18562000914,7185145.116242161],[53307.55128012854,7185135.893510428],[53314.51347278239,7185125.720548648],[53321.59327103163,7185115.584929352],[53328.555655398464,7185105.8332540635],[53335.32772727433,7185096.360914351],[53341.768092620594,7185087.372237873],[53348.8939385353,7185077.285902506],[53355.82908627542,7185067.287296394],[53362.89924321027,7185057.212321712],[53370.16356973967,7185047.190342198],[53377.44643433869,7185037.3356914],[53384.15953704022,7185027.213735383],[53390.308353681525,7185017.057234829],[53396.06877084245,7185006.459087757],[53400.67455641314,7184995.638379283],[53404.70988088031,7184985.190322384],[53408.77512495621,7184975.122671094],[53413.31445051724,7184964.239884768],[53418.239472777524,7184953.033278769],[53423.30570469418,7184942.100822004],[53428.5592034235,7184931.019430885],[53433.468046555645,7184920.174257778],[53438.38971033343,7184908.93132949],[53443.50047703233,7184897.745115974],[53448.591884740046,7184886.788836407],[53449.001511410694,7184885.888255782],[53454.09136360191,7184874.787423529],[53459.227828188625,7184863.719795667],[53464.22854979028,7184852.504484652],[53469.14643521723,7184841.2374365525],[53473.90487039887,7184829.965195451],[53477.591873974015,7184818.226370381],[53479.00608273089,7184806.033315945],[53479.28826182883,7184794.030965468],[53479.463570705906,7184782.238645059],[53479.20199050626,7184776.813794886],[53477.479866216774,7184770.07218251],[53477.167427747685,7184768.921559768],[53473.97655447712,7184756.9877269305],[53470.15989501844,7184745.382831659],[53464.77255262877,7184734.262148985],[53458.73153368203,7184723.511235357],[53452.68959989905,7184712.691090885],[53446.64116943552,7184701.905823352],[53440.63119598408,7184691.0900648385],[53434.65141813812,7184680.270752407],[53428.626994294114,7184669.462389847],[53422.550775414216,7184658.691840028],[53416.55572656193,7184647.901883239],[53410.58444604179,7184637.049847707],[53405.72137118399,7184625.783071477],[53402.43972743506,7184613.903381849],[53399.693733207416,7184601.869132593],[53396.92766875267,7184589.856094452],[53394.12625392375,7184577.847431909],[53392.32212765078,7184565.749328753],[53391.821577274706,7184556.20675004],[53391.142724311794,7184543.890293514],[53390.60156356875,7184531.614181896],[53390.02094224916,7184519.320318716],[53389.20710448321,7184506.997814495],[53388.38763950305,7184494.729324052],[53387.615262861014,7184482.464843307],[53386.83687957155,7184470.086871967],[53386.06789945706,7184457.811507314],[53385.30981854367,7184445.475527997],[53384.78952549165,7184433.27052442],[53384.59640072659,7184420.905693753],[53384.668649308675,7184408.640213861],[53385.98730551294,7184396.411652906],[53389.968574227125,7184384.778383536],[53396.58629957546,7184374.5929869935],[53404.233289408556,7184365.387808594],[53411.49631440872,7184356.58169518],[53412.13316338608,7184355.80485557],[53419.981620094564,7184346.760205444],[53427.864184174454,7184337.981919566],[53435.872672805854,7184328.857287504],[53443.06780174724,7184319.419145153],[53448.249496728415,7184308.487001661],[53451.78228650562,7184296.633883827],[53455.17810369667,7184284.812861532],[53458.34184480604,7184273.247239815],[53459.18310994649,7184270.022692189],[53462.07084578875,7184258.549959928],[53464.2735347625,7184246.470547812],[53465.64206146984,7184234.227212789],[53466.75774789392,7184222.42684907],[53467.790247295285,7184210.203544712],[53468.800001255004,7184198.060452718],[53469.86285195395,7184185.810391001],[53470.57894784928,7184173.5055867955],[53470.18625750957,7184161.364593484],[53468.9724995601,7184149.145523534],[53467.64034866629,7184136.949281296],[53466.248071364476,7184124.7712522475],[53464.99788581033,7184113.18350448],[53464.73278776079,7184110.55934825],[53463.65060146677,7184100.42974649],[53462.43773221102,7184089.127685895],[53461.11609745561,7184076.852597515],[53459.7806749139,7184064.594820564],[53458.464534938044,7184052.37622525],[53457.13859619392,7184040.152082853],[53455.69841196248,7184028.284001116],[53454.156523447426,7184016.022127638],[53452.804596789414,7184003.751690857],[53451.54327070236,7183991.475271362],[53450.318701845885,7183979.674004741],[53448.994477463944,7183967.344621252],[53447.61907497811,7183955.1071649715],[53445.863731321995,7183942.884832271],[53443.45701239322,7183930.848744202],[53441.04589170404,7183919.199805198],[53438.68632666883,7183907.563131925],[53436.17676062533,7183895.474302564],[53433.61985607172,7183883.407554038],[53431.05577447981,7183871.32323838],[53428.460197682376,7183859.22754366],[53425.85926321027,7183847.159658413],[53423.33039578964,7183835.118271824],[53420.78544351674,7183823.1663142],[53418.28321147105,7183811.492116115],[53415.828121414816,7183799.371655696],[53413.44473837782,7183787.418850709],[53411.091354221455,7183775.38029787],[53408.6342009012,7183763.258764764],[53406.049665984465,7183751.163534705],[53403.55478601897,7183739.057403307],[53401.136572727,7183726.921389885],[53399.78663551336,7183719.869567413],[53399.11865034152,7183707.805464877],[53400.30320246902,7183695.52779001],[53401.49024421,7183683.260194238],[53402.70655669441,7183670.964916923],[53404.00386517058,7183658.679221682],[53405.324346226815,7183646.409625245],[53405.601394428464,7183643.866037929],[53406.378410498844,7183632.284196588],[53406.65632880409,7183620.044987146],[53406.94573347585,7183607.951771216],[53407.28760826675,7183595.782553244],[53407.577838885016,7183583.473668622],[53407.82211264613,7183571.199795911],[53408.16774642194,7183558.860211773],[53408.59301881469,7183546.489180002],[53408.96677440702,7183534.083779146],[53409.340717803105,7183521.739472322],[53409.93763503077,7183509.591737272],[53412.06568318431,7183497.947459532],[53415.466581555665,7183487.622285068],[53418.79708026262,7183477.817790972],[53422.297169119,7183467.807021849],[53425.919289548125,7183457.315387303],[53427.61034986557,7183452.307373016],[53431.22812073422,7183441.755283086],[53432.292122977495,7183438.622122465],[53436.30601844902,7183427.292405998],[53439.75712042325,7183416.121890189],[53442.52767707582,7183404.423137949],[53445.396573261125,7183392.703779014],[53448.30115672335,7183380.8335545845],[53450.79230108211,7183368.702996745],[53452.982182013744,7183356.53364521],[53455.001127936586,7183344.4199145865],[53456.87248200207,7183332.239406388],[53458.75001809903,7183320.076208669],[53460.604488402896,7183307.914909004],[53462.394925563014,7183295.749701118],[53464.2135954338,7183283.581878803],[53466.137803978054,7183271.431786079],[53467.41689233773,7183263.518159334],[53468.55816456146,7183256.392866582],[53470.49113491032,7183244.224961487],[53472.3668190249,7183232.217199363],[53473.63387907209,7183220.045568226],[53473.66952107637,7183207.687117813],[53472.9896122021,7183195.355609471],[53472.33143893228,7183183.053146638],[53471.682609423355,7183170.767099289],[53470.973176230735,7183158.492473636],[53470.17527921329,7183146.241892719],[53469.49844515382,7183133.930698685],[53468.943564435234,7183121.586688476],[53468.31919178157,7183109.2907900475],[53467.65765889094,7183097.020310778],[53466.96628199087,7183084.767608283],[53466.26152055286,7183072.544337304],[53465.33165288385,7183060.261703698],[53464.18350839341,7183047.990352344],[53462.79911727249,7183035.7094703745],[53461.1819966372,7183023.495256912],[53459.50794246141,7183011.321686737],[53458.08352012758,7182999.061905473],[53457.1226078482,7182986.733806539],[53456.35803325637,7182974.593062932],[53455.69758037652,7182962.297511516],[53455.14443137281,7182949.981873874],[53454.6355400536,7182937.639941797],[53454.07692259847,7182925.291800125],[53453.50422029616,7182913.0092751775],[53452.953750604414,7182900.87721087],[53452.51708731329,7182892.281373031],[53452.38875773072,7182890.096705544],[53451.679414363694,7182877.840174504],[53451.0605928374,7182865.558555933],[53450.8560814283,7182860.450126285],[53450.61635163444,7182853.475342317],[53450.60840576631,7182853.229171018],[53450.730549794214,7182840.953892011],[53451.48642213247,7182828.706040721],[53452.55497431377,7182816.535462165],[53453.729391481495,7182804.372739604],[53454.96155984636,7182792.199499918],[53456.20172325813,7182780.049739854],[53457.44485428149,7182767.944173034],[53458.73442158103,7182755.852814016],[53459.882892966445,7182744.448273536],[53461.13870221871,7182732.149757769],[53462.37365798687,7182719.82311377],[53463.6119002286,7182707.491692182],[53464.80907776102,7182695.448349402],[53466.07654275891,7182683.160329129],[53467.438084259105,7182670.855448397],[53468.8138695957,7182658.589360733],[53470.204653434805,7182646.3000036795],[53472.33227655996,7182634.225216173],[53475.104626168206,7182622.356156066],[53477.86826502101,7182610.569885675],[53480.84869826201,7182598.625784158],[53483.86178067996,7182586.779621803],[53486.91791170597,7182574.800832354],[53490.02934187016,7182562.8456534445],[53490.03414182871,7182562.825709749],[53493.07032281556,7182550.870247152],[53496.09273778915,7182538.906995771],[53499.17924909759,7182526.969758107],[53502.24970405275,7182515.296552303],[53505.40016472543,7182503.498724913],[53509.18829951924,7182491.751559368],[53513.55442590901,7182480.135703895],[53517.878419890534,7182468.585309075],[53522.17715423298,7182456.99353293],[53526.432905120775,7182445.401880583],[53530.6724310696,7182433.788362641],[53534.129415283736,7182421.887892981],[53536.197262700414,7182409.692051865],[53537.71767339547,7182397.53485418],[53539.298524929676,7182385.392330501],[53540.754269767785,7182373.2443093],[53541.78354789154,7182361.258690814],[53542.463336277055,7182349.498903276],[53543.17989634129,7182337.640599892],[53543.89364810428,7182325.5272997],[53544.490237632126,7182313.324464913],[53545.085508662916,7182301.082489882],[53545.669452378876,7182288.78082685],[53546.25422696414,7182276.43909549],[53546.85666831443,7182264.103061366],[53547.51098919747,7182251.799520375],[53548.12457273662,7182239.440976819],[53548.65708293277,7182227.099726569],[53549.065009651065,7182214.831299478],[53549.23918614071,7182202.830208244],[53549.361630200874,7182190.974116683],[53549.583490876306,7182179.428551494],[53549.68525782903,7182174.874890156],[53550.13938176754,7182163.003739211],[53549.63564367546,7182150.752386584],[53549.248583426815,7182147.407319763],[53547.10406432481,7182135.281716943],[53544.913979506295,7182124.300716842],[53542.50023435638,7182112.160039313],[53540.13115550362,7182100.029288656],[53537.80483269837,7182087.953717491],[53535.39249234629,7182075.847180579],[53533.0253304005,7182063.807899266],[53532.280040526064,7182059.997297231],[53529.86229409592,7182048.123266604],[53527.79984018323,7182038.521319118],[53525.73436168488,7182028.7376720365],[53524.74840384908,7182016.413387602],[53526.09451024269,7182004.584481487],[53528.339102383936,7181993.546314292],[53528.34296215797,7181993.527338929],[53530.439973477274,7181982.8466763105],[53531.541188292205,7181977.660764433],[53533.437398796435,7181969.14503812],[53535.695209412836,7181958.682204717],[53538.218765602855,7181946.90616475],[53540.780480855494,7181935.083746793],[53543.32985102135,7181923.180614974],[53545.90510679351,7181911.124070246],[53548.50795741798,7181899.056671081],[53551.255381281255,7181887.030960587],[53554.23013706057,7181875.039586959],[53557.61575947807,7181863.165965052],[53561.49605495215,7181851.468197487],[53565.340691595105,7181839.759690605],[53569.02265052486,7181828.013779373],[53572.669114936725,7181816.430957357],[53576.24995801604,7181805.055648716],[53579.80912353849,7181793.607201267],[53583.2804381256,7181782.237131309],[53586.720178817806,7181771.100254601],[53587.19523046678,7181769.529561549],[53590.80871458934,7181758.276182493],[53594.67599960347,7181746.825553674],[53598.58277719171,7181735.297491676],[53602.428663466126,7181723.6985394545],[53606.26328657573,7181712.013577936],[53609.99361476721,7181700.304040831],[53611.863545125874,7181694.445432449],[53615.68030684069,7181682.823962804],[53619.46665470285,7181671.119067284],[53622.95029035548,7181659.320014175],[53626.41408844682,7181647.425891965],[53628.57697319641,7181635.309748253],[53627.94022676011,7181623.004209897],[53626.03727001505,7181610.97372723],[53624.18151702528,7181598.7859863965],[53622.01904547156,7181586.724758385],[53619.64735273016,7181574.812615057],[53616.46726818447,7181562.916205356],[53612.502630840405,7181551.513252376],[53609.703585116484,7181543.429973821],[53606.645624612866,7181531.5411787145],[53605.473871701106,7181519.536586942],[53605.06215080718,7181507.560188814],[53604.614279562724,7181495.297250274],[53604.47132542054,7181492.098811494],[53603.70757131546,7181479.831685359],[53602.8453098539,7181467.993559334],[53601.980465047935,7181455.699963663],[53601.76586056355,7181452.423833856],[53600.93996988336,7181440.132867356],[53600.17752135405,7181427.793698506],[53599.491763923026,7181415.4658572525],[53598.795894054056,7181403.117686318],[53597.69218433963,7181391.1823284],[53595.10373375774,7181379.093901824],[53592.27207013179,7181367.057685293],[53589.393319660565,7181355.066548035],[53586.43438455957,7181343.139047068],[53583.45498125901,7181331.22363561],[53580.47981026251,7181319.432760626],[53577.52041918656,7181307.604423683],[53574.53601479146,7181295.755037343],[53571.60773864406,7181283.837878021],[53568.67080642673,7181271.914319815],[53565.70666301093,7181260.01451093],[53562.770255580544,7181248.278562335],[53559.83853718382,7181236.617073363],[53556.77080660779,7181224.720806497],[53553.676430140506,7181212.819207527],[53550.58052288444,7181200.948655011],[53547.561776250426,7181189.102662109],[53544.66027203662,7181177.258906132],[53542.15737637464,7181165.276703928],[53540.34747828421,7181153.117990077],[53540.161702338955,7181141.13965467],[53541.50780760788,7181129.315746098],[53543.729904766195,7181117.175144397],[53545.62651166326,7181107.538752567],[53547.944994058926,7181095.420576302],[53550.13672914839,7181083.552416002],[53552.288379720936,7181071.373481989],[53554.47277468385,7181059.265279066],[53556.61391635699,7181047.253376525],[53558.75770916627,7181035.092174346],[53560.943934819836,7181022.9258324895],[53563.11464920506,7181010.767859657],[53565.33183657302,7180998.646976933],[53567.514245057886,7180986.564809788],[53569.71143423399,7180974.532449767],[53571.93320462381,7180962.531230453],[53574.11535949784,7180950.544352556],[53575.56875299587,7180942.4399494],[53576.26616060082,7180938.559984698],[53578.3416283601,7180926.5812159125],[53580.356621941144,7180914.561669906],[53582.32399603794,7180902.954270631],[53584.50438456639,7180890.896028051],[53586.83173241891,7180878.780259414],[53589.23176967888,7180866.698788769],[53591.782340200676,7180854.61600103],[53594.42872391868,7180842.566726472],[53597.1138787652,7180830.525296425],[53599.80645428493,7180818.47600557],[53602.42033788591,7180806.614910694],[53605.00189715403,7180794.7793959],[53607.47491730907,7180782.771441048],[53609.98740383063,7180770.8655405035],[53612.16461218515,7180761.215838899],[53614.94824908528,7180749.348402851],[53617.73735949083,7180737.316544699],[53620.31307950354,7180725.389426064],[53622.72991610586,7180713.668824605],[53625.29825999442,7180701.8388681365],[53627.93870710506,7180689.966885582],[53630.56988400017,7180678.076379022],[53633.1638374083,7180666.23439177],[53635.7800462842,7180654.390369122],[53638.3414691331,7180642.577065123],[53640.78309338982,7180630.844628047],[53643.08381649334,7180619.075621394],[53644.85843462788,7180606.915900182],[53645.90765640896,7180594.58007648],[53646.700032833905,7180582.224480303],[53647.539463773544,7180570.0036231885],[53648.424529031385,7180557.660332799],[53649.346587149485,7180545.299614875],[53650.35024160496,7180533.038911192],[53651.1364688811,7180522.109682102],[53651.86449209135,7180510.069266902],[53652.583452417806,7180498.028438736],[53653.3405807449,7180485.8319410775],[53654.029632914695,7180473.4747913685],[53654.33293551649,7180461.464435276],[53653.11474271794,7180449.135725418],[53650.641623404925,7180437.073544051],[53648.27894115972,7180425.096564394],[53646.04602041462,7180413.157559431],[53644.582249662606,7180401.649463948],[53644.72194415715,7180390.085151995],[53646.51178242738,7180379.058622036],[53646.79298037983,7180377.826346137],[53649.03636416199,7180367.712140117],[53651.21176130761,7180357.546577042],[53651.216824285046,7180357.52175512],[53652.125272131816,7180352.855898851],[53652.13452829915,7180352.805115341],[53654.15717318287,7180341.466016738],[53655.58915551886,7180333.415883417],[53657.74013000465,7180322.078727033],[53660.30410669767,7180310.033710968],[53661.29327308963,7180297.74220217],[53660.13384681899,7180285.645914027],[53659.95723506197,7180284.331858564],[53658.49375619745,7180272.307077652],[53657.14814505383,7180260.289665138],[53655.877952558396,7180248.33674061],[53654.771965578664,7180236.477696105],[53653.766081115406,7180224.559786623],[53652.836618774396,7180212.546014875],[53652.0336734014,7180200.485809347],[53650.56805313483,7180188.350659911],[53648.79519422527,7180176.131414019],[53648.39557468804,7180163.938808039],[53647.96822670277,7180151.758162009],[53646.79573259456,7180139.507710216],[53645.629039700434,7180127.216466397],[53644.45295506064,7180114.934794141],[53643.24146186811,7180102.680708507],[53642.01123341749,7180090.528959167],[53640.60884727922,7180078.304388104],[53638.54251063411,7180066.276503987],[53635.73292488407,7180054.757878998],[53633.729462217656,7180047.212953737],[53630.78733278747,7180036.097756593],[53628.278215408034,7180026.126446871],[53627.983484447235,7180024.964506426],[53625.09928587795,7180013.388410203],[53623.57433338853,7180001.435088938],[53623.4397462983,7179989.3268304635],[53623.32287214708,7179977.4710669555],[53623.30384429736,7179975.977550801],[53623.18453464162,7179963.998196797],[53623.52882908884,7179952.79522378],[53623.63377171836,7179951.467776826],[53625.15663602989,7179939.397966154],[53626.946141659864,7179927.356254077],[53628.72431848588,7179915.587950448],[53630.53431262949,7179904.450914082],[53632.377550690086,7179892.730760947],[53634.3096480447,7179880.641153076],[53636.24630457244,7179869.074611399],[53638.13137631846,7179857.560886214],[53639.95620720886,7179845.78158671],[53641.84050603164,7179833.752141301],[53643.869128664664,7179821.634983659],[53645.93267873168,7179809.589518784],[53648.00532406545,7179797.54346849],[53650.04316938657,7179785.400628245],[53652.03353974124,7179773.220553166],[53654.08982949128,7179761.159741427],[53656.05330448918,7179748.951336397],[53657.81983037724,7179736.730038839],[53659.52693397144,7179724.469886633],[53659.92180148768,7179721.584578524],[53663.77991652739,7179709.965098854],[53668.98030079395,7179701.1497434825],[53673.904517037794,7179693.409555559],[53678.495394587284,7179686.656329634],[53684.20159581216,7179677.482631275],[53690.463349714526,7179666.818231287],[53696.68585232366,7179656.114758817],[53702.87957511563,7179645.424209947],[53708.984308760264,7179634.928176299],[53715.17572699126,7179624.224553076],[53721.060537255486,7179613.378542038],[53727.27486382931,7179603.146279771],[53734.386913204624,7179593.225482369],[53739.00578470231,7179586.941113461],[53746.41084881988,7179577.064394083],[53753.829325101455,7179567.202558231],[53761.24141381431,7179557.326290477],[53763.94585451303,7179553.699227646],[53765.60516662436,7179551.472807778],[53765.832598140114,7179551.166946645],[53766.810432348575,7179549.8578040805],[53767.54208689992,7179548.893549796],[53767.79501909111,7179548.557883017],[53768.077851351816,7179548.1814502375],[53769.7999618068,7179545.895478578],[53770.448285614024,7179545.043960296],[53771.10724546277,7179544.175913776],[53775.971969205886,7179537.870405192],[53783.48664619611,7179528.165262287],[53789.06487439334,7179521.049388804],[53796.02826527244,7179511.580227006],[53803.160505637934,7179501.680296956],[53810.42221212218,7179491.802226136],[53817.68708143779,7179482.031773403],[53824.71615111036,7179472.684967896],[53832.06398501701,7179462.921161668],[53839.39658758917,7179453.09353654],[53846.68992125796,7179443.336351907],[53853.84320060356,7179433.571834759],[53860.99149354384,7179423.762943996],[53868.25816194987,7179413.927338662],[53875.59536184493,7179403.999560503],[53882.88826465275,7179394.008550499],[53890.1762753877,7179384.103564968],[53897.542514121626,7179374.19629553],[53904.898637414444,7179364.250257127],[53912.12023925071,7179354.282187681],[53919.10310459114,7179344.335487818],[53926.029197046126,7179334.224734729],[53928.84643834323,7179330.100156055],[53934.63096860208,7179319.207666853],[53937.89981413487,7179307.397161769],[53938.532961378805,7179295.574299441],[53936.98221555253,7179284.442419251],[53933.65649571229,7179273.53954028],[53929.24817405385,7179262.462546907],[53928.05081329332,7179259.604740718],[53927.646061535226,7179258.636512477],[53924.61584377027,7179251.416520199],[53919.130091276544,7179240.582865585],[53911.721954707056,7179230.985800694],[53903.36063457886,7179222.055940841],[53895.49038176908,7179213.162310552],[53887.79769754881,7179204.354779737],[53884.940018137626,7179201.097130805],[53877.15546754544,7179192.2594306115],[53869.36571104941,7179182.7123745885],[53862.30941938254,7179172.585416142],[53855.70140251733,7179162.171609114],[53849.14125090215,7179151.695748643],[53842.58201458934,7179141.223023381],[53835.96745032002,7179130.7978756],[53831.85246602952,7179124.364622615],[53829.33055685309,7179120.446950384],[53823.26147806778,7179109.893019246],[53818.47850341379,7179098.560238335],[53814.58105919743,7179086.899311747],[53810.77484665392,7179075.173225431],[53807.02560326818,7179063.429597411],[53803.17589543562,7179051.6655153055],[53799.28505117248,7179040.082991131],[53795.292818975344,7179028.568281915],[53791.312254869845,7179017.12437669],[53787.30084411631,7179005.610689282],[53784.83624744014,7178998.442359973],[53782.311924194626,7178987.185358547],[53781.05684186111,7178975.167946667],[53779.79852627637,7178963.069123613],[53778.60010628239,7178951.01916663],[53777.4604482681,7178938.888642319],[53776.11679501069,7178926.657577978],[53774.55217137659,7178914.387495542],[53774.16934259556,7178911.372760231],[53772.42464345612,7178899.27105534],[53770.696836003975,7178887.192237157],[53769.256731493515,7178874.962953402],[53767.85787838756,7178862.685284239],[53766.49589512253,7178850.8145788135],[53765.39660992706,7178838.593427838],[53764.582914879196,7178826.442547211],[53763.73102722812,7178814.272733387],[53762.84976493119,7178802.064509821],[53762.42975772213,7178796.225263355],[53762.73191239167,7178784.070356114],[53764.28468140762,7178771.810287852],[53766.10312333086,7178759.57639919],[53768.11250107217,7178747.402186215],[53770.12325178366,7178735.220022121],[53772.01052530884,7178723.259880725],[53773.95551501843,7178711.089964572],[53775.980193988595,7178699.067760425],[53778.01046395197,7178687.007868059],[53780.02976347617,7178674.8141049575],[53782.05057274556,7178662.608285726],[53783.87225498259,7178651.057693197],[53785.82072471629,7178639.18866929],[53787.9708067897,7178627.077013065],[53790.39669155318,7178614.920456492],[53792.87184532115,7178604.0302877],[53795.68641692889,7178592.109154882],[53798.558233468735,7178580.273786949],[53801.466199145885,7178568.618556246],[53804.35642891552,7178556.732821207],[53805.78659616405,7178550.575702818],[53808.41682371858,7178538.493597129],[53810.843603604706,7178526.4064894365],[53812.95837923599,7178514.234013614],[53814.852317348064,7178502.015527124],[53816.81228887435,7178489.849111194],[53818.853870631836,7178477.760608654],[53820.52222863684,7178465.60813364],[53821.03855398949,7178453.39672309],[53820.71093388047,7178441.081108037],[53820.46557423868,7178428.699926116],[53820.317852632026,7178416.82369731],[53820.16903690493,7178407.17148302],[53820.0277406064,7178394.818092032],[53820.01580090914,7178382.441466088],[53820.138192201615,7178370.070871174],[53820.165061132866,7178367.448754261],[53820.28832845396,7178355.079187896],[53820.32329430146,7178342.729670158],[53820.217785958084,7178330.361920627],[53820.17930813681,7178326.653367512],[53819.94250460679,7178314.303678339],[53819.65060104511,7178302.021793129],[53819.28058367269,7178289.666109065],[53818.73852187581,7178277.325683428],[53818.00505819637,7178265.066956909],[53817.0668748169,7178252.744873328],[53815.96631879016,7178240.462583244],[53814.72982388543,7178228.147106357],[53813.471897363255,7178215.8847831],[53812.18245338375,7178203.609080016],[53810.84854268702,7178191.32123157],[53809.45220608788,7178179.036633197],[53808.886243103945,7178174.077629604],[53807.61135160562,7178161.792412488],[53807.123774709704,7178149.464459355],[53807.35263140488,7178137.178042514],[53807.72347126226,7178124.858593827],[53808.26595164806,7178112.536090853],[53808.83516114997,7178100.624990929],[53809.397009290406,7178088.272144902],[53809.95238484844,7178075.953181364],[53810.445396491676,7178063.617367044],[53810.96996121708,7178051.2698312495],[53811.635794839065,7178038.925781814],[53812.39544737118,7178026.592856126],[53812.67507901008,7178021.615716764],[53813.32010737399,7178009.266642072],[53813.96696311678,7177997.011037545],[53814.7543996952,7177984.818874017],[53815.561417473014,7177972.680676364],[53816.337740541145,7177960.646527283],[53817.10136825178,7177948.560641],[53817.78521113936,7177936.463209968],[53818.442110606295,7177924.387539029],[53818.520710435696,7177923.02167297],[53818.60346456099,7177910.750710057],[53817.41103483591,7177898.616622654],[53815.34037039027,7177886.449153468],[53813.13860318612,7177874.384939596],[53810.84325834352,7177862.326824173],[53808.49731241702,7177850.256135987],[53806.18111219647,7177838.215982316],[53803.88401066442,7177826.132480355],[53801.61231832276,7177814.2398637235],[53799.348724854295,7177802.146813253],[53797.08591945906,7177790.124094642],[53794.70790856163,7177777.987909015],[53792.28010013915,7177765.842287167],[53789.81478212745,7177753.950873239],[53789.02298661269,7177750.265630068],[53786.398110634706,7177738.130207231],[53784.05298892129,7177727.5554153705],[53782.360022180364,7177715.510254446],[53781.970130862785,7177707.0258783195],[53781.35841608432,7177694.807726801],[53780.74068861565,7177682.543169466],[53780.2068875893,7177670.577409528],[53779.727710785286,7177658.264822998],[53779.254061728774,7177645.89844054],[53778.71120515728,7177633.508869482],[53778.39708269574,7177627.192761011],[53777.76816548454,7177614.93471439],[53777.094181711785,7177602.715816343],[53776.3244379033,7177590.441411728],[53775.32059003721,7177578.1112202],[53774.152898406435,7177565.8288792595],[53772.87710292317,7177553.943006029],[53771.44488138455,7177541.679834263],[53770.0946222553,7177529.399290508],[53769.50023518957,7177523.492901336],[53768.135157722165,7177511.251736302],[53766.62186479743,7177499.004074132],[53765.055530617596,7177486.820062654],[53763.39670477115,7177474.664066091],[53761.82362102921,7177462.610223321],[53760.28411009302,7177450.789634276],[53758.767899528844,7177438.98714802],[53757.46443366603,7177426.91341358],[53757.78299549146,7177414.68794589],[53759.71159580775,7177402.552255401],[53761.893107795506,7177390.349803161],[53764.02449264086,7177378.431906004],[53766.14182017214,7177366.360930709],[53768.267804444185,7177354.275249764],[53770.40451462328,7177342.1309486],[53772.56921568257,7177329.966699714],[53774.72750360955,7177317.80723525],[53776.9226770277,7177305.65744197],[53779.01166682312,7177293.592297799],[53780.984791813185,7177281.871938039],[53782.938737930264,7177270.064415771],[53784.84488012665,7177258.181438541],[53786.24365266028,7177248.898010634],[53786.68711119663,7177236.752568787],[53785.08061382617,7177224.6590674855],[53782.67920929979,7177212.577825174],[53780.22299362923,7177200.66480141],[53777.69695101812,7177188.562851117],[53775.178300781525,7177176.523677932],[53772.72335456242,7177164.424983682],[53771.569178779144,7177158.563566153],[53769.2844471187,7177146.764546428],[53768.37711919623,7177140.056567083],[53768.674204764655,7177134.446129452],[53769.3341543955,7177127.355348874],[53769.95946192037,7177115.046474399],[53769.96548991732,7177114.155008689],[53770.066969818494,7177102.674129456],[53770.173352288664,7177090.816443284],[53770.1788051108,7177090.320255071],[53770.19856005092,7177088.345763102],[53770.54842724005,7177076.029592102],[53771.13669674756,7177063.785346406],[53771.426592912816,7177057.49247929],[53771.96249291219,7177045.119312534],[53772.630175311,7177032.8947082665],[53772.78445112554,7177030.363689162],[53773.384745929856,7177019.388925482],[53773.92463843123,7177007.017113354],[53774.32339691062,7176996.863875402],[53774.6618527688,7176984.6665007025],[53774.682462871366,7176982.605958099],[53774.71507290518,7176970.584315232],[53773.17585311277,7176958.468829673],[53770.85198965459,7176948.537908335],[53770.36931578594,7176946.471689997],[53768.85977131553,7176940.216003662],[53767.92697315902,7176936.456179838],[53764.85158968042,7176924.4599570315],[53760.95087754249,7176912.702443922],[53756.34432324802,7176901.201952022],[53751.6248875864,7176889.757559078],[53746.77753701224,7176878.369541069],[53741.83528849628,7176867.018451005],[53736.878522436426,7176855.676647386],[53731.826820840244,7176844.369882077],[53726.74587523332,7176833.090682736],[53721.66540318221,7176821.800610685],[53716.54786410945,7176810.509631934],[53714.8350607453,7176806.71578769],[53709.63686456019,7176795.521632358],[53707.61996430007,7176791.195171891],[53702.10070382181,7176780.225326382],[53695.7454432245,7176769.865799824],[53689.43097398797,7176760.445168924],[53688.88857595908,7176759.617045585],[53682.2385826293,7176750.028831847],[53674.80978678446,7176740.182610532],[53673.551045151486,7176738.52966756],[53666.16303692659,7176728.7125669755],[53660.08523495961,7176718.026393298],[53656.46246719494,7176706.336512791],[53653.91264301428,7176694.38497624],[53651.27215106104,7176682.957106849],[53648.55232217768,7176671.018000456],[53645.882055589755,7176659.249816228],[53643.09765535401,7176647.20947815],[53640.36490249052,7176635.57982059],[53637.5034337652,7176623.577115394],[53634.6508633403,7176611.579925564],[53631.82119442435,7176599.585608313],[53629.014336475404,7176587.732886955],[53626.115222114546,7176575.852983886],[53623.366777095245,7176564.483362725],[53620.45619173028,7176552.548760278],[53617.57572116348,7176540.612383997],[53614.737313570455,7176528.745273024],[53611.84755590721,7176516.773374185],[53608.889345265634,7176504.828512166],[53606.16895793722,7176493.924755837],[53601.936241001065,7176482.677759095],[53594.95392730163,7176472.54268362],[53586.46284451138,7176463.783177173],[53578.57762490801,7176456.406263694],[53570.26124060567,7176447.600369308],[53564.00893320871,7176438.669969453],[53557.7890989834,7176428.355716344],[53554.299621160026,7176422.694881728],[53548.08952780283,7176412.53944321],[53541.895114943734,7176402.615437897],[53535.18587873882,7176392.273951218],[53528.441779480956,7176381.904861039],[53522.23325553385,7176372.407656794],[53515.42924640095,7176362.097090045],[53508.49978150014,7176351.856970028],[53501.60515014292,7176341.778947545],[53494.663098396035,7176331.638692549],[53487.69822951697,7176321.427140834],[53480.86444707948,7176311.134212416],[53474.10115542868,7176300.880617594],[53467.21396938135,7176290.614440738],[53460.291098590125,7176280.405712271],[53453.31538083695,7176270.212763314],[53446.411921802326,7176259.951802086],[53439.583601588034,7176249.624146616],[53432.81198594568,7176239.310818317],[53427.50461357483,7176231.1614740025],[53420.85808111238,7176220.741463333],[53414.74611830508,7176211.059916636],[53409.27438399865,7176202.772567079],[53403.933646693185,7176192.316274297],[53402.78044041479,7176188.728080062],[53399.37666309468,7176178.142406259],[53395.60249474883,7176166.449655987],[53391.86854846816,7176154.82388863],[53388.122150480456,7176143.115288939],[53384.39478443423,7176131.386552041],[53380.7882459042,7176119.669177318],[53377.31789736083,7176107.937909499],[53375.00194414996,7176096.007934874],[53374.801179138245,7176083.804260836],[53375.82881556207,7176071.788323359],[53376.87135105021,7176059.486210682],[53377.94547132403,7176047.216585476],[53379.011944155034,7176035.006905098],[53380.03435894032,7176023.129298095],[53380.50215379358,7176010.7611245485],[53380.549856692785,7175998.406137188],[53380.71599744039,7175986.052327225],[53380.88593676477,7175973.790165884],[53381.04603874264,7175961.436153895],[53381.229434940906,7175949.10024644],[53381.477594466705,7175936.751395566],[53381.526883537415,7175924.630151952],[53381.4463835957,7175912.340523622],[53381.440551548905,7175900.04028179],[53381.492279541446,7175887.773727723],[53381.59015352669,7175875.511268833],[53381.691954656155,7175863.2037351895],[53381.96020553872,7175850.920974214],[53382.39210093842,7175838.6805525115],[53382.80667570117,7175826.379130049],[53383.0833216164,7175814.065549207],[53383.26452614565,7175801.756778458],[53383.44290107145,7175789.575088655],[53383.589282227214,7175777.303807246],[53383.66736366635,7175765.233059647],[53384.76060903561,7175752.98939589],[53384.838584210665,7175752.550494611],[53385.71246959764,7175747.655367168],[53386.384499395324,7175743.92273795],[53388.557949029666,7175732.191302148],[53390.871575261815,7175720.178207509],[53393.25801696553,7175708.152438773],[53395.57585423783,7175696.025193507],[53397.77308133128,7175683.925687231],[53399.88873083767,7175671.853557201],[53400.833681150165,7175659.6483710995],[53400.661705292994,7175647.405889686],[53400.44915946323,7175635.131397849],[53400.15023253317,7175622.8350282535],[53399.81264955539,7175610.506712076],[53399.4434221164,7175598.190111954],[53399.05951272062,7175585.956990436],[53398.78178253572,7175573.747851045],[53398.5383101402,7175561.4458896695],[53398.31980465294,7175549.72488257],[53398.08986110805,7175537.413487028],[53398.03782936174,7175531.719056098],[53396.62283625733,7175519.569014104],[53394.020746452734,7175507.493732633],[53391.47694145329,7175495.593554763],[53388.86849040759,7175483.500841782],[53386.1680071305,7175471.495243061],[53383.36209584965,7175459.555207765],[53380.556923612836,7175447.535891103],[53377.80435416906,7175435.638396607],[53375.073991440586,7175423.583366592],[53372.44579099491,7175411.908164675],[53369.8906477812,7175399.835880442],[53367.43970376148,7175387.747304046],[53364.950372301566,7175375.640006045],[53362.40504326788,7175363.528059576],[53359.8498855583,7175351.435887054],[53357.30960746668,7175339.34820847],[53354.62168456457,7175327.307133913],[53351.827433334314,7175315.355583547],[53349.41635711619,7175303.78336218],[53349.32352251414,7175303.305657053],[53348.00972876762,7175296.518016637],[53345.74799868866,7175284.368771408],[53343.080136078,7175272.286485987],[53340.09749115468,7175260.3073101565],[53337.35988055519,7175248.279115547],[53334.7767716907,7175236.183550747],[53332.16833769693,7175224.115905751],[53329.55726052221,7175212.0400627125],[53327.047494263505,7175199.964936426],[53324.62657126266,7175187.986075562],[53322.12635924504,7175176.011673245],[53319.542191124405,7175163.985260699],[53317.00284355675,7175152.120396543],[53314.374997039034,7175140.082969744],[53311.723503281246,7175128.104729565],[53309.22238840646,7175116.146283574],[53306.8305690189,7175104.082304684],[53304.42864805105,7175092.019097598],[53301.833151389495,7175079.977079057],[53299.155374345544,7175067.935531285],[53296.451473666646,7175055.936759939],[53293.684365428635,7175044.031507221],[53291.08986773132,7175032.699812703],[53288.57607607392,7175021.692806868],[53286.395924429526,7175010.115046484],[53285.83077647077,7174997.942031308],[53286.03608591185,7174994.391961907],[53286.721488909505,7174983.563473747],[53286.81552301388,7174982.191337722],[53287.62542058149,7174969.869664431],[53288.495988277544,7174957.536689534],[53289.377364361135,7174945.230288394],[53290.16219671292,7174932.931657815],[53290.89363832382,7174921.301666312],[53291.62526641,7174909.1168827675],[53292.327992757724,7174896.810399711],[53293.1222901647,7174884.503199527],[53294.75681723084,7174872.268943498],[53297.06710570055,7174860.4011393245],[53299.41820823151,7174848.3165559415],[53299.74462542648,7174846.642962823],[53301.758878702705,7174836.33292063],[53304.13991135539,7174824.272773336],[53306.478454593744,7174812.177663251],[53308.783645431395,7174800.11209451],[53311.012032402796,7174788.103160602],[53313.17288132239,7174775.921810073],[53313.991559308604,7174771.186560547],[53314.56644024904,7174758.958665999],[53313.63652953511,7174746.689937788],[53314.44315719855,7174734.463343408],[53318.18451473181,7174722.871935762],[53318.58696967189,7174721.9581633415],[53323.47187445912,7174711.101596424],[53328.42937898787,7174700.102729356],[53333.50647897704,7174688.834401235],[53337.49282824912,7174680.039829493],[53338.590256811236,7174677.640601928],[53343.68412760366,7174666.443251743],[53348.702628719446,7174655.295697277],[53353.63185456692,7174644.016650955],[53358.43109905033,7174632.967509752],[53363.31328943977,7174621.617249758],[53369.617148917925,7174611.17472585],[53378.30454444658,7174602.374702347],[53387.79135006224,7174594.581912072],[53397.395398293855,7174586.834351844],[53406.98746440187,7174579.218782587],[53416.37799123692,7174571.687442901],[53425.57960053574,7174564.254860682],[53435.11946256523,7174556.752380096],[53444.53520809696,7174549.376589891],[53445.95335648843,7174548.249832857],[53455.33438004088,7174540.754142955],[53464.70352371666,7174533.031245502],[53473.24264732411,7174526.140528025],[53482.47592526779,7174518.962216293],[53491.63785757503,7174511.806730025],[53492.48818161129,7174511.1480484335],[53501.537401870475,7174504.091755066],[53509.93752188288,7174496.812740786],[53517.875401350204,7174488.084143183],[53524.92045556242,7174478.97729646],[53531.87145975587,7174469.999591549],[53538.71374283661,7174461.074122087],[53545.58408059238,7174452.283427453],[53545.591560459,7174452.273791982],[53552.35902188014,7174442.626749963],[53558.43442945124,7174432.93538009],[53564.88274221716,7174422.7583114635],[53571.135053423175,7174412.901353904],[53577.015813621925,7174403.498149516],[53582.98843461671,7174393.725925768],[53589.00803398888,7174383.712025475],[53590.95478026575,7174380.389166749],[53596.728002725984,7174370.012056515],[53602.61517640884,7174359.398394214],[53608.78226023237,7174348.743985178],[53614.63093399274,7174337.848693481],[53620.1092028314,7174326.784200689],[53625.29122270289,7174315.814553992],[53630.57234252163,7174304.760248089],[53635.83459788241,7174293.657773462],[53640.79295325058,7174283.332194697],[53642.8434579781,7174279.04193195],[53645.91111209919,7174272.598547669],[53650.93843700108,7174261.879749263],[53656.20674064319,7174250.842894339],[53661.58160752989,7174239.823925007],[53666.97066676995,7174228.823533267],[53668.098020082456,7174226.51592694],[53673.41566839506,7174215.564575404],[53678.71303794475,7174204.528910119],[53683.962879328,7174193.458113959],[53689.13500584598,7174182.441034886],[53694.21303223877,7174171.621183976],[53699.343281996844,7174160.73165795],[53704.26216017472,7174150.07931733],[53709.116091344215,7174139.578417802],[53714.059690897586,7174129.245117662],[53719.357888203,7174118.660086553],[53724.6531009528,7174108.426936569],[53730.759431789396,7174098.049818799],[53737.44259902742,7174087.82724216],[53744.01195636444,7174077.392718596],[53749.49401832756,7174066.44484618],[53753.98720635654,7174054.934597699],[53758.46267695021,7174043.45963305],[53763.00290671218,7174032.351806726],[53767.43625717447,7174021.503981298],[53771.81407268811,7174010.679736524],[53776.1280940086,7173999.806378938],[53780.45725019742,7173988.730156852],[53784.89245076105,7173977.527300529],[53789.49475896824,7173966.156420083],[53794.10628728074,7173954.780959982],[53798.26094777766,7173944.3468943555],[53798.776622441015,7173943.035933114],[53801.624914563086,7173935.764183441],[53805.894183315686,7173924.7263897555],[53810.248226416414,7173913.564917007],[53814.78520361113,7173902.486078296],[53819.05638468871,7173892.42631994],[53821.79893806274,7173886.074698458],[53825.813838302915,7173874.695423459],[53828.343065979076,7173862.889912989],[53828.87148188631,7173850.675957189],[53828.09269642003,7173838.59374194],[53827.341446337174,7173826.638065688],[53826.68676513212,7173814.673728272],[53826.12946932914,7173802.797054809],[53825.583705408615,7173790.777374362],[53825.00553666928,7173778.831583988],[53824.47283451044,7173766.544659693],[53823.89446286112,7173754.224666348],[53823.24833947484,7173742.116331711],[53822.557709727786,7173730.085037316],[53822.47017516167,7173718.158401559],[53822.65015575208,7173705.861614327],[53822.4790710691,7173693.541888155],[53822.1947073972,7173681.175950918],[53821.81525684422,7173668.807727275],[53821.30479051598,7173656.492774485],[53820.74966057378,7173644.105578378],[53820.2305256126,7173632.228618149],[53819.74192688917,7173620.364117242],[53819.21691863547,7173608.39754859],[53818.580347963434,7173596.122033866],[53817.77316223184,7173584.16192607],[53817.067058144545,7173572.003600263],[53816.59494206612,7173559.730464913],[53816.39567549247,7173554.234167803],[53816.179545506486,7173548.512279367],[53815.745220258716,7173536.291052993],[53815.3087185882,7173524.095855041],[53814.87922385306,7173512.080380078],[53814.39211429836,7173500.030326366],[53813.89052817837,7173488.121070171],[53813.4863376242,7173476.721767839],[53813.44718783634,7173475.545337865],[53813.12535653863,7173464.943270302],[53812.866342331225,7173453.127192171],[53812.575610631844,7173441.1923202425],[53812.17145981983,7173429.124930497],[53811.79925506166,7173417.039836189],[53811.43916764256,7173405.041780883],[53811.11416763265,7173392.865518404],[53810.77655545459,7173380.747035222],[53810.44069327274,7173368.902287163],[53810.12198261579,7173356.8096473515],[53809.74671606097,7173345.145849064],[53809.24139161204,7173333.053863516],[53808.65542023012,7173321.061591338],[53808.16141341906,7173309.319187691],[53807.81768148474,7173297.158179763],[53807.562581913546,7173288.74608637],[53807.42576485622,7173284.9338073945],[53807.39554930531,7173284.114877095],[53806.94476865354,7173272.72356483],[53806.50149252283,7173260.835907683],[53806.08941447956,7173248.569542734],[53805.887496363255,7173241.731867988],[53805.7062375822,7173229.862067282],[53806.73469221371,7173217.617593454],[53808.938542481395,7173206.044138048],[53809.44551435637,7173203.438698769],[53811.70278065698,7173191.9047911335],[53814.078256519104,7173179.777273033],[53816.45202627877,7173167.752104851],[53818.63986019598,7173156.13579727],[53820.793339009106,7173144.2592156455],[53822.826493104105,7173132.93685516],[53823.28280869004,7173130.429465528],[53825.49565724563,7173118.725026332],[53827.863506251306,7173106.632352419],[53830.092434419144,7173095.037965663],[53832.27724945493,7173083.511746957],[53834.52492097084,7173071.525019763],[53834.658652064856,7173070.807751033],[53836.78935136838,7173059.389573903],[53838.780014664866,7173048.364240993],[53840.83933197282,7173037.106287208],[53842.99518974929,7173025.35418478],[53845.29093161982,7173013.702718377],[53847.86291085655,7173001.778691387],[53850.49219127878,7172990.182346994],[53853.89501179656,7172978.38813832],[53858.95825822529,7172967.341121925],[53864.821283677826,7172957.178940378],[53870.53741739993,7172947.0049662795],[53876.567964588816,7172936.332677467],[53882.7427674536,7172925.596674155],[53885.87276932871,7172920.175447997],[53888.05609060021,7172916.39077365],[53889.03104886541,7172914.704295605],[53893.69607548107,7172906.657866952],[53899.78369352338,7172895.944939433],[53905.6980232427,7172885.068838069],[53910.84002566425,7172875.410822134],[53915.42571147403,7172864.121491058],[53917.818915354845,7172852.045992855],[53919.170690436906,7172839.952603825],[53920.87170577416,7172827.921079832],[53922.73199136334,7172816.58395333],[53924.592220497376,7172805.049231216],[53926.39360083756,7172793.836869091],[53928.22544748866,7172782.952848116],[53930.106005323294,7172772.034911263],[53932.07973689324,7172760.539410812],[53933.243687974464,7172753.225653125],[53935.18930520408,7172741.44298628],[53937.15226806182,7172729.986112147],[53938.44602345966,7172722.021152776],[53940.20011648908,7172711.0805560555],[53942.80859469547,7172699.968783618],[53947.12178176682,7172688.6060456],[53952.00155425968,7172677.739271927],[53956.87915382825,7172666.406041638],[53961.38089270785,7172654.866221461],[53965.578842878575,7172643.814296082],[53969.68646938616,7172632.717036877],[53975.02007107611,7172621.794662273],[53981.15012094373,7172611.807988292],[53987.22380777891,7172601.978483528],[53989.16581108834,7172598.874049495],[53996.55648072355,7172589.382739112],[54005.61369615834,7172581.552697279],[54015.288217064866,7172574.8911701925],[54024.51359131397,7172568.578619141],[54033.461243603844,7172562.420064351],[54042.93797003396,7172555.583092248],[54053.03218568151,7172548.493053063],[54062.954409531376,7172542.010261813],[54068.42225871055,7172538.489390331],[54078.218899459345,7172531.522464623],[54086.986222424544,7172524.646459775],[54095.244940870965,7172518.282165796],[54104.421160227386,7172511.43457451],[54113.6390520719,7172504.7334269695],[54123.33186229353,7172497.689593641],[54133.14415180031,7172490.508684419],[54142.656051053724,7172483.562985638],[54152.19734828698,7172475.917412113],[54160.692951809266,7172468.020011808],[54168.83404493233,7172459.72636263],[54176.85135540174,7172450.487039678],[54184.256558801106,7172441.163974362],[54189.39875028079,7172434.725277451],[54190.201112303475,7172433.729214646],[54191.732170218835,7172431.83614813],[54199.30302878865,7172422.577807045],[54207.208592016425,7172413.191019326],[54208.404807270155,7172411.783480664],[54216.36659921071,7172402.508636494],[54223.89201707393,7172393.677611122],[54231.7862959379,7172384.473925391],[54239.05690002168,7172376.043683094],[54246.63814917207,7172367.197075302],[54254.210365903215,7172358.373154925],[54261.35971792176,7172350.0958004575],[54268.856129171094,7172341.307664409],[54276.70194572379,7172332.201197509],[54284.677461998246,7172323.131599331],[54292.85975537845,7172313.973045149],[54300.38314680813,7172304.209051805],[54304.47308381589,7172297.924256728],[54311.17684593098,7172287.604551509],[54317.584285812336,7172277.7850999255],[54324.280942715006,7172267.381741071],[54330.70565531746,7172257.3552735485],[54337.20167912211,7172247.327185476],[54344.03101113456,7172237.031099258],[54350.58128102042,7172227.355464827],[54357.3238645317,7172217.3113855105],[54363.99100242084,7172207.117397795],[54370.65073810553,7172196.839859253],[54377.06843924732,7172186.8162568025],[54383.59545823978,7172176.413221164],[54390.43167351495,7172166.162669195],[54396.4228864403,7172155.4526397],[54401.217864702805,7172144.19699849],[54405.95587969705,7172133.023091696],[54410.501980775385,7172122.014939392],[54415.04362634715,7172110.883350836],[54419.62255469506,7172099.591843834],[54424.22886210482,7172088.159303012],[54428.811986247776,7172076.708439367],[54432.48234266974,7172067.587906335],[54433.41063532338,7172065.269422403],[54433.69785454054,7172064.552054571],[54437.92617029464,7172054.004121684],[54442.45613645995,7172042.865032768],[54446.949751626235,7172031.839465568],[54451.58070373861,7172020.576570367],[54456.269472031156,7172009.160661616],[54460.88871548162,7171997.710556064],[54465.36782547616,7171986.276100852],[54469.792386263434,7171974.893360995],[54474.25419380219,7171963.37291546],[54478.85212020454,7171951.996069618],[54483.55714400188,7171940.7565238625],[54488.180925514025,7171929.359658701],[54492.77121275937,7171917.972560586],[54497.38504606654,7171906.553259961],[54502.016044359945,7171895.084550306],[54506.322245388874,7171884.302410407],[54510.673338542925,7171873.105035127],[54514.86170990707,7171862.086828733],[54515.9692243202,7171859.220640875],[54521.233793032356,7171848.054514879],[54527.14118902822,7171837.778172884],[54533.19569465233,7171827.043910718],[54538.783274570305,7171816.875520197],[54544.49098579638,7171806.223985517],[54550.41311531392,7171795.4687549975],[54556.58554583555,7171784.987550721],[54562.429380930786,7171774.164619634],[54568.00708520354,7171763.173092546],[54573.73106798099,7171752.31661721],[54579.5819194456,7171741.4488230245],[54585.54562071344,7171730.594121797],[54591.431387044664,7171719.776027428],[54597.29117385548,7171708.932741264],[54603.213939463196,7171698.207622176],[54609.19282211462,7171687.483040919],[54613.2349460416,7171680.123903113],[54615.07063539064,7171676.6636773925],[54620.84840912733,7171665.88184963],[54622.762686606904,7171662.346940442],[54628.57900402503,7171651.624041896],[54633.3611447743,7171640.230555237],[54636.237528429134,7171628.212049836],[54638.45601645822,7171616.05464563],[54640.658611136256,7171604.452280175],[54643.01386001328,7171592.443383427],[54645.386166502314,7171580.346089188],[54647.781347972516,7171568.233786169],[54649.2612957324,7171555.925575139],[54648.67348647781,7171543.646360798],[54647.02428252582,7171531.4134916365],[54645.27665693773,7171519.2033289615],[54643.56541943498,7171507.077903068],[54642.30920695391,7171498.29062569],[54642.195021757914,7171486.1421625875],[54645.40807337657,7171474.642586933],[54650.208150637045,7171463.722303135],[54655.05211305496,7171452.649540503],[54659.92276708101,7171441.296106905],[54664.80659649585,7171429.943334408],[54669.651215731225,7171418.656894825],[54674.453354226716,7171407.580180635],[54679.20073202724,7171396.492087559],[54681.15617887495,7171391.8455258785],[54685.674176845234,7171380.659704492],[54691.58716838638,7171369.838845008],[54699.360499596805,7171360.519599679],[54707.673633937025,7171351.996173025],[54715.85017503321,7171343.6120221745],[54723.075739379856,7171336.088815972],[54731.28126814065,7171327.37286235],[54739.51029144786,7171318.577719219],[54740.62044892751,7171317.386094776],[54748.82190692355,7171308.516500906],[54756.27085317846,7171298.84854486],[54761.9613144506,7171288.0698965825],[54766.59182842466,7171276.813955792],[54771.12112956587,7171265.337721229],[54775.39428134181,7171254.001443788],[54776.75678248459,7171250.0663828645],[54780.69442288816,7171238.472231934],[54784.00590164779,7171227.260047819],[54786.81501835637,7171215.576727185],[54789.250487707555,7171203.881612847],[54791.32273514889,7171192.055542067],[54793.3246642421,7171180.007764844],[54795.277986283996,7171167.972805797],[54797.164356990834,7171156.240832268],[54799.14364074817,7171144.2070724],[54801.12625034287,7171132.191416743],[54803.04416889971,7171120.338430554],[54804.90653312701,7171108.495031986],[54806.86508414504,7171096.478352214],[54808.453907582036,7171086.955951916],[54809.60008880915,7171080.2192885205],[54810.423171267146,7171068.219500866],[54808.807089431735,7171056.253995173],[54806.12783997215,7171044.307679709],[54803.41179510055,7171032.307377674],[54800.62164696294,7171020.304935903],[54796.17827851017,7171009.102368991],[54790.07289112371,7170998.449808784],[54784.04465539998,7170987.910997234],[54778.01021904958,7170977.331767237],[54773.6529117442,7170969.618186576],[54772.01757792896,7170966.693393849],[54769.352774673316,7170961.928279826],[54766.13364670513,7170956.089852101],[54760.08975656418,7170945.32058678],[54753.91740277951,7170934.595680409],[54747.73814673326,7170923.8695393875],[54741.568039706675,7170913.22600108],[54735.29425183812,7170902.572779778],[54729.011551178584,7170891.915146707],[54722.91154558223,7170881.186409652],[54716.98821395618,7170870.346494178],[54711.3372129795,7170859.452571174],[54707.32547799486,7170847.887266891],[54706.54701520159,7170835.634561108],[54709.103125705326,7170823.691017427],[54713.246220650384,7170812.1261796625],[54717.11308455421,7170800.989296069],[54721.056705913215,7170789.400365954],[54724.97915286361,7170777.790403663],[54728.865472364356,7170766.2451002095],[54732.815250857966,7170754.673590788],[54736.741717375466,7170743.151173707],[54740.70520764706,7170731.564127383],[54744.54154966102,7170720.193090053],[54748.414914497465,7170708.515736599],[54752.23414464074,7170696.926210191],[54755.98185241502,7170685.62852052],[54759.749440671876,7170674.493099727],[54763.703632454504,7170662.8455428025],[54767.5235338324,7170651.374327097],[54771.1702342222,7170639.937652061],[54774.25155701203,7170628.693038616],[54775.89600866765,7170616.658109264],[54775.76328611345,7170605.411580627],[54775.29101772379,7170598.437335485],[54774.599300200294,7170586.152432747],[54773.99631516088,7170573.902699452],[54773.45838393184,7170561.920591362],[54772.98216820584,7170550.173231727],[54772.466019390675,7170537.955271749],[54771.92647800455,7170525.922016768],[54771.42849542666,7170513.857604358],[54770.990154452564,7170501.757750707],[54770.73308563442,7170489.556539573],[54771.371915729775,7170477.309797987],[54773.69052923139,7170465.541044025],[54777.62992177298,7170454.109472655],[54779.60243555711,7170449.464822406],[54784.366969096474,7170438.443742981],[54789.28677396319,7170427.163830847],[54794.22784482699,7170415.901843316],[54799.07770942792,7170404.724113321],[54804.75318828755,7170393.72508838],[54810.91666496068,7170383.294021797],[54817.21877603041,7170372.85502748],[54823.610750281834,7170362.4501287015],[54829.87921390793,7170352.137072528],[54836.223744807416,7170341.561652074],[54842.63372802839,7170331.111589232],[54848.91591552342,7170320.984583408],[54855.261453375744,7170310.852580782],[54861.044848379795,7170301.70433775],[54867.36809273652,7170291.267259125],[54873.554591106484,7170280.7900760025],[54879.80352468812,7170270.41993442],[54886.1099527285,7170260.1115754],[54892.142639037455,7170250.199154353],[54898.17155880976,7170240.036811815],[54904.39695425221,7170229.4769512275],[54910.6342565848,7170218.98590507],[54916.912177271326,7170208.55496786],[54923.12673630734,7170198.19233397],[54929.05025088601,7170188.25194015],[54935.291829033464,7170177.8885387555],[54941.56382424885,7170167.498272077],[54947.96431248495,7170157.126061832],[54954.464276399754,7170146.708186118],[54960.97687882697,7170136.276735673],[54967.04514201381,7170126.464114834],[54973.29629953607,7170115.911651863],[54978.722910719516,7170104.82821433],[54983.02533193835,7170093.247571667],[54986.52414068085,7170081.889480103],[54986.911245931056,7170080.559786126],[54990.00846352661,7170069.853495078],[54993.42772738787,7170057.991273887],[54996.8239194568,7170046.174043758],[55000.20326099335,7170034.308936267],[55003.549934448965,7170022.477392925],[55006.9055921823,7170010.669473685],[55010.242764806084,7169998.850608585],[55013.51388925908,7169987.06897049],[55016.708150768885,7169975.416163951],[55019.859749763855,7169963.815581109],[55022.95248705364,7169952.299669301],[55026.12051997596,7169940.734954484],[55029.276268477144,7169929.40251969],[55032.52401770017,7169918.028058787],[55035.92982748442,7169906.220256995],[55039.22577741073,7169894.66947079],[55042.57723374793,7169882.820093758],[55045.96145500621,7169870.982360877],[55049.286308489216,7169859.190074768],[55052.644897155464,7169847.341046633],[55055.97889341443,7169835.479869397],[55057.440944723145,7169830.187202332],[55059.22254783049,7169823.598686072],[55062.35459926893,7169811.676239934],[55065.53112906485,7169799.773825528],[55068.72500977485,7169787.99472099],[55071.81559110596,7169776.30313742],[55075.0176793515,7169764.49831646],[55078.36937585613,7169752.755351612],[55081.51634514285,7169740.928922443],[55084.46009134303,7169728.97998286],[55087.32696631423,7169717.090678696],[55089.77942863386,7169706.688431341],[55092.10915661417,7169694.6535977665],[55093.91735726921,7169682.548949306],[55095.63155829598,7169670.594552785],[55097.27494328766,7169658.805398099],[55098.830415003526,7169647.056517839],[55100.34627439256,7169635.316868329],[55101.848822627915,7169623.604653349],[55103.32665563561,7169611.708794728],[55104.86327828001,7169599.730261978],[55106.49110975047,7169587.845291946],[55107.90883490251,7169576.676041855],[55109.33317329333,7169565.275211354],[55110.73971310828,7169555.644227248],[55112.2749486955,7169543.631661508],[55113.57596533303,7169531.407807231],[55115.17362290935,7169519.146196144],[55116.892783448566,7169507.459864622],[55118.699416023795,7169495.277972363],[55120.4718024038,7169483.080388197],[55122.38948744722,7169470.862325516],[55124.453629032534,7169458.734114454],[55126.52913045086,7169446.552302785],[55128.386305250926,7169434.365654421],[55129.98282202857,7169422.128996587],[55131.27540246298,7169409.82555856],[55132.38968238281,7169397.562157507],[55133.478005486366,7169385.3397639245],[55134.72017746855,7169373.042975257],[55137.28297096572,7169361.134982724],[55142.09357974795,7169349.874284869],[55147.75336023158,7169339.649298582],[55153.65704234765,7169329.106123667],[55159.71993668104,7169318.330457954],[55165.74649641261,7169307.535030972],[55171.779511679546,7169296.95073805],[55172.02699285495,7169296.5374835245],[55174.78764770221,7169291.986631825],[55175.293971397914,7169291.151838182],[55181.455032883154,7169280.7527442705],[55187.61556074745,7169270.212240528],[55193.755297844764,7169259.754010779],[55200.68678481091,7169249.64461225],[55208.18222935719,7169239.797478769],[55215.57532854244,7169229.930603386],[55222.92228605528,7169220.014649803],[55230.271395235555,7169210.166850966],[55237.39833278564,7169200.680280077],[55244.80416622403,7169190.774835145],[55252.133106636174,7169180.860049119],[55259.47854355234,7169170.936814303],[55266.85956053191,7169161.070520046],[55274.180758662755,7169151.371942409],[55281.56315972068,7169141.696283884],[55288.62798435567,7169132.474747596],[55296.0388985083,7169122.7019614065],[55303.44630055135,7169113.315353092],[55311.30552759039,7169103.742548181],[55319.06917205738,7169094.285730971],[55326.73138089286,7169084.833304474],[55334.36086519243,7169075.32835969],[55341.99305884377,7169065.829500405],[55349.55511269352,7169056.351513876],[55357.1121708618,7169046.717751056],[55364.774460377,7169037.061836668],[55372.42148196336,7169027.413185628],[55380.06241822173,7169017.744225796],[55387.623422259174,7169008.08759339],[55395.28216771147,7168998.533733993],[55403.12147630815,7168988.959122927],[55410.77826155163,7168979.647878038],[55410.842044501216,7168979.56947921],[55410.857906421006,7168979.550126616],[55411.547331693466,7168978.702660771],[55419.198992058344,7168969.082249241],[55426.80041755631,7168959.399517375],[55433.90576995909,7168950.350333763],[55434.696567225794,7168949.345751753],[55441.55637706362,7168940.642690891],[55449.21848297032,7168930.949534465],[55456.91817587218,7168921.2651808895],[55464.657343252096,7168911.620681154],[55472.338662774186,7168901.900390285],[55479.92954121379,7168892.1388751585],[55487.62818670238,7168882.457475331],[55495.2693739339,7168872.827693118],[55501.03423143132,7168865.424278838],[55503.85191484768,7168861.8570277905],[55511.56523263245,7168852.272627536],[55519.30827291845,7168842.784845177],[55524.739976805286,7168836.182011497],[55532.35637507308,7168826.834948834],[55533.17693813011,7168825.8136954885],[55540.144849071454,7168817.228830508],[55547.82197978761,7168807.758168032],[55555.47579087649,7168798.2702877745],[55563.13158929808,7168788.713386603],[55570.75500947522,7168779.141964698],[55578.31455024739,7168769.521540848],[55585.78872219421,7168760.100858817],[55593.23961260641,7168750.927969766],[55600.99782426446,7168741.371691756],[55608.746038796555,7168731.858061484],[55616.55655354145,7168722.301077389],[55624.25363593298,7168712.8303876575],[55632.00855020981,7168703.256884703],[55639.63132682664,7168693.789711757],[55647.05927225982,7168684.616818142],[55654.81214268773,7168675.04323937],[55662.59944270342,7168665.443149012],[55670.30824999744,7168655.848548934],[55678.01101106545,7168646.253633764],[55685.69652958907,7168636.707122702],[55693.46701993444,7168627.123344216],[55701.326013115875,7168617.556617161],[55708.83999688941,7168608.496860575],[55716.64625950495,7168599.012005961],[55724.34151079506,7168589.625522288],[55732.084784353385,7168580.046488434],[55739.74215670291,7168570.480584247],[55747.41782147263,7168561.061008392],[55755.197155996575,7168551.5480317995],[55762.949754943664,7168542.026609324],[55770.64538355713,7168532.457526425],[55778.30728854914,7168522.835670916],[55785.94936745742,7168513.2732403595],[55793.57108612929,7168503.740894982],[55801.24391295528,7168494.231907697],[55808.76358049968,7168484.870535148],[55816.31799790595,7168475.406468851],[55821.87295804918,7168468.495234933],[55823.96107544168,7168465.888152995],[55831.45502149011,7168456.520585051],[55839.085264857626,7168446.999726409],[55846.71005290054,7168437.596971086],[55855.31812919455,7168428.769307401],[55864.306729950884,7168421.087429977],[55873.790882086556,7168413.182256196],[55883.37931135605,7168405.368072057],[55892.170982379816,7168398.312377654],[55893.06557223335,7168397.608454499],[55902.733672515315,7168390.006499045],[55912.41905919748,7168382.354133964],[55922.1027853922,7168374.672608677],[55931.758434153046,7168367.035014814],[55941.36180258531,7168359.290604662],[55950.9211674924,7168351.454092808],[55960.384894507355,7168343.556969338],[55968.656323801144,7168336.649295649],[55969.60287311667,7168335.8584667165],[55978.99379735318,7168327.977235932],[55988.449803020514,7168320.029527497],[55997.890335825214,7168312.113397758],[56007.329360289325,7168304.25130315],[56016.769523124036,7168296.454549614],[56026.08983924077,7168288.803742742],[56035.63552481012,7168281.002718252],[56045.22030901862,7168273.201324588],[56054.80226904247,7168265.442037752],[56064.42275327677,7168257.6935803555],[56068.963664013194,7168254.063784541],[56078.53844746319,7168246.286142505],[56087.72836675943,7168238.696827042],[56097.1808002303,7168230.828247374],[56106.69462800672,7168222.979699704],[56116.21103379049,7168215.138119221],[56125.75689225935,7168207.39825277],[56135.34543881967,7168199.692456302],[56136.31548108987,7168198.915729115],[56144.61387973308,7168192.1216093805],[56153.72540536767,7168184.493555061],[56162.65889678296,7168177.031058872],[56170.88658137579,7168168.761038879],[56177.40057859861,7168159.078395132],[56183.01224828343,7168148.676874656],[56188.723153927654,7168138.118274514],[56194.338207605935,7168127.596467402],[56199.71326953475,7168117.146084916],[56204.960719510564,7168106.723997059],[56210.211967283336,7168096.039248819],[56215.43288023025,7168085.315060821],[56220.647630684136,7168074.506366671],[56225.90830201167,7168063.767951025],[56231.373886474874,7168052.870197452],[56236.80448690138,7168041.9909376865],[56242.17316009925,7168031.415940506],[56245.610879645916,7168024.764115255],[56251.13632922579,7168014.004519941],[56256.60946145578,7168003.1393344],[56262.11337587243,7167992.102906674],[56267.50864007068,7167981.3183176],[56272.915424192965,7167970.674833712],[56278.448623586446,7167959.947701653],[56284.02484107029,7167949.041959848],[56286.68098466896,7167943.810441671],[56292.10553978471,7167932.910758112],[56297.396837471286,7167922.0061948085],[56302.579424773634,7167911.24328936],[56307.66734601179,7167900.533099832],[56312.679907798534,7167890.025210318],[56317.71225309401,7167879.525197908],[56322.77268845873,7167869.001462636],[56327.87147843931,7167858.448348422],[56332.92967272678,7167847.997619657],[56332.94056595006,7167847.976101855],[56338.95839735534,7167838.086542882],[56346.84801607113,7167828.599580133],[56355.55529316224,7167819.92806886],[56364.36754817737,7167811.332463022],[56372.5009284353,7167803.373338024],[56381.140389780514,7167794.849278076],[56389.90574126964,7167786.181461476],[56398.63039728167,7167777.482632006],[56407.2307628275,7167768.824312378],[56415.92577427812,7167760.2465521805],[56424.62019059772,7167751.774171379],[56433.348424147,7167743.081554691],[56441.959422968735,7167734.323391385],[56450.570350810245,7167725.609426894],[56459.21638353838,7167716.918173769],[56467.909454184875,7167708.205935214],[56476.50646190613,7167699.645880237],[56485.2145815448,7167690.977340112],[56493.95487167925,7167682.419712026],[56502.5476250237,7167674.04409827],[56511.28498105274,7167665.349863375],[56520.04488422419,7167656.604506356],[56528.55633194151,7167648.160980332],[56537.3078680117,7167639.442326858],[56546.028866170964,7167630.690222158],[56554.6545239453,7167622.0292383935],[56563.33850840508,7167613.2744511925],[56572.00614103896,7167604.480798202],[56580.63932908251,7167595.719649188],[56589.386973224115,7167587.022057667],[56593.081410696555,7167583.344111007],[56600.994486969954,7167573.890488332],[56606.97423243796,7167563.137492577],[56611.910699255066,7167551.826669629],[56616.94880996476,7167540.534554107],[56621.094231053896,7167528.883099906],[56622.903184317576,7167516.659463752],[56623.60020049312,7167504.379407747],[56624.33091211907,7167492.064819859],[56625.11726121942,7167479.761856351],[56625.91117092827,7167467.513345034],[56626.6882086235,7167455.238949195],[56627.45620410831,7167443.009234756],[56628.22675723187,7167430.832917563],[56629.085257672006,7167418.729831042],[56629.988687053265,7167406.566485558],[56630.91393395525,7167394.344000544],[56631.91476424842,7167382.066607799],[56632.89636170061,7167369.749479724],[56633.913322728884,7167357.471846045],[56634.87650190125,7167345.251066961],[56635.758015164116,7167332.995473132],[56636.58747144992,7167320.69338772],[56637.35156494868,7167308.372245989],[56638.10813079227,7167296.132043911],[56638.81437351316,7167283.823527651],[56639.545376818685,7167271.991424441],[56640.3381096542,7167259.657573873],[56641.13869230391,7167247.33009306],[56641.662095282925,7167238.643503372],[56642.540878197586,7167226.449016461],[56643.383618491294,7167214.429372103],[56644.1816552364,7167202.2694068095],[56645.01248710253,7167190.071658842],[56645.80940378102,7167177.978740791],[56646.21607445559,7167170.984152477],[56646.93822890072,7167158.839766928],[56647.691268568684,7167146.675639116],[56648.420791063865,7167134.476409245],[56649.17524211481,7167122.324434602],[56649.88162989507,7167110.593582784],[56650.452808835835,7167098.256693626],[56650.74218159891,7167089.911736114],[56650.89420545718,7167085.932147402],[56651.034858360246,7167082.091458667],[56651.40318139165,7167073.596409885],[56652.023084502434,7167061.248812737],[56652.9019252953,7167049.098420909],[56654.80702079466,7167037.167981947],[56657.5274414742,7167025.510233676],[56659.61342131207,7167017.141071837],[56662.393542018894,7167005.227189461],[56664.98958094756,7166993.146580748],[56667.39990328561,7166981.069568377],[56670.00144380308,7166969.0021377215],[56672.77361758263,7166956.9754803125],[56675.37997698813,7166944.887218442],[56679.49937974918,7166933.238687592],[56681.237079195795,7166929.796208594],[56686.60839594749,7166919.0769689325],[56692.05142838106,7166908.015916905],[56697.79471676459,7166897.08180513],[56702.41767266416,7166885.696813273],[56705.79188648373,7166873.798804838],[56708.79956640513,7166863.596483689],[56712.41754706617,7166851.766781859],[56716.06581507268,7166839.953303583],[56719.67761920835,7166828.127283527],[56723.20247537986,7166816.337355906],[56726.63839003525,7166804.540471461],[56730.14333957917,7166792.703566647],[56733.664240078535,7166780.826208596],[56737.174912008806,7166768.971501173],[56740.681688910816,7166757.118663365],[56744.2117375973,7166745.280927231],[56747.74859031127,7166733.426313025],[56751.247028814396,7166721.532991472],[56754.73940314853,7166709.664347213],[56758.31202179578,7166697.815476248],[56761.90318176942,7166685.981549593],[56765.513191967155,7166674.150249052],[56769.01215788862,7166662.313144783],[56772.37642926321,7166650.393702443],[56775.70522888203,7166638.504623342],[56779.20086355024,7166626.673405815],[56782.9177227653,7166614.852100778],[56786.62268359697,7166603.07638167],[56791.9816175733,7166592.012524029],[56792.438032743696,7166591.346085861],[56799.49625680299,7166581.212731478],[56806.58880296425,7166571.074074763],[56813.72963208478,7166561.088961566],[56820.97577075608,7166551.060478453],[56827.75405268202,7166541.569658046],[56834.86458037264,7166531.479905512],[56841.96161108796,7166521.353383191],[56849.168328010885,7166511.285151624],[56856.46771566337,7166501.320293327],[56862.71324208478,7166490.639656357],[56866.35851533251,7166478.959574441],[56867.24924972415,7166466.8599073235],[56866.95324018347,7166457.040851515],[56866.70683766209,7166444.709222359],[56866.46652526682,7166432.597485864],[56866.24766306684,7166421.185962163],[56866.206666425336,7166408.861496361],[56866.36809334584,7166396.4731236845],[56866.47207699402,7166386.01807137],[56866.489404625725,7166384.173158789],[56866.529276363435,7166371.9226867],[56866.57661219925,7166359.572058063],[56866.632829918526,7166347.224056988],[56866.68388980557,7166334.882770283],[56866.66664397559,7166322.541432984],[56866.65894256072,7166310.276715869],[56866.64436238073,7166297.988667788],[56866.66248034808,7166285.8414292205],[56866.69934010779,7166273.545761827],[56866.72701132216,7166261.208360602],[56866.78609420732,7166248.977739636],[56866.8649140498,7166236.686910154],[56866.9959155175,7166224.396372088],[56867.1052080706,7166212.052799232],[56867.17477710586,7166199.743446412],[56867.218058025755,7166187.418780316],[56867.24292222527,7166175.05418372],[56867.26849262399,7166162.698717858],[56867.31740061671,7166150.338363547],[56867.386663871934,7166137.971910933],[56867.42827618611,7166125.615978298],[56867.412569609936,7166113.241701042],[56867.36005953257,7166100.904739671],[56867.32913719141,7166095.470312229],[56869.21715467551,7166083.279417525],[56874.38697980525,7166072.228047271],[56882.899780788866,7166063.336384714],[56893.94449929183,7166057.946904783],[56906.03766468365,7166055.766803553],[56918.233240043395,7166055.757125503],[56930.59973368724,7166055.761117389],[56942.95247636322,7166055.757421246],[56955.22979682317,7166055.737322245],[56967.58938046766,7166055.782256128],[56979.9471865159,7166055.823010056],[56992.30895326403,7166055.88698622],[57004.662004605285,7166055.964544552],[57017.019871075405,7166056.024480922],[57029.36316651682,7166056.140787633],[57041.73613687034,7166056.246296544],[57053.53757731203,7166056.366223207],[57065.856227232725,7166056.5175514575],[57078.23824118666,7166056.620550662],[57090.52092069079,7166056.68091847],[57102.88921141386,7166056.775330822],[57115.22920197074,7166056.87845378],[57127.54131058947,7166056.929214675],[57139.83116483147,7166057.031092634],[57152.16861143359,7166057.1862983415],[57164.51671595732,7166057.329962812],[57176.85960829788,7166057.412133906],[57189.18548967299,7166057.469515724],[57201.528389632644,7166057.593758589],[57213.85789361625,7166057.681448244],[57226.10953653662,7166057.759430623],[57237.91647133173,7166057.849500632],[57250.143151005264,7166057.902418952],[57262.4944933916,7166057.908711541],[57274.85827559192,7166057.925624278],[57287.165706003725,7166057.879788678],[57299.45681265037,7166056.666646952],[57311.59323915839,7166054.681108123],[57322.36936782213,7166052.855610495],[57334.68370575033,7166052.079922717],[57347.04908659897,7166052.393814484],[57359.408060191316,7166052.851979151],[57371.65285374428,7166054.478532406],[57383.67475244851,7166057.261643274],[57395.36748573673,7166058.429010758],[57407.727033634204,7166058.363360446],[57419.87343039055,7166058.375472496],[57432.14366532146,7166058.420342438],[57444.05863444251,7166058.490162776],[57456.19971798052,7166058.483073171],[57468.390325219254,7166058.449962133],[57480.76196794177,7166058.426185221],[57493.10926756711,7166058.407252757],[57505.407847409486,7166058.402128985],[57517.747945999785,7166058.433025528],[57530.01815162611,7166058.432712294],[57542.27425566659,7166058.502002198],[57554.46346204175,7166058.56517193],[57566.73462441418,7166058.654154003],[57578.98859236919,7166058.660142888],[57591.14576358377,7166058.586492874],[57603.47010787943,7166058.454186982],[57615.78386266553,7166058.355504379],[57627.83977155667,7166058.327438878],[57640.17928621749,7166058.393411515],[57652.14921969606,7166058.511964187],[57664.43466193514,7166058.528360847],[57676.71358325792,7166058.60150654],[57689.02387714805,7166058.670351407],[57701.33604713564,7166058.719033289],[57713.17398456618,7166058.695094585],[57725.52998411708,7166058.661576833],[57737.40077350725,7166058.619048776],[57749.71698088758,7166058.512439404],[57762.03032420558,7166058.379734339],[57766.73179766646,7166058.317552229],[57778.97036583215,7166058.30674318],[57791.21318699763,7166058.292176867],[57803.47914049082,7166058.27570163],[57815.79309584142,7166058.306345308],[57828.09516395,7166058.421881561],[57840.351872178144,7166058.562334699],[57852.670200685854,7166058.673501154],[57864.163418418495,7166058.708182551],[57876.526064162375,7166058.682965513],[57888.87416577106,7166058.689130269],[57900.4039485979,7166058.693451474],[57912.564830108895,7166058.691271492],[57924.92142325017,7166058.641707923],[57937.29139653174,7166058.586579446],[57949.652008456236,7166058.540236355],[57962.0187977482,7166058.511079887],[57974.38840175897,7166058.50632876],[57986.74959326297,7166058.515170321],[57999.124059403606,7166058.515555695],[58011.49111052387,7166058.499468141],[58023.83570466336,7166058.54071137],[58036.21208692301,7166058.565116273],[58048.5229745619,7166058.595778083],[58060.84905671707,7166058.64514735],[58073.17143345048,7166058.645180486],[58085.501968999626,7166058.684678979],[58097.78519624658,7166058.750141136],[58109.74221597245,7166058.796886636],[58109.74724783393,7166058.797053535],[58121.89833464875,7166058.788250739],[58134.220763999096,7166058.78634153],[58145.78296729078,7166058.802078741],[58158.136377902585,7166058.801508324],[58170.479993946734,7166058.798491491],[58182.76573319407,7166058.6965841465],[58195.05492110463,7166058.584784115],[58207.30543721095,7166058.551435193],[58219.32393306197,7166058.481504364],[58231.04937103094,7166058.459599013],[58242.77864313277,7166058.464799371],[58254.90075575095,7166058.432702702],[58267.09519687976,7166058.3065889],[58279.170471450256,7166058.204168197],[58291.24621774582,7166058.221147111],[58303.24180939933,7166058.300652827],[58315.32069221005,7166058.380910005],[58327.54830161971,7166058.411776185],[58339.89127647481,7166058.396698693],[58352.21724330378,7166058.359721598],[58364.51829490578,7166058.338789146],[58376.40264673653,7166058.3089193385],[58388.70740024751,7166058.340287926],[58400.93493160565,7166058.373083918],[58413.217533232295,7166058.36138013],[58425.5445272075,7166058.323370317],[58437.79053667642,7166058.299991166],[58450.11756172363,7166058.282173641],[58462.40721646417,7166058.315750949],[58474.67841648561,7166058.334600195],[58487.06724373583,7166058.348673382],[58499.32543558779,7166058.367735408],[58511.235132437665,7166058.41744224],[58523.50583655859,7166058.469216635],[58535.818736329966,7166058.475841975],[58545.97953937331,7166058.471341774],[58548.138100099924,7166058.472785484],[58560.41049258824,7166058.488597203],[58572.71836190199,7166058.519123061],[58585.005378678325,7166058.564717891],[58597.17550853413,7166058.619978652],[58609.50563702884,7166058.647432096],[58621.81199927203,7166058.707961492],[58628.51814502315,7166058.722555764],[58640.84768849163,7166058.737077581],[58653.176772818435,7166058.762346119],[58665.49984637194,7166058.786515714],[58677.83764127403,7166058.9075655155],[58690.126448975294,7166059.047528151],[58702.41882838163,7166059.240797631],[58714.74610676739,7166059.329367494],[58727.13963966281,7166059.412901351],[58739.50164880109,7166059.48693876],[58751.83216582739,7166059.547482548],[58764.19960756431,7166059.633783134],[58776.55748900981,7166059.731861681],[58788.93021697964,7166059.789215711],[58801.119035128155,7166059.808370309],[58813.486063307675,7166059.7943208255],[58825.82022477634,7166059.683545387],[58838.15811682714,7166059.514795661],[58850.49309677753,7166059.363930635],[58862.83510679164,7166059.2805919405],[58875.16467681492,7166059.204715593],[58887.49191438692,7166059.180950837],[58899.63270155352,7166059.198759064],[58901.71593881596,7166059.204871235],[58912.03258401225,7166059.232464781],[58924.40477479808,7166059.28090227],[58936.779148233996,7166059.345504891],[58949.13884155464,7166059.424381615],[58961.079550643975,7166059.496484687],[58973.44105762511,7166059.60260972],[58985.8102367713,7166059.6929841135],[58998.1437887178,7166059.751736272],[59010.37261610915,7166059.796681663],[59022.706878370256,7166059.882534337],[59035.03688197496,7166059.975231726],[59047.372629741614,7166060.095207468],[59059.75892780186,7166060.185413886],[59071.874573567824,7166060.313520148],[59084.227773360675,7166060.40216426],[59096.544563867035,7166060.431061462],[59103.378345431935,7166060.441423948],[59115.53527319408,7166060.433026882],[59127.74545576016,7166060.355744644],[59140.067427270755,7166060.273487617],[59152.37497076194,7166060.261822635],[59164.310281935905,7166060.252378739],[59175.544560189825,7166060.26237646],[59187.9100591513,7166060.301464599],[59200.27603085834,7166060.350552715],[59212.64230436558,7166060.417853853],[59224.88732095389,7166060.459474419],[59237.23371015693,7166060.454681172],[59249.60524032876,7166060.426829683],[59261.9580793918,7166060.455324041],[59274.259481489134,7166060.491545834],[59283.11621518643,7166060.505210299],[59295.258441016136,7166060.5351476455],[59307.576077762,7166060.522008484],[59319.89362324163,7166060.4445493175],[59331.89728432818,7166060.387127914],[59344.20811925555,7166060.393610583],[59356.529725352535,7166060.424650045],[59368.73510773288,7166060.454499709],[59381.10086542682,7166060.484644581],[59393.43814453186,7166060.32791626],[59405.71969428542,7166060.004071467],[59417.26737621671,7166060.004129451],[59418.016873298446,7166060.02091918],[59422.87961665669,7166060.095657729],[59430.380997972505,7166060.179353863],[59442.72936944163,7166060.195650591],[59455.09387738025,7166060.232683064],[59467.43242510513,7166060.265624896],[59479.71549945895,7166060.263846425],[59492.05463104689,7166060.175392931],[59504.40452860686,7166060.178689068],[59516.728731646086,7166060.242986465],[59529.031306189194,7166060.318441209],[59541.30302472506,7166060.455615167],[59553.539415887615,7166060.552071494],[59565.492778078944,7166060.585516417],[59577.83102366666,7166060.581251789],[59590.00002363522,7166060.549279435],[59602.36028729804,7166060.527950088],[59614.671926834446,7166060.511554789],[59626.99021275673,7166060.507362714],[59639.15992822504,7166060.435164766],[59651.09863227204,7166060.350766613],[59663.45683497499,7166060.239018885],[59675.7898179068,7166060.128203302],[59688.10697154567,7166060.014632018],[59700.259719179245,7166059.9860211145],[59712.54550905188,7166060.0104415985],[59724.89158323832,7166060.03362227],[59737.238702640345,7166060.076928505],[59749.59450901672,7166060.128618035],[59761.94767054432,7166060.193203131],[59774.31481138762,7166060.191379022],[59786.682779366965,7166060.152253799],[59799.035128377494,7166060.146697375],[59811.39928598935,7166060.146517597],[59823.76578649768,7166060.160730932],[59836.13919583394,7166060.1761607155],[59848.503563032486,7166060.215158831],[59860.74276074371,7166060.270667937],[59873.054513436975,7166060.386537503],[59885.41752994957,7166060.499757852],[59897.731953085866,7166060.598700396],[59910.0769131023,7166060.688089436],[59922.42636179004,7166060.76961888],[59934.80966683198,7166060.832597229],[59947.13350661105,7166060.789534422],[59959.49495842139,7166060.73926191],[59971.841373263975,7166060.729352366],[59984.200208291004,7166060.758158241],[59996.57688476454,7166060.789652182],[60008.92433919094,7166060.802954949],[60021.29667582299,7166060.819289366],[60033.59757508262,7166060.951756731],[60045.95141676121,7166061.155819353],[60058.31195658364,7166061.279016253],[60070.667896864994,7166061.391943199],[60083.042290517944,7166061.38529871],[60095.390542193956,7166061.337352973],[60107.73351508251,7166061.336312],[60120.07878713013,7166061.241154838],[60132.399284962856,7166061.008339776],[60144.689491825004,7166062.065167032],[60156.795657754235,7166064.525063299],[60168.11219546484,7166066.881024293],[60168.789884278085,7166067.022012074],[60170.01705910952,7166067.278208957],[60182.223834715725,7166068.671207536],[60188.59791547945,7166068.794229072],[60200.90917845146,7166068.917221484],[60213.25566463964,7166068.931413867],[60217.794053915015,7166068.942179682],[60225.53675489657,7166068.924555634],[60237.76845323085,7166068.92149785],[60250.11310086999,7166068.817203561],[60262.475035932555,7166068.686591581],[60269.75075976766,7166068.614656784],[60274.64333566278,7166068.580452319],[60286.75572390709,7166068.577965571],[60298.04516300646,7166068.427915707],[60308.96169681271,7166068.47467877],[60311.79653272417,7166068.514706809],[60313.313202190155,7166068.537218811],[60323.18520805286,7166068.700208292],[60335.54957103304,7166068.913790214],[60347.82576645608,7166069.170541776],[60360.18695817108,7166069.565582383],[60372.497886949626,7166069.896202932],[60384.84070195712,7166070.142790913],[60397.19872775191,7166070.38631542],[60409.535059573944,7166070.554479145],[60421.90516026248,7166070.596802101],[60434.14096772659,7166070.5047404915],[60445.417174032715,7166070.358017421],[60446.480350507365,7166070.339008233],[60458.762907940196,7166070.057329505],[60469.351565080404,7166069.854583977],[60471.08297180693,7166069.8296313565],[60483.43021865032,7166069.71232559],[60495.78249433817,7166069.747884212],[60508.08230760007,7166069.947515836],[60520.451228212216,7166069.951726146],[60530.92680435849,7166069.808062863],[60543.27160554653,7166069.590443997],[60555.55387364834,7166069.310777946],[60567.90017738758,7166068.882502403],[60580.26649303868,7166069.075265486],[60592.39498613682,7166070.021388811],[60604.49131278845,7166069.13259244],[60616.074076925404,7166064.85213344],[60626.07906515582,7166057.621370384],[60633.670725967444,7166047.907085748],[60639.957422181964,7166037.350341391],[60646.33014966402,7166026.732350443],[60652.64310332958,7166016.215896086],[60658.937787076866,7166005.593329463],[60665.16374358587,7165994.937508848],[60671.41085581685,7165984.302819888],[60677.63135708432,7165973.634711047],[60683.88379999099,7165962.969209095],[60687.750717825256,7165956.566095726],[60690.34800149035,7165952.4807239305],[60697.010073744226,7165942.162688952],[60703.719687088276,7165931.856881928],[60709.76806185837,7165922.579242659],[60710.48206436628,7165921.475181229],[60717.18293243676,7165911.076568311],[60723.82163425605,7165900.629035895],[60730.41861742246,7165890.199895123],[60735.47979059606,7165881.96388289],[60735.71219169343,7165881.57316911],[60736.32687555411,7165880.535800682],[60739.64175528195,7165872.275967638],[60739.938168224005,7165863.955807803],[60739.848865966895,7165863.202532708],[60739.75049240858,7165862.47383622],[60736.81738250842,7165853.30229606],[60733.834411379765,7165844.65620742],[60732.640024254855,7165835.453927369],[60732.61481243762,7165834.260185951],[60732.39243713382,7165823.085855485],[60732.24220257829,7165814.4164493065],[60732.18570987211,7165810.743564135],[60732.1982693107,7165798.478583314],[60732.63248295203,7165787.977944845],[60734.253697411914,7165778.712690618],[60737.437682141084,7165766.741649462],[60738.596720540256,7165756.672063801],[60738.85835465358,7165744.286798385],[60739.177268695494,7165731.927299848],[60739.58792027598,7165719.553722858],[60740.111500517814,7165707.189422771],[60740.60211897007,7165694.822702886],[60741.033829794615,7165682.516345745],[60741.47837166092,7165670.1936413385],[60741.92713226727,7165657.84386589],[60742.3696205857,7165645.497992757],[60742.81740731362,7165633.14729646],[60743.22549391561,7165620.787738666],[60743.559258239344,7165608.451940275],[60743.8729509759,7165596.074164987],[60744.25864601502,7165583.718643996],[60744.69097672391,7165571.354221026],[60745.04482281336,7165558.996205652],[60745.384081448196,7165546.6956831105],[60745.74378475273,7165534.450365796],[60746.11024460511,7165522.171286363],[60746.47395396611,7165509.816816463],[60746.889365028765,7165497.44950242],[60747.278511423094,7165485.066106653],[60747.63371636998,7165472.722239878],[60747.990251242416,7165460.3503182735],[60748.34157977428,7165448.157700058],[60748.65705224045,7165435.806080934],[60748.96011793881,7165423.439725561],[60749.355841492245,7165411.110743813],[60749.80970297422,7165398.781458076],[60750.06423747208,7165391.851623887],[60750.2652843243,7165386.52530735],[60750.71574569057,7165374.158703661],[60751.08823040436,7165361.810629841],[60751.5229445938,7165349.661964366],[60751.9913282544,7165337.323272496],[60752.41947289754,7165324.964595091],[60752.770019193995,7165312.991740119],[60753.14525476936,7165300.624653789],[60753.50950185594,7165288.349496951],[60753.86549891601,7165275.988550577],[60754.27575653122,7165263.650162121],[60754.67061598302,7165251.293051603],[60755.05588451552,7165238.930515805],[60755.44238994905,7165226.692409469],[60755.803900908155,7165214.344749484],[60756.13717928436,7165201.9979351815],[60756.52037625032,7165189.637329599],[60756.87854652229,7165177.650730817],[60757.25992462371,7165165.327048428],[60757.61234564881,7165152.9589858],[60757.99718689191,7165140.582329977],[60758.386263512075,7165128.22391673],[60758.8195957939,7165115.861521004],[60759.28942255047,7165103.602172198],[60759.72836201242,7165091.250067759],[60760.113368829014,7165079.4672623435],[60760.12924966926,7165078.894153716],[60760.50367599528,7165066.528148649],[60760.84587609221,7165054.140534142],[60761.23227679741,7165041.775034811],[60761.61364788312,7165029.409369441],[60762.01801473461,7165017.024582423],[60762.44737331505,7165004.66094384],[60762.86801014835,7164992.293019242],[60763.32319079334,7164979.934563519],[60763.76525140472,7164967.558571458],[60764.19310157682,7164955.185886635],[60764.586786347034,7164942.813740674],[60764.99547695363,7164930.4661898855],[60765.411072135204,7164918.120088382],[60765.84651052108,7164905.755760826],[60766.27145073307,7164893.382979378],[60766.64483214007,7164881.015827167],[60766.95662893716,7164868.6589712445],[60767.295506577066,7164856.3454339355],[60767.57924360578,7164843.9873189395],[60767.88870039297,7164831.640491949],[60768.17806707579,7164819.267569029],[60768.472920469416,7164806.929922355],[60768.80102221848,7164794.567717058],[60769.17241256096,7164782.224709378],[60769.54931514576,7164769.891767855],[60769.978084882605,7164757.565312769],[60770.440744740365,7164745.222316703],[60770.9402199412,7164732.887087572],[60771.467421054025,7164720.603083799],[60771.996301570674,7164708.259051039],[60772.48490842682,7164695.896141946],[60772.98203681735,7164683.546730159],[60773.45358993724,7164671.203138292],[60773.96983318124,7164659.053045889],[60774.52746801212,7164646.738392899],[60775.1130646955,7164634.42810513],[60775.616212026216,7164622.097993958],[60776.089275586186,7164609.879839827],[60776.55866225419,7164597.544172265],[60777.01259653218,7164585.21588021],[60777.42816599307,7164572.850560615],[60777.877130983106,7164560.502002237],[60778.000768572965,7164556.949557595],[60778.44571434776,7164544.600755411],[60778.96867902792,7164532.256525984],[60779.53034986212,7164519.942116146],[60779.99780481064,7164507.604273847],[60778.97747198562,7164496.068858917],[60774.64294408535,7164484.64401039],[60771.501278430456,7164478.59957307],[60765.908078003675,7164467.591323964],[60760.3903130485,7164456.559348887],[60759.45419997745,7164454.703390299],[60754.838185712695,7164445.573881455],[60749.25334130187,7164434.58199954],[60743.64687944902,7164423.580071071],[60738.0109054753,7164412.608928331],[60732.43499230285,7164401.573237138],[60726.9174211974,7164390.534246881],[60721.38592521497,7164379.517671781],[60715.787626993086,7164368.511105167],[60713.22108585929,7164363.498835821],[60710.121357507946,7164357.5225047935],[60704.413309207186,7164346.57317017],[60698.78469828656,7164335.637558676],[60693.10150884325,7164324.668156233],[60687.472746504995,7164313.780509989],[60684.337306664966,7164307.666161959],[60680.26962690975,7164295.995728682],[60679.55196105619,7164283.937286725],[60680.54723964358,7164271.661493089],[60681.64979367127,7164259.367471442],[60681.50681916968,7164246.997140706],[60678.80010915949,7164234.936807711],[60673.70121770451,7164223.693019666],[60667.613697830064,7164213.101630546],[60661.47321106965,7164202.351336345],[60655.44070223026,7164191.632033227],[60649.422445160104,7164180.820015011],[60643.425677582156,7164170.062233207],[60637.39142181026,7164159.338860374],[60631.35793712776,7164148.729790987],[60625.20306962682,7164137.986879386],[60619.11158691527,7164127.261825907],[60613.115627300576,7164116.465953476],[60607.160496570985,7164105.63277459],[60601.27787015721,7164094.748674692],[60595.480068213365,7164083.852376917],[60590.00342559238,7164073.263544454],[60584.44506918016,7164062.263747113],[60578.97158022685,7164051.204663545],[60573.657398121664,7164040.461586079],[60568.056245178566,7164029.431820869],[60562.35845146043,7164018.473827985],[60561.39478927583,7164016.630595098],[60558.859644330456,7164012.142409324],[60554.142612330674,7164006.574305316],[60544.250973128655,7163999.159775063],[60541.372152012074,7163997.631146165],[60531.93108313839,7163990.900072647],[60531.42785282381,7163990.426882756],[60524.02405556245,7163980.6836456135],[60518.540662689076,7163969.75646901],[60516.70676666341,7163965.864614369],[60514.29440223996,7163960.748970506],[60514.02073843061,7163960.168854147],[60513.594696139335,7163959.276842395],[60513.39697171078,7163958.858718339],[60513.33848204918,7163958.732619864],[60513.25693762244,7163958.563445566],[60512.77361449448,7163957.560590696],[60497.21472393809,7163923.569444265],[60496.75365582289,7163922.594311222],[60496.32549599896,7163921.702450648],[60495.80976545694,7163920.613451069],[60495.50941983238,7163919.978143668],[60495.3400817333,7163919.6185976],[60495.15163318027,7163919.218549254],[60491.65225320682,7163911.582436744],[60491.17528849817,7163910.509154895],[60487.84519647382,7163899.030551355],[60487.69291048311,7163886.623442818],[60489.5535331103,7163878.073348032],[60493.1195680034,7163870.014594996],[60498.25567509612,7163862.921835829],[60504.53170915856,7163857.018872222],[60513.28292342194,7163851.664759297],[60524.317404132395,7163846.015193075],[60534.93118355004,7163840.577740507],[60545.498074943025,7163835.1811586805],[60556.54616266856,7163829.606653551],[60567.60847457993,7163824.089141071],[60578.63849582855,7163818.530350585],[60587.065510675835,7163814.137288015],[60597.090885325975,7163806.975902539],[60604.91303189634,7163797.441131275],[60610.12138247915,7163786.234996301],[60612.29441678326,7163774.064931833],[60612.947933010524,7163761.7317556795],[60613.40559788892,7163751.978079772],[60613.94454349065,7163739.512067335],[60614.40785381949,7163727.167836208],[60614.88509786379,7163715.344390061],[60615.40889365412,7163703.700512858],[60615.98635026376,7163691.782862404],[60616.651381053845,7163679.421522906],[60617.2778201148,7163667.063684985],[60617.79198047699,7163654.689701424],[60618.28420026007,7163642.327432365],[60618.69907372608,7163630.117430097],[60619.135728104564,7163617.7297812905],[60619.51969462726,7163605.870269455],[60619.92815829895,7163593.522005204],[60620.351508801105,7163581.934118086],[60620.74720079586,7163569.966707593],[60621.13252091472,7163558.130451905],[60621.48610405758,7163545.736172669],[60621.80692850717,7163533.449430369],[60622.179523283965,7163521.0285683125],[60622.60420955927,7163508.6499634925],[60623.025941924425,7163496.302913671],[60623.42888120393,7163483.899712304],[60623.70857892418,7163471.522650855],[60623.963721536624,7163459.6453348],[60624.28989852901,7163447.300571701],[60624.70130857045,7163435.418974252],[60625.30098753737,7163423.05491982],[60626.043820865336,7163411.22402442],[60626.32543614006,7163407.398574582],[60628.8380325553,7163395.383327258],[60634.35744924343,7163384.362177196],[60634.360204395954,7163384.358047804],[60642.549737283785,7163375.083871409],[60652.395499315695,7163368.288852802],[60663.35321049049,7163362.638824692],[60674.35735210747,7163357.174684769],[60685.33204510517,7163351.509987013],[60695.8591815033,7163345.989659245],[60706.82352305879,7163340.2900651125],[60711.91342996666,7163337.722296955],[60722.876644642616,7163333.859728672],[60735.15957681695,7163332.748068191],[60746.98835879762,7163333.341753796],[60759.092583532445,7163334.073796108],[60771.066410112835,7163334.887040973],[60782.484207573,7163335.661710093],[60794.59725785599,7163338.042833393],[60805.64216422237,7163343.227985849],[60815.394753167,7163350.4380031135],[60824.010118412436,7163358.117033863],[60832.82899689174,7163366.048108501],[60841.9638725383,7163374.387648176],[60849.74190910149,7163381.372099968],[60853.637128996954,7163384.826045396],[60863.801674968796,7163391.772179119],[60874.70779531065,7163395.875273459],[60887.0721188063,7163397.517258383],[60899.461415781465,7163397.700262197],[60911.67175827728,7163397.931103852],[60924.0966837341,7163398.252199202],[60935.99888891558,7163398.575250823],[60948.34447381797,7163398.965562684],[60960.57212702109,7163399.346197244],[60972.79349595832,7163399.6516467435],[60975.08385413251,7163399.706324974],[60987.10540606384,7163399.986733291],[60999.50755385717,7163400.411737716],[61011.88918049581,7163400.8572663525],[61024.11977929715,7163401.264372188],[61036.500896953745,7163401.679430249],[61048.77200243896,7163402.043202807],[61060.73687464808,7163402.420186432],[61072.73872566281,7163402.8333632285],[61084.95866783097,7163403.233508914],[61097.323005798564,7163403.763127356],[61109.59286449349,7163404.421003841],[61121.264630277525,7163405.029935662],[61133.02195708698,7163405.499964627],[61145.13869523804,7163405.953736836],[61157.06063501665,7163406.428839647],[61157.0745197137,7163406.429297505],[61162.95033791626,7163406.645156581],[61174.315946205636,7163407.084684193],[61185.17128239636,7163407.417528104],[61196.988074622815,7163407.75785365],[61209.27350113954,7163408.221238606],[61221.613824106054,7163408.806701308],[61234.07598378329,7163409.393281831],[61245.99539521814,7163409.901983781],[61257.85875192366,7163410.317534801],[61270.20153238054,7163410.666362122],[61281.969469933014,7163410.908711505],[61294.34957234014,7163411.176339541],[61306.76588509162,7163411.454589915],[61316.3811805679,7163411.705689903],[61328.71411644132,7163412.077905474],[61330.08842117549,7163412.119430218],[61341.026429272606,7163412.473752159],[61353.39996894001,7163412.882156303],[61365.603550865315,7163413.28250377],[61377.300247678475,7163413.659803074],[61389.216441230266,7163414.015006233],[61401.1056523234,7163414.35453835],[61412.9075791738,7163414.698846448],[61425.17515430186,7163415.104024667],[61437.192695011094,7163415.522608619],[61449.48600424279,7163415.913952404],[61461.71796657337,7163416.277941414],[61473.56096896884,7163416.63787601],[61485.91556206514,7163417.012436228],[61496.25250592141,7163417.358597093],[61508.17084840761,7163417.369920538],[61519.956243471766,7163417.059996974],[61532.11713902227,7163416.789533755],[61544.30366038991,7163416.441272978],[61556.06184224284,7163416.0735584125],[61568.37751237344,7163415.816158155],[61580.745585763594,7163415.689303298],[61593.09443240648,7163415.510049492],[61605.44105685275,7163415.2575223055],[61617.7718321298,7163414.8806292955],[61630.12462079467,7163414.45913753],[61642.51936871384,7163414.060229197],[61654.91567500343,7163413.769866943],[61666.7230261488,7163413.654672557],[61678.91532198654,7163413.478735639],[61691.18073431711,7163413.315191273],[61697.114086065674,7163413.238732606],[61709.3456928723,7163412.9149088245],[61721.07350203575,7163412.4681975115],[61733.39226806647,7163411.9994012],[61739.762526716106,7163411.767612062],[61752.10877112753,7163411.5836849315],[61764.33714725054,7163411.538022258],[61776.70531662594,7163411.382448606],[61789.07680065895,7163411.1261300575],[61801.45619973383,7163410.874058971],[61813.82108944823,7163410.615945812],[61826.137519770826,7163410.290811341],[61838.463534632814,7163409.891681988],[61848.913751492684,7163409.509302654],[61861.27610550844,7163409.884660829],[61873.40358371346,7163412.288118129],[61884.763831258286,7163415.420736991],[61896.20215572644,7163418.262272702],[61908.38348951953,7163419.972343847],[61920.73132885428,7163419.488228977],[61932.723865997454,7163416.720007807],[61944.5302112748,7163412.854816437],[61955.981408804306,7163409.36274882],[61963.68811941525,7163407.129674863],[61975.79979445244,7163404.538593724],[61988.0975953482,7163403.872411484],[62000.446530731744,7163404.189448938],[62002.72847646836,7163404.235566753],[62014.721840803104,7163404.403285026],[62027.00353387074,7163404.388459021],[62039.023024839466,7163404.052914526],[62051.36690740334,7163403.366312718],[62063.179159709776,7163402.3986599445],[62075.51315374754,7163401.89296066],[62087.72818277578,7163402.021152057],[62100.17399425461,7163402.016768766],[62111.989376178884,7163401.899450538],[62123.75618525583,7163401.822615388],[62136.17219519382,7163401.872748067],[62148.29779348592,7163401.657432659],[62160.42393502174,7163401.189796585],[62170.81962549058,7163401.042154867],[62183.1583532613,7163400.955097297],[62195.502682301565,7163400.780364499],[62207.53826732992,7163400.548374347],[62210.49150992808,7163400.47827129],[62222.76027427515,7163400.086682672],[62234.64904906589,7163399.672587829],[62243.736443942005,7163399.2772817165],[62246.47379947681,7163399.156311879],[62258.714409251,7163398.649706516],[62271.04682489473,7163398.346683411],[62282.035027807055,7163397.2163551655],[62293.15811359882,7163393.52531304],[62303.75416289008,7163387.487122332],[62312.31215321057,7163379.199797472],[62319.08037003444,7163368.969369801],[62324.49245962303,7163357.894044347],[62328.31637486874,7163349.979213517],[62329.64399132918,7163347.216404246],[62334.22505744622,7163337.392484868],[62339.02031087817,7163326.614278516],[62343.98001021409,7163315.288625951],[62348.942977265746,7163304.083912978],[62353.936499882955,7163292.740047308],[62359.02836687828,7163281.406967386],[62363.85464698821,7163270.560255423],[62368.85807120998,7163259.273020785],[62373.72385138,7163248.388624879],[62378.79394510185,7163237.278833372],[62383.852542413806,7163225.991634453],[62388.9130102325,7163214.730040103],[62393.78573293169,7163203.915504424],[62398.737391279195,7163192.896438245],[62399.549393469875,7163191.086329984],[62404.6929580397,7163179.836240079],[62409.869995089306,7163168.744177185],[62414.26277075597,7163159.322977489],[62418.33117781393,7163150.448406514],[62422.12079059397,7163142.186377505],[62427.23110700905,7163131.192960177],[62427.23240189231,7163131.19033733],[62432.343048217415,7163120.257124357],[62437.49961861322,7163108.971585769],[62442.331368132494,7163098.2678669095],[62447.381255004264,7163087.44815575],[62452.30919963471,7163076.83566897],[62457.332347552816,7163065.569840401],[62461.981531333935,7163054.652879262],[62466.79992799321,7163043.2515990995],[62471.52100211877,7163032.35332665],[62476.315737719066,7163021.472135665],[62481.13904587814,7163010.594771201],[62486.05901037529,7162999.730468692],[62491.18425073166,7162988.449001985],[62496.328322228044,7162977.191920513],[62501.33168303309,7162966.277938335],[62506.44784010557,7162955.143435659],[62511.41784531309,7162944.223468879],[62516.385748050874,7162933.364181785],[62521.32316937327,7162922.601624005],[62526.28054545348,7162911.844608339],[62531.23086675763,7162901.04771195],[62536.33517684764,7162889.794426799],[62541.45322015538,7162878.549033515],[62546.520250620844,7162867.289634773],[62551.39691792603,7162856.446890122],[62556.05715498113,7162846.063144627],[62561.000945099746,7162835.154304307],[62565.827513585566,7162824.410308352],[62570.644527209806,7162813.647339752],[62575.711788579065,7162802.422595527],[62580.606627733796,7162791.617205502],[62585.54493536061,7162780.773040574],[62590.713170504256,7162769.46632075],[62595.86688481766,7162758.316160573],[62599.63015694264,7162750.157533658],[62604.62915402674,7162739.26793938],[62609.74109311856,7162728.0001250515],[62614.84925686306,7162716.892888585],[62619.88059701555,7162706.011463495],[62625.094190658885,7162694.80329616],[62630.21469341678,7162683.675473189],[62636.77556493337,7162674.105627655],[62645.26714241842,7162665.516043836],[62653.825925312995,7162656.609703933],[62662.37430798274,7162647.728340043],[62670.94707722234,7162638.950392845],[62679.51386855345,7162630.206895955],[62687.760081886605,7162621.824683387],[62696.07911400957,7162613.47273691],[62704.70106159983,7162604.830440262],[62712.7297819081,7162596.923731059],[62721.07564924529,7162588.66139248],[62729.67843696056,7162580.083202744],[62732.130304705526,7162577.626538198],[62740.89712378138,7162568.812959203],[62749.60401201324,7162560.008401446],[62758.290536132,7162551.124429805],[62766.54838670412,7162542.602744296],[62775.14446059067,7162533.712238793],[62783.72601738467,7162524.8003734695],[62792.023874705425,7162516.307646177],[62800.32201115147,7162507.6222374085],[62808.557436035364,7162498.73630204],[62814.932396418706,7162492.059044],[62823.17243531684,7162483.669576726],[62831.63068256073,7162475.167555507],[62840.08103933383,7162466.650944844],[62848.68755163206,7162457.709553253],[62856.844989886216,7162449.132333844],[62864.99150926765,7162440.654150072],[62873.72088682314,7162431.727224905],[62882.088378137036,7162423.31560085],[62890.77801876515,7162414.702325419],[62899.20635588345,7162406.412192848],[62907.608869140735,7162397.994267989],[62915.94902451971,7162389.447794742],[62924.48929577292,7162380.717094282],[62933.093563546194,7162371.90808638],[62941.426651252084,7162363.201779025],[62949.49376629677,7162354.620555448],[62957.63375780522,7162347.750694869],[62967.78805820533,7162341.390577896],[62977.81942994293,7162335.169904086],[62987.737668130314,7162328.980602152],[62997.78240287019,7162322.7234841045],[63007.90537240094,7162316.359315366],[63018.08609301917,7162310.088550122],[63028.10999733501,7162303.869822532],[63037.1327068776,7162298.089755202],[63047.40312348335,7162291.435990207],[63057.190435111756,7162284.971697296],[63067.13773254445,7162278.31530289],[63077.17583136971,7162271.834581406],[63087.40901466081,7162265.374810525],[63097.5515237276,7162259.1211785115],[63107.77976932534,7162253.025727328],[63118.22815192846,7162246.915177388],[63128.42599460174,7162241.00884725],[63138.66023344331,7162234.901690862],[63148.409875896585,7162227.162045908],[63149.285350853286,7162226.269901486],[63151.644247851684,7162223.836895652],[63156.96738070418,7162218.315639072],[63165.45744981896,7162209.624050632],[63170.337024778535,7162204.701266286],[63173.93142868887,7162201.084746653],[63182.26283294393,7162192.706678253],[63190.542279387766,7162184.217618644],[63191.49665816018,7162183.237995183],[63199.098022722756,7162175.499852927],[63201.90903482144,7162172.633123351],[63202.30678599619,7162172.226939557],[63202.32242278621,7162172.21079429],[63202.32586287899,7162172.2072423315],[63207.567259405274,7162166.833772525],[63215.84112200345,7162158.323640255],[63224.04335917148,7162149.948753963],[63224.30683793343,7162149.681314813],[63232.450811808405,7162141.418124614],[63236.57029296068,7162137.249328471],[63240.779275486944,7162133.026164278],[63246.82803233538,7162127.014844077],[63249.452834836615,7162124.4080893025],[63249.519356020784,7162124.342083765],[63257.65969000582,7162116.283888614],[63258.04907453491,7162115.899307497],[63266.292676075245,7162107.701567585],[63274.537553048634,7162099.409466596],[63283.145057077345,7162090.571978111],[63291.42126329383,7162082.091877667],[63299.8250978454,7162073.598305983],[63308.45061318955,7162064.849245227],[63316.8098379586,7162056.339542141],[63325.130069437146,7162047.860762304],[63333.639072690974,7162039.297553046],[63341.988503095636,7162031.033067748],[63350.32926199003,7162022.676560195],[63358.72177594545,7162014.307754921],[63367.04411927523,7162005.990061513],[63375.4966115657,7161997.440971743],[63384.03341842373,7161988.869436078],[63392.255696432956,7161980.592537424],[63400.642216384935,7161972.189978303],[63409.02810962516,7161963.800055737],[63417.41905348189,7161955.397079542],[63425.8965107844,7161946.815692795],[63434.283055411186,7161938.245422704],[63442.81757673208,7161929.661459634],[63451.16107896884,7161921.33720715],[63459.53518957569,7161912.939213772],[63467.86601858324,7161904.644524045],[63476.1973762135,7161896.176930815],[63484.83062490291,7161887.467585124],[63493.31563989492,7161879.092097577],[63501.97404021252,7161870.536274798],[63510.26875968813,7161862.198735578],[63518.324851291254,7161853.926881721],[63526.72134067555,7161845.298594182],[63535.14596290077,7161836.702655861],[63543.4809566827,7161828.299678886],[63551.86281115736,7161820.008961094],[63560.29316726816,7161811.6577500515],[63568.654995293124,7161803.276966369],[63577.08340724418,7161794.711231595],[63585.4548320694,7161786.206148872],[63593.833141216426,7161777.776363738],[63602.1789438671,7161769.385489283],[63610.61050965078,7161760.891143174],[63619.047284038796,7161752.458712622],[63627.372789736895,7161743.988754857],[63635.72117984289,7161735.499332018],[63643.98652094754,7161727.146669412],[63652.40727776528,7161718.617967459],[63661.00172053499,7161709.961025003],[63669.34921073797,7161701.64814066],[63678.12115802034,7161692.973359487],[63686.80988400243,7161684.5449466705],[63695.53097133059,7161676.072169134],[63704.26370764931,7161667.554014143],[63712.8648431428,7161659.016433971],[63721.27326276078,7161650.471306067],[63729.40127654298,7161641.902538072],[63737.41738012282,7161633.346532097],[63737.42416644131,7161633.339202801],[63745.736197495775,7161624.738261336],[63754.23949137208,7161616.139370637],[63762.81050358951,7161607.443634346],[63771.166078660404,7161598.880426768],[63779.66468612413,7161590.285258647],[63788.27324874484,7161581.739338476],[63796.664702159644,7161573.426066395],[63796.68739285448,7161573.40359965],[63805.09336639079,7161565.104793584],[63813.38018026727,7161556.766536954],[63821.6289659242,7161548.417589668],[63830.08647079911,7161539.845484729],[63838.45331850776,7161531.439543445],[63842.493662894645,7161527.406183461],[63851.32469827816,7161518.614766089],[63859.62316966761,7161510.376824575],[63868.28533044853,7161501.670483898],[63876.44695594575,7161493.471470682],[63884.80281747307,7161485.082474748],[63893.17860462173,7161476.650594269],[63901.637411820004,7161468.109709157],[63909.92414299521,7161459.693558726],[63918.41644853202,7161451.076358075],[63926.98373417894,7161442.47860457],[63929.349586751894,7161440.104485673],[63934.49252787238,7161434.958154011],[63935.38437638979,7161434.067178806],[63935.67995429144,7161433.772019134],[63944.31975811825,7161425.133323943],[63952.68931065523,7161416.717317578],[63961.248089531204,7161408.055190355],[63969.68374960119,7161399.514295021],[63978.08733195561,7161390.987003874],[63986.481567440846,7161382.483391145],[63994.85982243548,7161374.033780102],[64000.63785568194,7161368.291443404],[64009.16764397989,7161359.676210973],[64017.73434038978,7161351.025314052],[64026.28733648732,7161342.466364],[64034.968483117875,7161333.7425827645],[64043.69641328789,7161325.028994147],[64052.22539502126,7161316.479685072],[64060.50860239775,7161308.128436798],[64069.107023670746,7161299.401706475],[64077.703928566945,7161290.684029477],[64085.99038557528,7161282.321771535],[64094.72122489015,7161273.67100347],[64103.38423322083,7161264.868080569],[64111.8426538186,7161256.275563909],[64120.27607793879,7161247.797057443],[64128.96299788152,7161239.059320629],[64137.512571595726,7161230.495990852],[64146.205718557874,7161221.727354689],[64154.65108303586,7161213.181258218],[64161.8741815798,7161205.871250803],[64170.541197186045,7161197.127734941],[64179.23821038916,7161188.313566762],[64187.64580493531,7161179.726459963],[64196.237888260104,7161171.154281342],[64204.938610632904,7161162.407191099],[64213.566152953135,7161153.62504771],[64213.62688967079,7161153.563180607],[64222.197608537215,7161144.8307015635],[64230.781755979,7161136.063009689],[64239.263071629975,7161127.338476788],[64247.83340011927,7161118.537007652],[64256.440324922965,7161109.7216305435],[64264.880186673196,7161101.093347485],[64273.04387808719,7161092.751977032],[64281.56094742747,7161084.130104326],[64289.83754638961,7161075.741341101],[64298.06743379118,7161067.4471079875],[64306.36609947594,7161059.152571123],[64314.63499050727,7161050.838286458],[64323.225112139655,7161042.127390178],[64323.266468762304,7161042.085322151],[64331.7457702519,7161033.369458016],[64331.85093959741,7161033.260736801],[64340.438716551056,7161024.451693081],[64348.969398951565,7161015.774376338],[64357.62590716069,7161007.036765989],[64366.283886177174,7160998.435244844],[64374.78340137645,7160990.004330717],[64383.36498398235,7160981.401076319],[64392.03505868936,7160972.6967685],[64392.100048908615,7160972.631042179],[64400.51222217351,7160964.083422022],[64400.610669047164,7160963.9831426265],[64409.280244267895,7160955.164311377],[64417.77954582492,7160946.49237863],[64426.349492722366,7160937.677050317],[64434.77468137315,7160928.989022262],[64437.32450964232,7160926.375879824],[64438.02841338434,7160925.656193548],[64438.126040432195,7160925.556331333],[64443.09126764268,7160920.486562413],[64443.13387423614,7160920.443202408],[64451.66422189301,7160911.8120309245],[64460.4113570638,7160903.095003529],[64469.116742729675,7160894.357947027],[64477.725508910895,7160885.640488103],[64486.3084641234,7160876.908297854],[64494.968666661705,7160868.070909461],[64503.65437965561,7160859.281330053],[64508.62235551642,7160854.29215119],[64510.686057574465,7160852.2208017465],[64519.298331475,7160843.597505032],[64528.04363913165,7160834.884386322],[64536.8012777323,7160826.234081585],[64545.42559238849,7160817.641819688],[64551.614305504074,7160811.333727],[64560.28340379341,7160802.529585758],[64569.00140899402,7160793.778350892],[64577.71295545559,7160785.024124274],[64586.41785485373,7160776.241912002],[64594.636460625974,7160767.865894631],[64603.24548128585,7160759.046551447],[64611.52381670609,7160750.555651951],[64620.162161133194,7160741.682733197],[64628.427312302636,7160733.114099614],[64637.05826284486,7160724.358651493],[64645.86582581792,7160715.729257971],[64654.5095853465,7160707.15391135],[64662.81536543759,7160698.810040038],[64671.08209555299,7160690.652794123],[64679.611491561634,7160682.106342047],[64687.729101428995,7160673.75130073],[64696.30888383824,7160665.073890126],[64703.95435334451,7160657.529197338],[64709.03886834602,7160652.565219026],[64717.79423203046,7160643.86956059],[64718.17114356998,7160643.481988369],[64726.439483135415,7160634.990603342],[64734.16905493196,7160627.069061944],[64734.65396068664,7160626.569304794],[64742.320477933274,7160618.977088028],[64750.9665140498,7160610.383783134],[64757.95630212419,7160603.441404397],[64761.50579645572,7160599.903313479],[64769.282675553695,7160592.205642505],[64777.852616766,7160583.6041705785],[64786.31962453673,7160574.956901295],[64786.347239354334,7160574.9284865465],[64793.52016054781,7160567.5554177],[64793.53130850522,7160567.544010721],[64801.89538621681,7160559.007419802],[64810.52406369633,7160550.2714798],[64818.92345300049,7160541.873636732],[64827.52631504554,7160533.187374894],[64836.20351651893,7160524.438464106],[64844.80453987431,7160515.890732957],[64853.56540299463,7160507.270824544],[64862.20276277512,7160498.624435835],[64870.55386883643,7160490.149250103],[64879.13170239347,7160481.327324515],[64887.4471090578,7160472.785439974],[64895.81204026402,7160464.11457104],[64895.825171838515,7160464.101007804],[64897.43268844503,7160462.41471023],[64906.00639721734,7160453.690034581],[64913.04241186887,7160446.745561136],[64921.66855718114,7160438.2886859225],[64930.35632981919,7160429.834490493],[64938.86638306349,7160421.425893203],[64947.38893468189,7160412.687420275],[64955.88485510048,7160403.950071117],[64960.01534190605,7160399.701655509],[64968.794629966374,7160390.988012971],[64977.223914259055,7160382.732123353],[64985.805840638175,7160374.300870808],[64994.365461487265,7160365.90164608],[65002.92541275022,7160357.513534082],[65011.68527531583,7160348.884083744],[65020.20586339687,7160340.5412085485],[65028.72229898418,7160332.229511619],[65037.52533766918,7160323.768935407],[65046.41952411446,7160315.387411481],[65052.2366106477,7160309.88559748],[65060.25403350056,7160300.504190397],[65066.96423208347,7160290.11070592],[65073.36816401401,7160279.903322544],[65079.78268456232,7160269.759808178],[65086.47468607436,7160259.438465005],[65093.11109310808,7160249.234130852],[65099.04971620324,7160240.029010309],[65102.502801276976,7160234.6341806855],[65108.899532230746,7160224.5346106645],[65115.30178850831,7160214.1335919],[65116.82708789781,7160211.6008950155],[65119.046021330985,7160207.896931818],[65120.09838949435,7160206.13281505],[65120.9957894758,7160204.624164829],[65121.45906740258,7160203.842830354],[65127.6959087681,7160193.212840574],[65131.91018327087,7160185.972398344],[65132.57775216509,7160184.82526652],[65133.84144931915,7160182.655602209],[65140.058255329204,7160172.061935833],[65146.25398016465,7160161.47835077],[65152.460021015606,7160150.8623404205],[65158.66802421369,7160140.186089577],[65164.82458788535,7160129.518371528],[65170.96190925373,7160118.958413174],[65177.07616066618,7160108.46932978],[65183.15161974332,7160097.940772677],[65189.202050383436,7160087.432162901],[65195.323744932364,7160076.91177934],[65201.39164599433,7160066.447272537],[65207.53576548316,7160055.89341487],[65213.70524541853,7160045.339719267],[65219.90229802061,7160034.84167495],[65226.22202572069,7160024.314659079],[65226.22511322581,7160024.309540462],[65232.35449680517,7160014.149665767],[65238.62515360804,7160003.484665204],[65244.89338871656,7159992.881108975],[65251.03814658185,7159982.432099629],[65257.23778371891,7159971.785761216],[65263.4159247615,7159961.134498149],[65269.67050447245,7159950.4517512545],[65275.910877288436,7159939.827508885],[65282.144143100944,7159929.214027196],[65287.73345634859,7159919.746453115],[65294.03905633872,7159909.115900301],[65300.16771776375,7159898.581285229],[65300.77442326525,7159897.508676015],[65306.340610939194,7159887.716170099],[65312.31451154675,7159877.104081734],[65318.364857901586,7159866.340236351],[65324.25523023383,7159855.495416947],[65329.953548240126,7159844.771584192],[65331.06830955786,7159842.6961013395],[65335.70529129909,7159834.021067683],[65341.5054639054,7159823.359646149],[65347.41805598658,7159812.718003761],[65353.479964846454,7159802.211734667],[65359.71970974811,7159792.003246488],[65365.8797731247,7159781.884882167],[65372.256965935114,7159771.466327259],[65378.658063412295,7159761.190926118],[65381.43897217966,7159756.589336279],[65387.1592332985,7159746.420600461],[65387.7641447417,7159745.337824734],[65393.02440463647,7159736.152543957],[65398.31710811058,7159726.96332586],[65399.00779787265,7159725.7668580385],[65405.01094932656,7159715.70654381],[65411.379264773685,7159705.333000397],[65417.96399603877,7159694.868804537],[65424.390672647394,7159684.489726096],[65430.7534552603,7159674.13676464],[65437.10069187457,7159663.553852413],[65443.329365859914,7159652.882992195],[65449.540965960536,7159642.241335153],[65455.61641345912,7159631.988027722],[65459.13444123394,7159625.960039591],[65465.37668668025,7159615.282733011],[65471.568861043255,7159604.800022807],[65477.77465013502,7159594.300987113],[65483.993212617585,7159583.799036123],[65490.297478351335,7159573.133080989],[65496.498924828134,7159562.575150846],[65502.59559469798,7159552.2035869695],[65508.8410548463,7159541.7309403755],[65515.100621908205,7159531.229990324],[65521.483771303494,7159520.653675349],[65527.82745840057,7159510.236987935],[65533.992136894434,7159500.05365915],[65540.20024627575,7159489.681177935],[65546.23773445672,7159479.4210571945],[65552.36597946938,7159468.759216653],[65558.22332766786,7159458.428124649],[65564.26197315223,7159447.7838971745],[65570.4092055384,7159437.2149608135],[65576.69509096863,7159426.630122501],[65583.08806232468,7159416.117194306],[65589.5316896853,7159405.588263094],[65595.83096683881,7159395.135014837],[65602.12482582958,7159384.5331069175],[65608.35167429736,7159374.015740952],[65614.57978737965,7159363.4933064245],[65620.78619306599,7159352.978601038],[65626.99764148775,7159342.358667613],[65633.24792407616,7159331.711683376],[65639.30306159,7159321.369828077],[65645.54533103277,7159310.745678712],[65651.7630165068,7159300.1156157255],[65657.92108031217,7159289.584329402],[65664.12463225645,7159278.917930819],[65670.33707255777,7159268.253487317],[65676.40210766444,7159257.884517155],[65677.68745819584,7159255.682220405],[65682.62290773191,7159247.311853906],[65688.87550498813,7159236.838068525],[65695.21351680323,7159226.202823242],[65701.3768759339,7159215.674032911],[65707.51507506776,7159205.0984418895],[65713.67895758903,7159194.55311881],[65720.00208232505,7159183.9379266035],[65726.25379094045,7159173.49897533],[65732.6286664069,7159162.920232287],[65738.86550576024,7159152.48901025],[65744.56073454453,7159142.847010016],[65750.77469167352,7159132.342185145],[65757.089302679,7159121.782567158],[65763.3780706629,7159111.3171663005],[65769.68094232155,7159100.854335099],[65775.95333115186,7159090.365851836],[65781.61632454139,7159080.830736199],[65787.63970944844,7159070.724137243],[65793.9490971762,7159060.174890539],[65800.21196766722,7159049.680871201],[65806.12607283401,7159039.574694479],[65811.89642706799,7159029.70780631],[65817.55476580671,7159020.070360636],[65823.73118826182,7159009.524868486],[65829.97166572278,7158998.861417944],[65836.1006441873,7158988.297603182],[65842.29355899949,7158977.674907489],[65848.53904276533,7158967.02383263],[65854.74259353819,7158956.367832185],[65860.33323245577,7158946.770033315],[65860.95292683336,7158945.704278221],[65860.95794027724,7158945.695668715],[65867.07637791306,7158935.163486795],[65873.29531647632,7158924.802947639],[65879.69654127839,7158914.354300756],[65886.12169761013,7158903.989503695],[65892.52197000838,7158893.76970722],[65898.96334745962,7158883.490283317],[65905.3837551573,7158873.192959059],[65911.83836737566,7158862.705181087],[65918.19139105285,7158852.189427569],[65924.4719289816,7158841.596230658],[65928.69363946508,7158834.3701302465],[65928.69822516106,7158834.362284139],[65929.2249532566,7158833.44219226],[65935.290890334,7158822.9393754415],[65941.17174980557,7158812.776001622],[65947.26478072483,7158802.195329675],[65953.40613611555,7158791.676094225],[65959.61058798799,7158781.151367516],[65965.86531234859,7158770.526777932],[65971.85203803692,7158760.477690117],[65978.15224770742,7158750.047375579],[65984.62441820296,7158739.573703279],[65986.47052790155,7158736.623991721],[65987.5341581108,7158734.949610204],[65991.16301208746,7158729.137515329],[65997.71069303685,7158718.841996184],[66002.88084469287,7158710.836284733],[66006.62175986776,7158704.946668141],[66009.40493783739,7158700.461031921],[66015.81123355054,7158689.996194234],[66021.97751422192,7158679.743512748],[66028.24859486858,7158669.272033155],[66034.28203203192,7158659.121954458],[66040.62189950602,7158648.48902463],[66046.93143544195,7158638.063108222],[66053.22308790783,7158628.057948373],[66059.959046804,7158617.731806386],[66065.66842944687,7158607.320593796],[66070.89615692804,7158596.480964126],[66071.6744469495,7158594.877327581],[66074.93330736802,7158588.191014741],[66076.63205837924,7158584.730627922],[66082.16458751791,7158574.277430651],[66087.99584062002,7158563.990134894],[66094.05856126145,7158553.295610121],[66100.30181205907,7158542.6004296895],[66106.53221451218,7158531.987008747],[66112.6939570643,7158521.422539692],[66118.11992337607,7158512.103389284],[66123.57995592186,7158502.832215865],[66128.85779094725,7158493.997531766],[66134.81086305284,7158483.988844819],[66141.11970743863,7158473.422845008],[66147.44305208983,7158462.67774188],[66152.62897542515,7158453.721777539],[66158.67117645184,7158443.104085321],[66164.61367613252,7158432.678147205],[66170.78641806473,7158421.956327315],[66176.69580058649,7158411.936542768],[66183.02927188622,7158401.299041533],[66189.37196505733,7158390.662506442],[66195.7038618779,7158379.9801958855],[66201.99112010683,7158369.264886301],[66208.27283752721,7158358.601812188],[66214.5147412055,7158347.915225297],[66220.47934358148,7158337.747311512],[66226.69469341153,7158327.062519975],[66232.9307173778,7158316.360966789],[66238.15603323799,7158307.391836713],[66244.3813352575,7158296.786881592],[66250.55905108282,7158286.171375466],[66256.7694033449,7158275.533501428],[66262.96186250035,7158264.848287642],[66268.88084911148,7158254.604689493],[66274.83779328043,7158244.385429215],[66280.98597007978,7158233.748295695],[66286.90324121626,7158223.414683613],[66293.08810941386,7158212.7386551555],[66298.96471774112,7158202.641591618],[66305.08997703128,7158192.224259013],[66311.3104036029,7158181.599251471],[66317.14243212657,7158171.642656117],[66318.29824674584,7158169.6648728475],[66324.59225416137,7158160.880107796],[66332.85546907072,7158152.295691704],[66341.68423276558,7158144.245700641],[66349.15725392342,7158137.544056476],[66357.82591186004,7158129.719489856],[66366.95554942067,7158121.457203237],[66375.7870734845,7158113.407730812],[66384.96816311323,7158105.206196731],[66394.38242619263,7158097.972116099],[66404.87543916341,7158092.053712657],[66415.45455484994,7158087.2411069535],[66426.79009867,7158082.364792975],[66438.05959908379,7158077.750290878],[66449.51876281918,7158073.2004987],[66460.37774975813,7158068.889526725],[66471.82820285001,7158064.183513302],[66483.33840949467,7158059.941206336],[66494.56565355376,7158056.3297703955],[66506.25129542517,7158052.300956107],[66517.79372491618,7158048.131638292],[66529.27143175149,7158043.835262862],[66540.61025324912,7158039.481705501],[66552.20381566614,7158035.114466352],[66563.16236415668,7158031.020229264],[66574.72016756848,7158026.776408779],[66585.92397600703,7158022.647182869],[66597.12260234304,7158018.469804207],[66608.35280873254,7158014.308551472],[66619.52871188527,7158010.308656797],[66631.22712170897,7158006.181769543],[66642.45377248904,7158002.171853626],[66653.68823278649,7157998.264798334],[66665.36845470034,7157994.176160252],[66671.163241214,7157992.143185488],[66682.66530382354,7157988.019179743],[66694.04091396439,7157983.663711201],[66694.94753364887,7157983.325818209],[66705.75825490511,7157979.389904752],[66716.94303735875,7157975.350138019],[66728.57672209211,7157971.100348376],[66739.86568208388,7157966.949578519],[66751.05392602546,7157962.914008791],[66762.2341197033,7157958.82253016],[66772.01057150267,7157955.158222828],[66773.35566186853,7157954.652391477],[66784.46309110208,7157949.331598466],[66794.2485648999,7157942.202688437],[66803.55845312594,7157934.107746608],[66806.07008834695,7157931.964944169],[66815.56513233518,7157923.835058086],[66824.38648299052,7157916.195147606],[66833.66467008495,7157908.18822189],[66842.76237264014,7157900.411726464],[66851.87164096942,7157892.588961274],[66860.9116003355,7157884.85677175],[66870.33138493547,7157876.816022288],[66879.37614650984,7157869.053218577],[66888.67011562281,7157860.933838697],[66897.95618250186,7157852.710694326],[66907.24782129098,7157844.538589781],[66915.95121922129,7157836.903562177],[66924.62903157517,7157829.370531832],[66933.71610256383,7157821.549335035],[66943.17641870765,7157813.599602392],[66952.1834743048,7157806.020993525],[66961.12786140526,7157798.496085357],[66968.70565385016,7157792.121429648],[66969.89186092268,7157791.115434349],[66979.29899928998,7157783.072440727],[66984.45884212473,7157778.599230524],[66988.38483921275,7157775.172773283],[66997.50211832375,7157767.068122182],[67006.68720132147,7157758.819531262],[67015.28288579709,7157751.115978612],[67024.00014587253,7157743.311329981],[67033.21799778315,7157735.248477074],[67042.5847011311,7157727.195804192],[67051.8238319183,7157719.273119394],[67061.15291891247,7157711.2526377365],[67070.49648301402,7157703.2169649415],[67079.89929321344,7157695.136132609],[67089.24139970617,7157687.0456535285],[67098.53379881487,7157678.950994821],[67107.35253443965,7157671.310088803],[67109.34558910556,7157669.584889728],[67118.76571360487,7157661.502603481],[67128.07781049953,7157653.636343153],[67137.1431371001,7157646.082421976],[67146.54204978002,7157638.087717651],[67155.48434018792,7157630.342206883],[67164.78987541172,7157622.391757859],[67174.09430988552,7157614.446932038],[67183.44100760872,7157606.446731076],[67192.42637544946,7157598.604435787],[67201.64042497397,7157590.380126734],[67210.5453814945,7157581.98981821],[67219.50809136964,7157573.464237312],[67228.53646259994,7157564.94989907],[67237.17849258333,7157556.891386185],[67246.1451627519,7157548.527393695],[67255.18204925198,7157540.170794269],[67264.28420053958,7157531.766566037],[67273.50393718848,7157523.432909211],[67282.81930992013,7157515.240959648],[67292.15088426281,7157507.061194152],[67301.44878897618,7157498.922637951],[67310.687595481,7157490.762272478],[67319.94664336566,7157482.601340605],[67329.14218203159,7157474.455103401],[67338.33753375587,7157466.1906949915],[67347.37235375267,7157458.029882571],[67356.08043712907,7157450.059201912],[67364.85235856811,7157442.112475205],[67373.66813157673,7157434.154291344],[67382.52319074795,7157426.13630441],[67391.55179729918,7157417.9235178325],[67400.1821303803,7157410.100538392],[67409.3871719428,7157401.807870832],[67418.20105686947,7157393.847272769],[67427.03092049703,7157385.887191294],[67435.79239794088,7157377.998838784],[67444.30447123689,7157370.386651633],[67453.47425482282,7157362.210419166],[67462.41478954558,7157354.1891833665],[67471.37068020197,7157346.070161735],[67480.59049862769,7157337.775387016],[67489.79873142735,7157329.52687265],[67498.6851086265,7157321.544389674],[67507.82600281324,7157313.30111322],[67516.9675600424,7157305.061851887],[67526.12112769915,7157296.799656328],[67535.33347176528,7157288.454082506],[67544.36891640408,7157280.201689484],[67553.41529850598,7157271.993292332],[67562.58691110427,7157263.694908615],[67571.41324006848,7157255.735977763],[67580.31116588035,7157247.754388206],[67588.97265313257,7157239.910682935],[67597.71688923554,7157231.970832124],[67606.24245583697,7157224.287827188],[67615.43603834184,7157216.014454286],[67624.42232836137,7157207.926779536],[67633.54543765198,7157199.748717878],[67642.68289718882,7157191.537692343],[67651.45858429576,7157183.616165551],[67659.9116833969,7157176.017397486],[67669.13337990269,7157167.713264288],[67677.94978571613,7157159.671781831],[67686.6780686602,7157151.668292711],[67695.90020070819,7157143.22301268],[67705.04356165946,7157134.92419567],[67713.90383901942,7157126.9993982045],[67723.00471615436,7157118.944171384],[67732.2125079027,7157110.709073866],[67741.39308296918,7157102.400568144],[67750.47100650333,7157094.192882654],[67752.8360523628,7157092.078051787],[67759.7037550477,7157085.966247173],[67767.72623889026,7157078.826382162],[67768.93158350704,7157077.75432805],[67778.03334558214,7157069.601821484],[67786.71358759172,7157061.7221008055],[67795.94385898847,7157053.384647552],[67804.36063098448,7157045.805066196],[67813.26567728224,7157037.809384882],[67822.28804034111,7157029.676038197],[67831.4214165862,7157021.348183921],[67840.12444889685,7157013.421983637],[67849.27668493666,7157005.101620149],[67858.33591367898,7156997.000218267],[67867.5364265446,7156988.78247563],[67876.72618733271,7156980.539058505],[67885.8515312316,7156972.205364068],[67895.00002617307,7156963.862091087],[67904.19656230469,7156955.616660238],[67913.36407872342,7156947.495436398],[67922.598521629,7156939.303203225],[67931.51429510588,7156931.295155821],[67940.32848752761,7156923.22527287],[67949.45045142819,7156914.813590253],[67958.57559951307,7156906.486184705],[67967.62781223736,7156898.289996786],[67976.44549209112,7156890.337371044],[67978.46110589121,7156888.514977453],[67984.93371146504,7156882.742822437],[67993.67152843956,7156874.951502553],[68002.3861476921,7156867.170528826],[68011.63249486213,7156858.884356374],[68020.78233224276,7156850.593927748],[68029.95821279206,7156842.2236073],[68039.17369353637,7156833.898103809],[68048.34279058891,7156825.599404616],[68057.48713185551,7156817.259916502],[68066.63889715355,7156809.016725881],[68075.33549428236,7156801.242461671],[68083.20663500275,7156794.1521759285],[68092.33433580253,7156785.843224231],[68101.38404235872,7156777.499302799],[68110.44600258599,7156769.0661566965],[68119.56168681872,7156760.6614071205],[68128.71084553981,7156752.33814431],[68137.5283907078,7156744.337243039],[68146.66686646926,7156736.131228298],[68155.36049534084,7156728.296751739],[68164.5070218321,7156720.028245903],[68173.37005236966,7156711.930526914],[68182.58252478513,7156703.617627289],[68191.74452859606,7156695.302414825],[68200.8854023465,7156686.99894831],[68210.00178793975,7156678.665029769],[68219.15641090187,7156670.386877527],[68228.3764242861,7156662.1900284635],[68237.0844636134,7156654.500573274],[68246.23871776764,7156646.297689302],[68254.34109725594,7156638.978314925],[68263.52145510941,7156630.7613908695],[68272.45748509048,7156622.724303031],[68281.63752670755,7156614.457608634],[68290.74085969152,7156606.070032994],[68299.84583905025,7156597.736699977],[68308.66705068795,7156589.755939286],[68317.54599111789,7156581.733075775],[68326.7442563966,7156573.439744718],[68335.6284952776,7156565.3368656095],[68344.67206846131,7156556.918335952],[68353.3293216094,7156548.7558710985],[68361.84973402054,7156540.8327104915],[68370.97151366371,7156532.524765759],[68380.03080065153,7156524.2716426905],[68388.43312282051,7156516.638916975],[68397.07830215269,7156508.864610335],[68405.96940733539,7156500.860535976],[68414.71526386659,7156493.013869326],[68423.97446872521,7156484.76811563],[68433.0596577329,7156476.446957619],[68442.10982369882,7156468.06024627],[68451.20790387638,7156459.666982063],[68460.27444657742,7156451.339319043],[68469.35211002873,7156443.016011233],[68469.4218853942,7156442.953537073],[68478.42223934608,7156434.908560889],[68487.61210089584,7156426.613546409],[68496.74162199488,7156418.297908682],[68505.77650031674,7156410.081689879],[68514.45908440405,7156402.205268155],[68523.6304980279,7156393.946838781],[68532.80531592685,7156385.710281815],[68542.04056208348,7156377.447589129],[68550.85176365747,7156369.601540934],[68559.0546391746,7156362.313844914],[68568.10846523102,7156354.212151616],[68577.16518190934,7156346.033589184],[68585.92561296123,7156338.1626642365],[68594.61616336677,7156330.34787651],[68603.58249982004,7156322.359926118],[68612.74560051493,7156314.233001741],[68621.96640973532,7156306.086182879],[68631.26627568936,7156297.900618375],[68640.47787522792,7156289.732946537],[68649.57698724512,7156281.470551228],[68658.77640463877,7156273.169101583],[68668.03978662688,7156264.9215878155],[68675.28400424088,7156258.437897438],[68684.47155189846,7156250.200237293],[68691.48479487794,7156243.947238285],[68700.67151774437,7156235.684779009],[68709.91284658958,7156227.395661015],[68719.14774706919,7156219.102664885],[68728.34917946032,7156210.767487425],[68737.56445832748,7156202.433310822],[68746.34807114367,7156194.502875453],[68755.53779676795,7156186.179964241],[68764.30126798135,7156178.215106343],[68773.5015478023,7156169.941503162],[68779.4024495866,7156164.707420114],[68785.76476225274,7156159.067445896],[68791.76368809707,7156153.718941265],[68798.18657094851,7156147.918352107],[68803.95144688635,7156142.660073673],[68812.80327403307,7156134.632100334],[68821.71049077524,7156126.57194116],[68824.78036678012,7156123.794917025],[68833.82183081779,7156115.663933005],[68842.62658308423,7156107.745356334],[68844.64239520906,7156105.943533125],[68844.9415479948,7156105.677069578],[68846.03640558448,7156104.697638299],[68847.1242241268,7156103.721087664],[68847.39099262375,7156103.481667732],[68849.38887747267,7156101.673931001],[68854.20131420222,7156097.316741423],[68858.36818570812,7156093.57145466],[68866.23972853523,7156086.513951622],[68875.17405434477,7156078.512728125],[68883.24123985006,7156071.331756184],[68885.60680332076,7156069.245452482],[68894.73175227415,7156061.12636937],[68903.56782753346,7156053.24831643],[68912.61371084786,7156045.074350607],[68921.51361361117,7156037.018682263],[68930.52738858724,7156028.785140747],[68939.1409846957,7156020.897399833],[68948.0064782615,7156012.809284769],[68956.99244725378,7156004.606476983],[68965.77167567145,7155996.616940793],[68974.59248554253,7155988.716592875],[68983.37223098747,7155980.763156996],[68992.11513036757,7155972.735226354],[69001.13687120238,7155964.548107569],[69010.0219010876,7155956.70524393],[69018.95110871946,7155948.79418215],[69028.03331771749,7155940.678088626],[69037.00512954837,7155932.573396598],[69045.98820976674,7155924.437527869],[69054.99960348784,7155916.250824799],[69064.08159683022,7155907.963355297],[69072.7327184956,7155900.1208602525],[69081.35160570336,7155892.362490412],[69090.14378600498,7155884.499471549],[69098.87634855782,7155876.6370664425],[69107.95751633868,7155868.441499431],[69117.06640227273,7155860.216511408],[69125.8854563554,7155852.237523198],[69134.59080873773,7155844.325244515],[69143.4428492412,7155836.423944608],[69152.53992101754,7155828.359912904],[69161.43554630334,7155820.349413333],[69170.44307161577,7155812.122440651],[69179.5554339544,7155803.772492308],[69188.56687286712,7155795.647471826],[69196.805298906,7155788.247271484],[69205.78680252278,7155780.135263156],[69214.72477546043,7155772.06470269],[69223.68608907197,7155763.929042792],[69232.46177482238,7155756.001457168],[69239.22833473905,7155749.88361242],[69246.05472249986,7155743.680644048],[69254.68710942095,7155735.7853752095],[69263.55304724711,7155727.587964984],[69272.57563724928,7155719.2433862975],[69281.71243867691,7155710.995461017],[69291.005750601,7155702.9054185925],[69300.2845760315,7155694.777588199],[69309.45033553644,7155686.504714888],[69309.48375953501,7155686.47348427],[69318.37050231418,7155678.191215015],[69327.28518609487,7155669.832335377],[69336.46420743107,7155661.537447417],[69337.49895074364,7155660.643322088],[69346.73448625964,7155652.405456021],[69355.51736628165,7155644.270271463],[69364.3445616868,7155636.1400751015],[69373.182702597,7155628.084744955],[69382.18326660834,7155619.933849215],[69390.98865480383,7155611.916315341],[69399.92717413086,7155603.769171845],[69408.87246123288,7155595.512414814],[69417.62321712374,7155587.536627154],[69426.42531303235,7155579.59748283],[69435.32725049689,7155571.624039993],[69444.33346315962,7155563.585126137],[69453.40744006576,7155555.501655128],[69462.44078365905,7155547.39831553],[69471.61667439429,7155539.179108291],[69473.15660012094,7155537.7815441005],[69480.58546411991,7155531.070000259],[69489.24535470858,7155523.159082489],[69498.30264854163,7155514.973881578],[69507.37175227772,7155506.833812961],[69516.47966701229,7155498.682228726],[69525.33132742735,7155490.669799088],[69534.04043716216,7155482.785111433],[69542.71082215756,7155475.001662666],[69551.57002182532,7155466.929609306],[69560.69737682416,7155458.645596335],[69569.61130419263,7155450.53644287],[69578.44503455824,7155442.451112934],[69586.47155167302,7155435.178127464],[69595.4052521087,7155427.1503371475],[69604.55014340149,7155418.922841552],[69613.61789965437,7155410.730262743],[69622.45972311153,7155402.663720418],[69631.38411387522,7155394.46859147],[69640.2197443542,7155386.33787502],[69649.220858321,7155378.125682186],[69658.30544618773,7155369.896537419],[69667.36092507275,7155361.779382036],[69676.54382767796,7155353.574961939],[69685.66515665955,7155345.38186584],[69694.7476043601,7155337.127314771],[69703.80379952083,7155328.964967799],[69712.96547866229,7155320.702872805],[69722.08848921768,7155312.416198457],[69731.20692014386,7155304.140032006],[69740.2284945253,7155295.923462637],[69749.2103778114,7155287.726256831],[69758.38631763903,7155279.4540527975],[69767.39223930438,7155271.383882158],[69776.59732099081,7155263.220999499],[69785.7397575262,7155255.207996956],[69794.96168138483,7155247.065085386],[69804.08294225094,7155238.940892264],[69813.16725151456,7155230.788844237],[69822.33567198989,7155222.5163653605],[69831.05294709402,7155214.635804362],[69839.98427202349,7155206.3864992205],[69848.45395257382,7155198.60150991],[69857.40257985325,7155190.553536216],[69866.6327652635,7155182.379652602],[69875.68355129112,7155174.253361594],[69884.71937255014,7155166.035742089],[69893.69759913062,7155157.8464561645],[69902.87810208672,7155149.645180142],[69911.92382948793,7155141.543138804],[69917.03206427337,7155136.950185349],[69921.05767964653,7155133.349003026],[69930.15135662595,7155125.2015337385],[69939.20550082112,7155117.018907969],[69948.2232381656,7155108.894064876],[69957.20628406055,7155100.78341753],[69966.27952965273,7155092.609726962],[69975.31543164619,7155084.488569381],[69984.38638480462,7155076.263823951],[69993.3603640736,7155068.133431815],[69994.75749857083,7155066.862012478],[69994.83642365586,7155066.790056989],[70002.51635374792,7155059.821373434],[70011.51583251212,7155051.717118841],[70020.57095165091,7155043.5757964505],[70029.77005789208,7155035.32353501],[70038.96370736952,7155027.105739724],[70048.17970250302,7155018.937193144],[70057.35577313957,7155010.882173222],[70066.44223341707,7155002.8185803015],[70075.47153606277,7154994.682946682],[70084.45391041692,7154986.488819003],[70084.51697000593,7154986.431229489],[70093.45559360582,7154978.257556109],[70102.47691172268,7154970.000828768],[70111.25728144275,7154961.970490607],[70120.34744911618,7154953.678673895],[70129.24620223726,7154945.625179712],[70138.25111053791,7154937.506937725],[70147.29225263168,7154929.304468738],[70156.40166246111,7154921.066562334],[70165.54695045069,7154912.820597319],[70174.47353345406,7154904.869372267],[70183.69828243786,7154896.71736772],[70192.33047458978,7154889.026443396],[70199.33020264981,7154882.766896518],[70208.40465582476,7154874.658426505],[70217.61897536821,7154866.49773865],[70226.83076002909,7154858.318640968],[70235.99159523076,7154850.155433494],[70245.15332579933,7154841.945609792],[70254.30133626342,7154833.724010003],[70263.40037853888,7154825.544128265],[70271.92647388013,7154816.791761098],[70279.92865630909,7154807.484933809],[70287.79806991294,7154798.187682472],[70295.67482549325,7154788.825035947],[70303.49391769111,7154779.393555279],[70311.37761625071,7154769.878101902],[70314.15247658314,7154766.501606133],[70318.95650652959,7154760.603296771],[70326.68320696463,7154751.114955161],[70334.37684184365,7154741.61554504],[70342.08797326061,7154732.150458157],[70349.78154818295,7154722.75476086],[70357.59254192014,7154713.226163425],[70365.4931077963,7154703.703463627],[70373.33360892878,7154694.316516139],[70381.12210617907,7154684.962528376],[70388.9405765232,7154675.552873728],[70396.84991929785,7154666.006460261],[70404.37967403012,7154656.999106286],[70412.3089888888,7154647.562495708],[70420.12945887179,7154638.214082807],[70427.96467058011,7154628.798626682],[70431.61157062615,7154624.411611185],[70439.44931238313,7154615.00767097],[70446.07266014419,7154606.918856189],[70452.30034275254,7154599.281519143],[70460.07485844899,7154589.87741121],[70467.75036541413,7154580.683529938],[70475.47973832127,7154571.386116157],[70483.31088162342,7154562.025588771],[70491.14474901202,7154552.726668062],[70499.02840052574,7154543.419140561],[70506.81595872075,7154533.905610751],[70514.66227666242,7154524.410860909],[70522.42729957885,7154515.110809494],[70530.11557226279,7154505.743971932],[70537.67865857406,7154496.444814767],[70545.58050415653,7154486.875006305],[70553.2784272224,7154477.631848783],[70561.00218858494,7154468.392301612],[70568.90278195473,7154458.990683562],[70576.70580494602,7154449.621327313],[70584.45186355297,7154440.093211021],[70592.21900379192,7154430.504253563],[70599.95112969313,7154421.082509827],[70607.71296398679,7154411.6753845075],[70615.60653439088,7154402.146815093],[70623.35086352087,7154392.850721624],[70631.25414239394,7154383.3666584585],[70639.10739186709,7154373.81734122],[70646.81785641838,7154364.509371016],[70654.55364766892,7154355.29849771],[70662.26822684077,7154346.077273497],[70669.69947939645,7154337.018109634],[70677.18579903967,7154327.846234862],[70684.78699629608,7154318.570026658],[70692.39858153625,7154309.3052570885],[70700.10277572495,7154299.915221952],[70707.93463323975,7154290.352305688],[70715.60415799328,7154280.988016389],[70723.26607403485,7154271.712317208],[70723.28220999578,7154271.692628752],[70731.04543023056,7154262.32148437],[70738.70544478518,7154253.019954855],[70746.30249575648,7154243.841314126],[70753.95546587347,7154234.672809864],[70761.63566022197,7154225.468205039],[70769.43791887007,7154216.117522334],[70777.18849967088,7154206.808472823],[70785.08755248028,7154197.324105994],[70792.83361091383,7154187.9054103345],[70800.60621788882,7154178.468359962],[70808.33576104458,7154169.033799424],[70815.99652566301,7154159.578464484],[70823.82512325456,7154150.201519052],[70831.78137203288,7154141.009490507],[70839.78286204906,7154131.591606632],[70847.54108764417,7154122.155406573],[70855.27179282054,7154112.704764973],[70862.97162795841,7154103.175276214],[70870.67499629728,7154093.707309104],[70878.41287305119,7154084.180267877],[70886.09518788318,7154074.693624008],[70893.8159961892,7154065.276629437],[70901.69089958968,7154055.777890762],[70909.57380985079,7154046.233545292],[70917.385173532,7154036.806813847],[70924.84778805991,7154027.747912183],[70932.71355853847,7154018.253308663],[70940.5907215866,7154008.748410355],[70948.28220606555,7153999.277477291],[70955.95307116257,7153989.771671228],[70963.77108629252,7153980.221430292],[70971.54789110663,7153970.784344006],[70979.2531215261,7153961.384916107],[70986.3282995316,7153952.81750462],[70993.68280142423,7153943.955745541],[71001.3011336191,7153934.80257968],[71009.20833436016,7153925.311954529],[71016.81747283984,7153916.153044334],[71024.63821787172,7153906.739792874],[71032.5215431226,7153897.224066995],[71040.26915991592,7153887.858859563],[71048.02705660713,7153878.517746411],[71055.77355046017,7153869.1430580085],[71063.54511518986,7153859.612155494],[71071.3124430466,7153850.019037026],[71079.01724627515,7153840.603791292],[71086.75874342752,7153831.170740845],[71094.54860602779,7153821.651524272],[71102.00085775513,7153812.672514914],[71109.80609337759,7153803.3151437305],[71117.38646059256,7153794.204684112],[71125.2417888341,7153784.75098338],[71133.08030512457,7153775.424663672],[71140.87847256102,7153766.02940722],[71148.61080015864,7153756.603478431],[71156.45409020904,7153747.085079934],[71164.0171123207,7153737.927180499],[71171.79862842034,7153728.460525418],[71179.63452378497,7153718.973750265],[71187.41758949915,7153709.6171886865],[71195.34540579753,7153700.181354454],[71202.74609158788,7153691.296032974],[71210.5167755413,7153681.919962265],[71218.10035321256,7153672.724841534],[71225.86961227632,7153663.314405326],[71233.6526121003,7153653.917514541],[71241.49016876286,7153644.411004288],[71249.29633457604,7153635.050170621],[71251.46678040031,7153632.431454163],[71257.2207378752,7153625.555458829],[71265.15964240208,7153616.056993364],[71272.96496107348,7153606.66536341],[71280.91746949055,7153597.168775823],[71288.72761925781,7153587.857362252],[71296.55732346489,7153578.435752198],[71304.31861833064,7153569.0038201995],[71312.1272023386,7153559.456703253],[71319.66764579277,7153550.218953226],[71327.39392851439,7153540.742238736],[71335.12949606299,7153531.264378188],[71342.8816560423,7153521.845684971],[71350.6568961456,7153512.487812492],[71358.24713251577,7153503.379809115],[71366.05089923012,7153493.910917157],[71373.78192650905,7153484.546942561],[71381.0914109773,7153475.748782121],[71388.88472392969,7153466.396810748],[71396.77031506039,7153456.948099466],[71404.42110657372,7153447.602507429],[71411.53974894702,7153438.941417448],[71419.28993238846,7153429.636679559],[71427.03185325238,7153420.391082443],[71429.66625006823,7153417.255652461],[71437.37185944291,7153408.118037717],[71445.30191481923,7153398.664638935],[71453.19829622126,7153389.169282725],[71460.78984135296,7153379.895269023],[71468.41073266731,7153370.466512237],[71476.14173962246,7153361.011774445],[71484.02260054013,7153351.481591421],[71491.72519153747,7153342.13942042],[71498.063021385,7153334.427835999],[71503.13710793189,7153328.207408778],[71511.04248495819,7153318.655465908],[71518.8731512567,7153309.257016054],[71526.75838042487,7153299.817129749],[71534.60719226347,7153290.317429905],[71542.36507088452,7153281.003013667],[71550.04634345771,7153271.925648436],[71557.64988295204,7153262.877416132],[71565.5813337763,7153253.431791856],[71573.34169556812,7153244.123330336],[71581.0410584936,7153234.759035898],[71588.78966279048,7153225.337364137],[71596.6021521248,7153215.940741688],[71604.41223034688,7153206.57479875],[71612.18381092488,7153197.194727002],[71618.68598224397,7153189.385256423],[71625.5035921745,7153181.277822525],[71633.11714696721,7153172.308953507],[71641.06436737184,7153162.938879626],[71648.93400873337,7153153.761295162],[71656.89564844914,7153144.498620517],[71664.96102067735,7153135.195653965],[71672.94353174954,7153125.968405867],[71680.93899792491,7153116.610870281],[71688.78844832204,7153107.315352095],[71696.56970007077,7153098.0061889365],[71704.30810814939,7153088.711518123],[71712.12641281821,7153079.36057144],[71719.95402008021,7153070.014142401],[71727.77157091605,7153060.729461184],[71735.65241875575,7153051.4226143565],[71743.51088534208,7153042.179004805],[71751.37769634015,7153032.94776624],[71759.46391358768,7153023.621673435],[71767.17597887217,7153014.5136882905],[71775.0580246736,7153004.99998393],[71782.87977746892,7152995.470891587],[71790.34380905417,7152986.327232139],[71797.81328149012,7152977.198626351],[71805.41529437056,7152967.994568691],[71813.27980207978,7152958.433421713],[71821.14930095768,7152948.888757184],[71828.99351358821,7152939.459872714],[71836.85257346928,7152930.069443421],[71844.63911756815,7152920.752291589],[71852.46378916112,7152911.372849688],[71860.27943438094,7152901.970348564],[71868.0467096087,7152892.681771238],[71875.73406907968,7152883.440136289],[71883.52693120472,7152874.006796811],[71891.31960025366,7152864.582221065],[71899.08360936871,7152855.1442792555],[71906.25896798691,7152846.387582272],[71913.97088515613,7152836.985375222],[71921.77439495368,7152827.435766235],[71929.4869119153,7152818.023689862],[71937.33947142761,7152808.506309034],[71943.95236565109,7152800.578609835],[71951.73041663575,7152791.202179033],[71959.5919579374,7152781.69862812],[71967.39637008909,7152772.240646113],[71975.1719823897,7152762.829703452],[71982.95682958595,7152753.434714018],[71990.7734759397,7152744.070509686],[71998.46700155275,7152734.869673872],[72006.13249772083,7152725.62351098],[72013.93529780378,7152716.244636972],[72021.77504760813,7152706.8212021645],[72029.6118411852,7152697.367464153],[72037.13198065519,7152688.252517205],[72037.13386885397,7152688.250135153],[72044.88769645966,7152678.828469676],[72052.64167874795,7152669.292649802],[72060.34524022759,7152659.822160207],[72068.13549626054,7152650.281065712],[72075.93099968688,7152640.773452107],[72083.75802228891,7152631.246087864],[72091.34328115324,7152622.225061499],[72099.1798059431,7152612.895107474],[72106.94560401118,7152603.502123594],[72114.56578047643,7152594.090664206],[72122.19002892176,7152584.630695006],[72129.93289524125,7152575.127358785],[72137.45919479639,7152565.970267231],[72145.11120498995,7152556.699744764],[72152.96326627402,7152547.207366832],[72160.68342802179,7152537.810669169],[72168.09186589421,7152528.771690802],[72175.86646354,7152519.271583948],[72183.65661189443,7152509.803735975],[72191.1418720833,7152500.634640183],[72198.55373960256,7152491.40720422],[72206.27789377567,7152481.816397962],[72214.02981475292,7152472.300220863],[72221.77947080159,7152462.931771588],[72229.50162604573,7152453.67925314],[72237.29234587209,7152444.422060825],[72244.91956746846,7152435.379126821],[72252.79105897411,7152425.888450741],[72260.3623609179,7152416.597847624],[72268.20211217692,7152407.456938814],[72276.45157226425,7152398.4630665],[72284.34922707849,7152390.130444668],[72292.64690497494,7152381.475039197],[72301.23035835387,7152372.582220897],[72309.83116447297,7152363.774910085],[72311.73824643478,7152361.8306354005],[72320.3343522817,7152353.000181595],[72327.21388611197,7152345.925818352],[72331.54889666883,7152341.500066206],[72340.09676097945,7152332.807299459],[72348.61183411279,7152324.104475703],[72357.15185767837,7152315.410782248],[72365.61544088938,7152306.799901673],[72374.24529145914,7152298.0721218735],[72382.66399773589,7152289.466781401],[72391.20603875065,7152280.82144386],[72399.86999710667,7152272.061550856],[72399.91284960369,7152272.018293198],[72408.43025172036,7152263.40302399],[72416.75723224139,7152254.876105793],[72425.26308078616,7152246.244021526],[72433.87528181297,7152237.555623032],[72442.51906149246,7152228.811272988],[72451.19875111536,7152220.076295624],[72459.7700954862,7152211.312165886],[72468.23712173483,7152202.590528073],[72476.53878243029,7152194.01024261],[72483.3894894693,7152186.854386283],[72491.80303459283,7152177.996201757],[72500.309842235,7152169.237856239],[72508.29153682449,7152161.002137236],[72508.29986451427,7152160.99352224],[72516.86114034872,7152152.105670197],[72524.30454323109,7152144.5543891415],[72531.6788216022,7152137.189876187],[72540.35708132124,7152128.414503843],[72548.5606426911,7152120.080655921],[72557.13415087503,7152111.385847356],[72565.87945983192,7152102.598968666],[72568.51771456108,7152099.964343515],[72574.51793863875,7152094.04472422],[72583.3830251171,7152085.411837722],[72592.2722653881,7152076.800270163],[72600.9896656496,7152068.284428593],[72604.44536482752,7152064.872640368],[72609.78952340654,7152059.576467837],[72618.14135731576,7152051.210063381],[72626.74779371521,7152042.599016737],[72635.5581484058,7152033.904597677],[72644.20202048018,7152025.4205669835],[72652.80498353537,7152016.978520825],[72661.61950313812,7152008.303657577],[72670.29227892472,7151999.702394323],[72679.03272666247,7151991.145841203],[72687.77009454131,7151982.665695874],[72696.54417565407,7151974.1918391185],[72701.30716281332,7151969.588812583],[72705.42775033065,7151965.5922524175],[72712.80879037821,7151956.408726109],[72718.71511226089,7151945.729135378],[72723.87471975322,7151934.675659636],[72728.81011785404,7151923.666587314],[72733.42954896437,7151912.84209759],[72738.16167511238,7151901.739739802],[72742.86396014731,7151890.704490393],[72747.72636112163,7151879.36236476],[72752.5358788463,7151868.268276203],[72757.34817250876,7151857.384265464],[72762.37650748412,7151846.343651415],[72767.33096956485,7151835.581046108],[72772.33458661224,7151824.301883038],[72777.06027270074,7151813.41318854],[72781.9023077942,7151802.258070428],[72786.76374188886,7151791.028510096],[72791.50744386483,7151780.17337584],[72796.38025198394,7151769.015028859],[72801.1899044987,7151757.8710791115],[72805.93895174639,7151746.958815669],[72810.73392172245,7151735.963970745],[72815.63546760887,7151724.696834555],[72820.2515320672,7151713.913980134],[72825.0999083863,7151702.713310404],[72829.97042232269,7151691.908568164],[72835.10134648997,7151680.778752044],[72840.11053608882,7151669.944723105],[72845.10970678186,7151658.971895549],[72848.97073949239,7151647.476754203],[72851.53941794042,7151635.50529607],[72853.87171946024,7151623.631375227],[72856.12305521569,7151611.8406819645],[72858.35988279968,7151599.91326699],[72860.45385910268,7151588.506049884],[72862.58955091494,7151576.544724435],[72864.68459802866,7151564.576980056],[72866.7835886429,7151552.543068279],[72868.95812527946,7151540.403545018],[72871.10080087604,7151528.422012613],[72873.16937594465,7151517.100148693],[72873.39203836658,7151515.95522422],[72876.81589746155,7151504.252874032],[72882.37655511912,7151493.466611866],[72889.13960745686,7151483.287129607],[72896.27751193737,7151473.186584745],[72903.01834027324,7151464.101187533],[72909.90152478748,7151455.009718926],[72917.19820461865,7151445.382348405],[72924.91061208944,7151436.307290085],[72933.14128622308,7151427.34111085],[72941.26346557407,7151418.1977532],[72949.45408858516,7151409.087581454],[72956.39829937014,7151401.328067245],[72964.46224187064,7151392.276767693],[72973.42429519101,7151383.935694382],[72983.7826512098,7151377.60127286],[72994.13268920645,7151372.703958684],[73004.45837768371,7151367.965537039],[73015.7061378812,7151362.925921785],[73026.97286968364,7151357.943543714],[73034.89164529747,7151354.546888724],[73034.90276536666,7151354.542139132],[73046.0731296973,7151349.692782793],[73056.44986539555,7151345.058024228],[73067.44309861009,7151339.441942947],[73078.12342750793,7151333.266754594],[73088.78230344626,7151327.07942999],[73099.38653414091,7151321.004492234],[73110.09701379511,7151314.813709345],[73120.4578782763,7151308.746903329],[73130.75640117115,7151302.637993612],[73141.17329266772,7151296.336896912],[73151.6683471434,7151290.060855571],[73162.29968878557,7151283.823291719],[73172.86547577841,7151277.686991843],[73183.42891929846,7151271.666763745],[73194.15531115647,7151265.553949425],[73204.68987051299,7151259.4271720555],[73215.2231642963,7151253.2550404705],[73225.71819233464,7151247.130418064],[73236.25404295349,7151241.0187644735],[73246.80480076966,7151234.903142757],[73257.48016925016,7151228.695031293],[73267.98199072172,7151222.551834284],[73278.53232940205,7151216.438843926],[73289.00530991342,7151210.515574278],[73299.71849956975,7151204.450015616],[73310.37585934013,7151198.240179215],[73320.86645925406,7151192.084483054],[73331.37218557944,7151185.9273798745],[73341.83696234273,7151179.716870148],[73351.21816092404,7151173.992688997],[73352.2654090072,7151173.347054165],[73362.37143181317,7151167.28798743],[73372.60450655269,7151161.119963556],[73383.11690064165,7151154.941610681],[73394.00486526586,7151148.969458979],[73403.07501707383,7151144.073066896],[73404.02225729445,7151143.542803602],[73411.66265131894,7151139.169675274],[73421.84053275594,7151133.336089041],[73424.99157051387,7151131.5285054315],[73429.94543615269,7151128.666322735],[73438.86007552862,7151123.5305947345],[73448.436024706,7151118.098241806],[73456.3749499594,7151113.579912078],[73465.04589847318,7151108.487511824],[73474.38901033608,7151102.902062761],[73484.56257060246,7151096.822776973],[73490.28463456873,7151093.427761355],[73500.54452113184,7151087.297944613],[73510.88324214163,7151081.053618817],[73521.07828004245,7151074.96234333],[73531.62249641452,7151068.756493529],[73542.26932433754,7151062.538173445],[73552.83648653806,7151056.437654002],[73561.23359745456,7151051.535599588],[73563.76275577053,7151050.042318898],[73573.70980530791,7151044.148791548],[73584.32477842172,7151037.777952598],[73588.51189044717,7151035.263253545],[73593.9320710472,7151031.989846958],[73599.92342538264,7151028.375600707],[73604.50082788244,7151025.628833442],[73604.52216547017,7151025.61608409],[73615.18626807636,7151019.3588523995],[73625.78877250024,7151013.339488244],[73636.43853541015,7151007.405034086],[73647.2211618775,7151001.368469851],[73657.76888281462,7150995.2715881085],[73668.07552776102,7150988.931076985],[73677.41683476046,7150981.34919456],[73685.97195031651,7150972.611552693],[73694.55722702475,7150963.733628678],[73703.1578402135,7150954.894616423],[73711.46963516308,7150946.266726372],[73719.9567435573,7150937.505670701],[73728.46340520773,7150928.886934661],[73736.84937369556,7150920.504166935],[73745.40079847176,7150912.010013879],[73753.93832337193,7150903.637892459],[73762.55572858232,7150895.1374166375],[73771.23049951141,7150886.479767097],[73779.91021657275,7150877.715003342],[73788.5343553301,7150868.935565388],[73797.204545832,7150860.153497464],[73805.57070398069,7150851.720869787],[73814.18307429383,7150843.0184403015],[73822.85554182681,7150834.270858433],[73831.5244279938,7150825.531041688],[73840.23666803882,7150816.819267456],[73848.94692393404,7150808.093766956],[73857.64042085002,7150799.329079505],[73866.34917244036,7150790.71212497],[73874.86598819552,7150782.3347315565],[73875.7309814925,7150781.479431166],[73884.17189700925,7150773.199864441],[73890.38501883403,7150766.843182834],[73898.80312584178,7150758.0994848795],[73900.43349310657,7150756.411105059],[73907.30927003297,7150749.395927912],[73915.83164580836,7150740.65346873],[73922.93198783486,7150733.468729879],[73924.30350915407,7150732.10470838],[73932.97830256773,7150723.43044275],[73941.62808561436,7150714.679524703],[73950.04820829188,7150706.277555296],[73958.63846928254,7150697.6560804695],[73967.26759880775,7150689.030078365],[73972.771184123,7150683.654272841],[73976.06437983637,7150680.43689559],[73984.6701705021,7150672.072756007],[73993.50538602675,7150663.419394325],[74002.20608651236,7150654.671975916],[74010.8631899723,7150645.884618254],[74019.51428884588,7150637.102171668],[74027.86222902377,7150628.657981229],[74028.62711287697,7150627.880404625],[74037.21797078103,7150619.221603679],[74045.85307464562,7150610.622521172],[74054.46335745341,7150602.040958647],[74062.67181443033,7150593.771825103],[74071.20910319657,7150585.04743505],[74079.71215860138,7150576.29540022],[74088.2165746846,7150567.506982863],[74096.77662131493,7150558.618301511],[74099.72614713991,7150555.5866181655],[74105.41654447035,7150549.7857098505],[74114.06277458247,7150541.016279711],[74120.72557863937,7150534.375393515],[74122.6289098881,7150532.487679138],[74130.41201430443,7150524.715972507],[74130.45349212794,7150524.674443596],[74138.91340842197,7150516.238361482],[74147.51056044083,7150507.673436848],[74155.85370586236,7150499.335752138],[74164.19329876255,7150490.886127623],[74172.66344444954,7150482.3684090935],[74181.07651639078,7150473.945126751],[74189.75955101429,7150465.195058711],[74198.25821648975,7150456.6716949465],[74206.83509585442,7150448.087214742],[74215.01859803277,7150439.787344258],[74223.2816300118,7150431.360439376],[74231.623184275,7150423.000462513],[74240.15778940986,7150414.490340531],[74248.64994919399,7150405.9889547285],[74257.20629142364,7150397.406012969],[74265.48063067958,7150389.08572378],[74273.82523445663,7150380.673080975],[74282.50967734138,7150371.844175828],[74291.00166521693,7150363.177532012],[74299.55858949048,7150354.524743625],[74307.95176354953,7150346.145851336],[74316.5382715633,7150337.4796822425],[74324.93751270289,7150328.995929747],[74333.42151254258,7150320.338227565],[74341.79047623673,7150311.734787744],[74349.5654522138,7150303.85124458],[74358.04613450257,7150295.398968464],[74366.44944790687,7150287.005941552],[74374.04647487821,7150279.493218344],[74375.19662236393,7150278.374895286],[74383.63095732161,7150269.88935913],[74392.2669775206,7150261.178998877],[74400.86038438365,7150252.479479558],[74409.04883483751,7150243.749168883],[74417.13533008494,7150235.004250273],[74425.07658363605,7150226.524052257],[74433.40613919852,7150217.9160866],[74441.89658915537,7150209.322507042],[74450.14454290568,7150201.321322079],[74458.56867710303,7150193.22519164],[74466.98949911474,7150184.868774245],[74475.37311842176,7150176.179689998],[74479.86617153278,7150171.541236008],[74488.57444767834,7150162.744876499],[74489.3379690951,7150161.98611583],[74498.08633392956,7150153.303639777],[74506.69346732245,7150144.729884815],[74514.95829530235,7150136.404743661],[74523.31064327981,7150127.891638456],[74531.1196404944,7150119.897629242],[74539.55087257392,7150111.295885653],[74548.17073870031,7150102.624802979],[74556.77380431665,7150094.025355233],[74564.77325186675,7150086.01413526],[74573.00429431302,7150077.736299112],[74580.86492888781,7150069.727051342],[74589.08093001385,7150061.378211999],[74597.0538465021,7150053.296057331],[74605.3448145439,7150044.870890478],[74613.5884395797,7150036.41910257],[74621.65834939765,7150028.219794603],[74621.66043065384,7150028.21764061],[74630.23254487617,7150019.645482317],[74638.87582782155,7150011.118581612],[74642.46033411042,7150007.513250179],[74651.16627572,7149998.73906385],[74659.78063977149,7149990.049988562],[74667.58410438051,7149982.2043247335],[74676.14369927993,7149973.781986709],[74684.88819580176,7149965.043226056],[74693.411271928,7149956.332213944],[74701.3921083635,7149948.009084105],[74709.62139638531,7149939.35480651],[74712.25786092982,7149936.636776479],[74717.8477430119,7149930.998362055],[74726.50202101364,7149922.529630071],[74735.24557672453,7149914.002799827],[74738.50598994363,7149910.754592518],[74746.68902674707,7149902.58962773],[74754.82916586543,7149894.419394629],[74762.7803093362,7149886.153917288],[74770.92554758332,7149877.555100811],[74778.95351575973,7149869.070885984],[74787.48903110647,7149860.382219858],[74794.70429462253,7149853.095257688],[74803.04915150325,7149844.635206001],[74811.72737198835,7149835.90003412],[74820.31684380927,7149827.274716694],[74828.40768731857,7149819.1392919775],[74836.38265208603,7149811.153492737],[74844.96741622494,7149802.435735895],[74853.58967629907,7149793.6120226085],[74862.1237185453,7149784.862869153],[74869.89693214488,7149776.846034506],[74877.92206357041,7149768.646738226],[74886.05115452112,7149760.40203001],[74894.1642510902,7149752.1475880295],[74902.3629001496,7149743.747425359],[74910.9541189308,7149735.12356822],[74911.2184795299,7149734.857781861],[74918.5875217847,7149727.361066554],[74919.33266948943,7149726.605918703],[74927.01974407787,7149718.810159011],[74935.38590136432,7149710.408367401],[74943.607888503,7149702.232135156],[74952.03764449712,7149693.766419275],[74960.39022868575,7149685.332089463],[74968.99519389943,7149676.703873659],[74977.54857545858,7149668.024471876],[74983.22968059761,7149662.198028183],[74991.57247652154,7149653.681975825],[75000.21524399205,7149644.899721483],[75008.41621736734,7149636.664267299],[75017.05623903533,7149628.092122985],[75025.76484908874,7149619.347950122],[75034.166098935,7149610.7203815],[75042.45420441532,7149602.198109633],[75050.65713946079,7149593.768374624],[75050.67253266426,7149593.752656584],[75058.80387415568,7149585.352932824],[75067.1934916547,7149576.719757672],[75075.55865192792,7149568.227596242],[75084.08440879214,7149559.608446375],[75092.75914132758,7149550.851385558],[75101.2668110691,7149542.284171076],[75109.7155060271,7149533.7612533765],[75118.13089115755,7149525.222715828],[75123.07744504092,7149520.247558206],[75131.40194669354,7149511.913526099],[75140.04002467316,7149503.259093249],[75143.74161657353,7149499.623672939],[75150.9005950786,7149492.645806288],[75159.64157529193,7149483.997111602],[75164.03259499045,7149479.583088085],[75168.09849954891,7149475.5508309435],[75176.6920764976,7149467.03708881],[75185.37722976197,7149458.333955732],[75193.93700684933,7149449.597034112],[75202.26310087967,7149441.0477099735],[75208.84745185782,7149434.124996329],[75217.16849376797,7149425.184075896],[75225.42103622662,7149416.314685879],[75228.03666332294,7149413.612574963],[75236.19709466357,7149405.211713668],[75244.66410997667,7149396.632916374],[75249.99118791654,7149391.1856821645],[75258.44232747541,7149382.442802547],[75266.46292566392,7149374.10673122],[75274.96489340992,7149365.352928281],[75283.25471277424,7149357.046701191],[75291.99118931202,7149348.300973538],[75299.36168323609,7149340.827260127],[75306.97739978344,7149333.159871375],[75313.7772607968,7149326.298562661],[75314.0485805716,7149326.025443338],[75322.69260767859,7149317.303607216],[75331.23520399828,7149308.598055443],[75339.74519210472,7149299.883236233],[75348.36772893998,7149291.124721158],[75356.6637852756,7149282.680858763],[75365.42479888035,7149273.982524186],[75374.17058473988,7149265.548312882],[75382.9823569674,7149256.881914198],[75391.66658883332,7149248.051738488],[75400.07419623074,7149239.017134771],[75408.28302906023,7149229.9226259645],[75415.74900762225,7149221.905045981],[75424.0328352045,7149213.394470264],[75432.24958346988,7149205.362666257],[75440.59458733757,7149197.280452175],[75449.43883000017,7149188.771858528],[75457.86422421638,7149180.519211469],[75466.4281104505,7149171.872026859],[75469.53649066511,7149168.648246739],[75478.0630296595,7149159.891702805],[75486.25192443246,7149151.43113351],[75494.8770357768,7149142.59268618],[75503.49006829376,7149133.747851242],[75512.16791231878,7149124.9299656255],[75520.73115685623,7149116.184574926],[75529.1387670397,7149107.498925336],[75537.70554625394,7149098.846472641],[75546.37346510007,7149090.186045663],[75554.94641860866,7149081.553660244],[75563.41819310992,7149072.983096328],[75571.76420374832,7149064.469345735],[75580.41665248078,7149055.659498917],[75589.0008114765,7149046.848901179],[75597.41713731136,7149038.3027500715],[75605.95445969212,7149029.722278001],[75614.3286826369,7149021.233621819],[75622.50805678358,7149012.983006153],[75631.00688014174,7149004.435156357],[75639.46938154468,7148995.7994133495],[75639.50192692352,7148995.766367134],[75648.05489068333,7148986.994496528],[75656.67436314042,7148978.146470327],[75665.25760089897,7148969.4618436275],[75673.96211558627,7148960.658844924],[75682.53988232627,7148952.009235794],[75690.58876840695,7148943.910310777],[75699.13608445885,7148935.287367424],[75699.15084832965,7148935.272405994],[75706.76402104134,7148927.550814625],[75715.36558171507,7148918.782139208],[75723.88644510554,7148910.107923359],[75732.39275977871,7148901.422799237],[75740.3460857328,7148893.381529629],[75740.89953810663,7148892.829518672],[75740.99201760336,7148892.737431924],[75749.66995224229,7148884.189278788],[75758.01496233261,7148876.019316784],[75766.65714388882,7148867.302446108],[75771.81312532997,7148861.9735083915],[75780.31574028527,7148853.175980844],[75788.85557703371,7148844.487798819],[75797.6185286087,7148835.758353025],[75806.25998493127,7148827.0311147915],[75814.74984804203,7148818.2346071545],[75823.32777848496,7148809.37029667],[75825.37283007946,7148807.263877298],[75833.9408231884,7148798.323179418],[75842.29024192557,7148789.648523312],[75850.80978717766,7148781.047942825],[75858.10697634146,7148773.91790149],[75866.92631218891,7148765.441188887],[75875.77174047893,7148756.997400115],[75884.53270501178,7148748.338919075],[75893.02974446415,7148739.610343925],[75901.48900200281,7148730.798604469],[75909.65781005443,7148722.295464476],[75918.10478253139,7148713.517969403],[75926.69433029927,7148704.694961334],[75934.92021524964,7148696.205189218],[75943.28764937777,7148687.535620905],[75951.75382763695,7148678.8762101885],[75959.96056802949,7148670.521396847],[75968.48017766792,7148661.807393276],[75976.58067804854,7148653.490142093],[75984.93576046679,7148644.940641354],[75993.59038877516,7148636.127463468],[76002.26227807836,7148627.33715459],[76010.89721470425,7148618.610395166],[76019.57570682856,7148609.845607994],[76028.14457614243,7148601.161473464],[76036.79403409176,7148592.394859763],[76045.32715516695,7148583.673594274],[76053.82645359688,7148574.96845264],[76062.43459029048,7148566.250361364],[76070.83147165301,7148557.871503558],[76079.54150183336,7148549.127688387],[76088.04377966817,7148540.450610191],[76096.59233475686,7148531.634876072],[76105.09718963865,7148522.889249023],[76105.10270373878,7148522.8835405],[76113.44408912619,7148514.407944889],[76122.13586427312,7148505.648202075],[76130.47987182444,7148497.203108877],[76138.9041434935,7148488.578919146],[76144.59074922442,7148482.825717811],[76153.28961531719,7148474.091395072],[76162.05367269967,7148465.390915528],[76170.58366571192,7148456.821845659],[76179.11128954479,7148448.169414533],[76187.65371543966,7148439.594628327],[76196.03437397629,7148431.1457959],[76204.44240034686,7148422.60533869],[76210.35461246961,7148416.502235521],[76218.85608946031,7148407.863718079],[76227.59126683848,7148399.073006097],[76236.20705768821,7148390.322437877],[76240.67338529287,7148385.799212333],[76249.31104748917,7148377.005921662],[76257.59053951572,7148368.509960262],[76266.10356901295,7148359.687906936],[76273.28734460322,7148352.388402741],[76280.6787756519,7148344.845481776],[76287.14540319674,7148338.257207739],[76295.81592548057,7148329.503814198],[76304.38067140034,7148320.86184576],[76312.9743870066,7148312.125305487],[76321.49085261655,7148303.284794474],[76329.93460936664,7148294.559655227],[76338.70975533995,7148285.7914944505],[76347.63933784416,7148277.486546893],[76356.12419479265,7148269.009670265],[76364.28498130897,7148260.095453324],[76372.75203275029,7148251.10609591],[76380.99405202834,7148242.72003565],[76389.4873632046,7148234.150584467],[76398.00745314837,7148225.504702156],[76406.59209313098,7148216.831013344],[76415.04991837445,7148208.278736501],[76423.58038142923,7148199.5623306595],[76431.16650825174,7148191.713783495],[76439.49047047016,7148183.021848945],[76447.86889734381,7148174.353197329],[76448.60031093156,7148173.613208877],[76457.2177315015,7148164.959758144],[76465.79118029913,7148156.359861149],[76474.39080481656,7148147.630102454],[76482.83094255038,7148138.980401702],[76491.16369615484,7148130.464173097],[76491.18042781239,7148130.44738638],[76496.89489677991,7148124.650114944],[76504.22079923184,7148117.248478024],[76512.80070122727,7148108.539391066],[76521.37039693794,7148099.840855651],[76529.71153975581,7148091.359524459],[76534.46037527837,7148086.576668656],[76542.9151926866,7148078.056664898],[76551.12256051745,7148069.926263635],[76559.81889575336,7148061.351691471],[76568.12741486821,7148052.992444667],[76576.80506129505,7148044.074147748],[76584.9981449098,7148035.662894707],[76593.16760544782,7148027.175484655],[76601.39258317067,7148018.521398526],[76609.600253031,7148009.983459669],[76609.6044107484,7148009.979262159],[76617.87100084696,7148001.429103991],[76626.22253267292,7147992.902204492],[76634.36444033775,7147984.535486026],[76642.78329463291,7147975.680163969],[76643.61361826665,7147974.809529647],[76651.40640114562,7147966.740656184],[76659.92819685658,7147957.8895107405],[76668.4572976954,7147949.0360415485],[76677.06201237853,7147940.204976716],[76685.60398846294,7147931.479610121],[76694.27175265993,7147922.73317101],[76702.97529000777,7147914.059717053],[76711.69422820746,7147905.394969273],[76720.2921530552,7147896.821395623],[76728.89727923204,7147888.151331551],[76737.56646256766,7147879.352507181],[76746.19731835835,7147870.537794769],[76754.60809252824,7147861.77955018],[76763.0385138769,7147853.00105509],[76771.44420761056,7147844.2248741705],[76779.85076281155,7147835.418291935],[76788.39032899623,7147826.487488233],[76796.88820172037,7147817.696258067],[76805.54571566341,7147808.875821599],[76814.1759589964,7147800.093150991],[76822.78598999325,7147791.388558104],[76827.5714988457,7147786.521747729],[76831.42279026628,7147782.651727801],[76840.07924966811,7147773.909970762],[76840.12540267449,7147773.863255786],[76848.70962444512,7147765.12806655],[76857.36435837107,7147756.338943091],[76866.01626739721,7147747.559163954],[76874.58391812356,7147738.869293263],[76883.1264156882,7147730.226472786],[76891.74308284314,7147721.563147398],[76900.42104486394,7147712.891896853],[76909.1095803022,7147704.216761224],[76917.78232713917,7147695.544336751],[76926.41628315416,7147686.873665391],[76933.24814634206,7147679.991169612],[76935.10403732496,7147678.093004057],[76943.75460248796,7147669.30803987],[76952.39543229254,7147660.534641817],[76961.04942139081,7147651.773986576],[76969.63304541365,7147643.146879698],[76978.28133626509,7147634.419013808],[76986.94996776729,7147625.646045899],[76995.57652611914,7147616.867397567],[77004.0742818297,7147608.200329786],[77012.474477135,7147599.727790561],[77020.80430410284,7147591.385801833],[77029.17320291587,7147582.975991897],[77029.18639992317,7147582.962756007],[77037.50529674918,7147574.509036301],[77045.79899367056,7147565.968672207],[77052.95239604922,7147558.589073705],[77057.247302117,7147554.238289852],[77065.43763523555,7147545.994866234],[77074.1033453737,7147537.334806353],[77082.71726915287,7147528.699180828],[77091.49794903118,7147520.044456323],[77100.31199934089,7147511.317730228],[77108.88527603686,7147502.6908978075],[77110.65672333277,7147500.921931573],[77119.33694387344,7147492.152274128],[77127.98196151899,7147483.32252417],[77132.86343176698,7147478.388753027],[77136.62119503808,7147474.632386048],[77145.4204322109,7147465.888953893],[77153.93871969491,7147456.897794358],[77161.9174479667,7147447.659631562],[77163.59966183966,7147445.661283202],[77170.86881318182,7147435.81568216],[77176.38247093192,7147425.278005578],[77180.29906280764,7147415.698948369],[77184.82302623818,7147404.220749464],[77189.31033476489,7147392.8664099965],[77193.8626096258,7147381.370571805],[77198.23822388146,7147369.835105099],[77202.08105660079,7147359.602210199],[77206.30146963656,7147348.227119494],[77210.43104326923,7147336.758069949],[77214.70733998896,7147325.273724824],[77219.13026340492,7147314.019259289],[77223.7419425897,7147302.5547439195],[77228.24383131915,7147291.334116276],[77232.8817093856,7147279.943169588],[77237.54858743411,7147268.557258299],[77243.11157052364,7147258.213250075],[77245.41823458427,7147254.852961749],[77250.98319486802,7147248.919336586],[77252.77553677006,7147247.253407534],[77261.68417326198,7147239.149030147],[77270.93778504909,7147231.100984165],[77270.9550571944,7147231.086101782],[77280.27828099066,7147223.219719034],[77289.74389313837,7147216.549130321],[77300.67369862675,7147210.843771279],[77302.49465525878,7147210.037763967],[77313.62589633872,7147205.109570906],[77324.98489372234,7147200.27382011],[77336.41997217824,7147195.65968789],[77347.8039223614,7147191.225686261],[77359.1169494093,7147186.851702608],[77370.6125690284,7147182.384721689],[77382.12180369959,7147177.906841238],[77393.56212823448,7147173.2718475],[77403.97710966552,7147167.572278449],[77412.95647878037,7147159.606886867],[77420.87799539167,7147150.552456662],[77426.76367875689,7147143.8192106495],[77434.8063129689,7147134.669043275],[77441.65520278778,7147126.727257394],[77442.71044248698,7147125.487462703],[77442.7417898557,7147125.450710889],[77450.31299311819,7147116.511769321],[77458.23688962002,7147107.1296091825],[77466.05083779508,7147098.109588484],[77474.11129747081,7147088.897237839],[77482.10289379099,7147079.765408295],[77490.08963667031,7147070.608880604],[77498.00113360997,7147061.53433574],[77505.94043675408,7147052.284899395],[77513.89652377937,7147042.909632349],[77521.58434704511,7147033.821378581],[77529.53933012317,7147024.568103912],[77537.64542199206,7147015.224937934],[77543.26464375772,7147008.81348892],[77551.25275377871,7146999.690293766],[77554.10406510718,7146996.397456516],[77561.984203198,7146987.3510889895],[77569.94572020095,7146978.215821757],[77577.85464910627,7146969.155377847],[77585.87938012194,7146959.973710988],[77593.83991455287,7146950.773777712],[77601.86252709816,7146941.468893187],[77609.80302495894,7146932.240664534],[77617.82203068939,7146922.906343998],[77625.85375654133,7146913.617398215],[77633.91191442602,7146904.331847871],[77641.96691026981,7146895.044194668],[77648.21552064439,7146887.864774309],[77656.26938228257,7146878.624604644],[77664.1787665282,7146869.486525448],[77672.18371258094,7146860.278320933],[77680.2309563089,7146850.979856497],[77688.36126007361,7146841.728680918],[77696.50330388686,7146832.5126328645],[77704.67624443315,7146823.330214574],[77712.93585497735,7146814.151339266],[77720.99406295968,7146805.147021991],[77729.09143553127,7146795.971063046],[77737.14354370098,7146786.7509044],[77743.43213684077,7146779.48478895],[77743.44707455736,7146779.467388672],[77745.14834200876,7146777.512797329],[77753.11626598256,7146768.348794506],[77761.2196264994,7146759.01866843],[77769.34074005025,7146749.7306353785],[77777.41502355778,7146740.47574776],[77785.48230022116,7146731.125027586],[77792.59998309857,7146722.834830139],[77800.6218515524,7146713.560603881],[77800.63678203413,7146713.543425409],[77808.60602491087,7146704.326366397],[77816.61931029765,7146695.077732218],[77824.26736187382,7146686.258813569],[77832.31001617532,7146677.044090393],[77840.22029119701,7146667.858225844],[77848.14658924867,7146658.800122088],[77856.34079846786,7146649.531045906],[77856.67397041275,7146649.153824061],[77864.41615048761,7146640.29570188],[77872.43019938952,7146631.077495709],[77880.4482065172,7146621.851529033],[77888.44226852746,7146612.647557756],[77896.5381112218,7146603.339236159],[77904.60996813944,7146594.041582533],[77912.64261513739,7146584.85970981],[77920.60085688566,7146575.758848889],[77923.80853861495,7146572.08104023],[77928.50012342451,7146566.671536129],[77936.44738121808,7146557.3754431605],[77937.97733352025,7146555.574818735],[77945.97687545995,7146546.218875663],[77954.05277269322,7146536.899679212],[77962.0992274626,7146527.670703297],[77970.2026511266,7146518.4178931955],[77978.22562686744,7146509.183386605],[77986.12928694393,7146500.031678181],[77994.0679133294,7146490.811350198],[78002.06527299341,7146481.659962727],[78010.01476511563,7146472.596319886],[78013.72972879326,7146468.381271919],[78017.97422538174,7146463.576075777],[78026.13578795525,7146454.377289055],[78034.23937320441,7146445.097809648],[78042.14738562307,7146435.804310035],[78050.06292683649,7146426.469963084],[78058.09142284142,7146417.125339515],[78066.20462712203,7146407.836161267],[78074.3063237539,7146398.6393307485],[78082.35576397536,7146389.57007914],[78090.38262365106,7146380.429704249],[78091.41361223033,7146379.2497305535],[78096.39285510668,7146373.557892753],[78104.23293694365,7146364.505822501],[78111.95381963887,7146355.577084604],[78118.65366748831,7146347.765232984],[78119.8108441275,7146346.403183535],[78127.50158011023,7146337.284043653],[78135.23478362069,7146328.17947039],[78143.29407138331,7146318.840127729],[78151.29718717828,7146309.454906096],[78159.32755955722,7146300.066109899],[78167.3442017968,7146290.79834985],[78172.52888824011,7146284.878202751],[78180.66151328979,7146275.678320749],[78188.23241668765,7146266.9869451495],[78195.97645445878,7146258.038262043],[78203.92049793183,7146249.020675004],[78211.8882682629,7146239.984077165],[78219.8005532836,7146230.936822148],[78220.78848488117,7146229.79755185],[78220.9316536162,7146229.631786529],[78221.0580066414,7146229.485582687],[78227.53214511799,7146221.992393778],[78235.36634283786,7146212.82938011],[78243.27993349807,7146203.560633776],[78243.32004497299,7146203.513833797],[78249.37664395798,7146196.454246618],[78251.33823658834,7146194.187684169],[78259.3534791895,7146184.862214649],[78267.35672330979,7146175.502714144],[78275.37263434724,7146166.171374754],[78282.93504446244,7146157.339006648],[78290.99932351435,7146148.01975365],[78299.03711213241,7146138.707758069],[78307.02369732352,7146129.512493584],[78315.01057685562,7146120.317124402],[78323.1445847106,7146111.089915184],[78331.32444922958,7146101.827745112],[78339.41787018499,7146092.51029169],[78347.41938010481,7146083.179686659],[78355.30062181246,7146073.782281525],[78363.1436802849,7146064.572644347],[78371.14387199585,7146055.3611336425],[78379.23773518234,7146046.160492517],[78386.20367027697,7146038.194483981],[78386.63215699024,7146037.706701506],[78394.65619006421,7146028.557014205],[78402.57457727409,7146019.54730499],[78410.54041678284,7146010.443168677],[78418.57403110329,7146001.279009599],[78426.57708316791,7145992.129973054],[78434.6598825641,7145982.920740443],[78442.69839693536,7145973.851000843],[78450.8602507445,7145964.678595232],[78458.9593446409,7145955.408357177],[78466.97853627312,7145946.211962005],[78475.05346162856,7145937.046100954],[78483.11747877201,7145927.893990774],[78491.225764859,7145918.640023072],[78499.30839672824,7145909.319831662],[78503.06734173535,7145904.901898108],[78511.02389986918,7145895.466641102],[78518.9539697239,7145886.186768471],[78526.9798846111,7145876.918944377],[78535.0752049007,7145867.606139411],[78537.24020421912,7145865.104416951],[78538.1436742437,7145864.067147562],[78543.068114141,7145858.432861159],[78545.37166626984,7145855.80886154],[78550.5686718151,7145849.895786822],[78558.69580767775,7145840.665934499],[78566.8212876785,7145831.352080499],[78574.87656676932,7145822.012888048],[78582.78088817059,7145812.765148701],[78590.71566110739,7145803.464079442],[78598.69775482884,7145794.179839879],[78606.77060398232,7145784.896937272],[78614.87208072073,7145775.6462576315],[78623.00025801349,7145766.387321174],[78631.03051292663,7145757.1776690595],[78639.0819149692,7145747.913168692],[78646.98975991196,7145738.845512025],[78653.44676418381,7145731.528197238],[78661.55707996566,7145722.238029293],[78669.3499697803,7145713.327482855],[78677.30238322384,7145704.2611249285],[78685.38988160976,7145695.09891441],[78693.25161763752,7145685.923727462],[78701.07602554478,7145676.487071604],[78708.91443602019,7145667.27637979],[78716.92130281759,7145657.989220852],[78724.76390817709,7145648.778767946],[78730.32400589774,7145642.21232426],[78738.28069348878,7145632.791753808],[78746.1845887553,7145623.430679584],[78754.18425081013,7145614.134504668],[78762.20602760656,7145604.891886393],[78770.29887275188,7145595.706606332],[78773.49678971828,7145592.077879293],[78781.61614505644,7145582.823929641],[78789.64963211725,7145573.581896247],[78797.6363107735,7145564.249536217],[78805.5944252754,7145554.9674514495],[78813.52347652224,7145545.672444884],[78821.57449757674,7145536.330134877],[78827.69332101278,7145529.227504771],[78834.59853723185,7145521.310710805],[78842.6514233243,7145512.066721612],[78850.74634936376,7145502.765440948],[78858.8534819333,7145493.497302748],[78866.83782649972,7145484.197376389],[78874.70459290425,7145474.919904068],[78882.49382143974,7145465.866254374],[78890.54078608897,7145456.594631368],[78898.71444611024,7145447.364019764],[78906.82411051076,7145438.14691046],[78914.78588536137,7145428.931524247],[78916.92548808089,7145426.471369829],[78924.95946587482,7145417.2839311715],[78925.04366826598,7145417.188234678],[78933.08409431542,7145408.148346941],[78941.17796684615,7145399.0087811565],[78949.26462351595,7145389.745062914],[78957.15208844282,7145380.303770963],[78964.88942041772,7145370.890447486],[78968.3948740926,7145366.651895963],[78975.93529664411,7145357.055518933],[78983.18957794458,7145347.147994282],[78987.13350987481,7145341.639473345],[78994.10418292857,7145331.606204759],[79000.75016383309,7145321.363937898],[79007.2827484206,7145311.08874115],[79011.64235521987,7145304.173500321],[79013.68250867038,7145300.983196359],[79020.42780723184,7145290.668583183],[79028.36689129728,7145281.2451227605],[79037.9656821427,7145273.746774236],[79043.35917630681,7145270.35730821],[79053.8436340174,7145263.961474076],[79063.62903987698,7145257.081436455],[79072.27238860849,7145248.601465799],[79076.1791684319,7145244.159048423],[79084.29492958717,7145234.922965497],[79092.40167267929,7145225.622411711],[79100.52232945728,7145216.323519539],[79108.58577185613,7145207.140946237],[79116.78953872906,7145197.9281969],[79124.49141866714,7145189.191687059],[79132.58067089051,7145179.993382037],[79140.69426359539,7145170.70935033],[79148.83424767765,7145161.426711511],[79156.86870937253,7145152.236422744],[79164.86340841721,7145143.103936536],[79172.96416508395,7145133.836361147],[79181.0578493108,7145124.544239845],[79189.1424595528,7145115.220957616],[79192.72862683662,7145111.0834313845],[79200.78741139523,7145101.759099809],[79208.81828704663,7145092.58133514],[79216.90237935045,7145083.317320209],[79224.98276370071,7145074.027312048],[79232.96388243942,7145064.819527147],[79238.6075041279,7145058.283480324],[79240.98514938168,7145055.484324572],[79243.5473881113,7145052.442988919],[79243.59138993442,7145052.390647995],[79251.30962198408,7145043.189360984],[79259.11736325646,7145033.946284966],[79266.36228009878,7145025.306093803],[79274.21203374083,7145015.996728083],[79282.24284894293,7145006.580978001],[79285.99129043962,7145002.2119818665],[79294.02940913179,7144993.068392924],[79294.72425521829,7144992.282276807],[79301.55462183774,7144984.595902568],[79302.18413006765,7144983.891094906],[79310.13782368862,7144975.035953237],[79310.92805686145,7144974.165820681],[79318.82555469789,7144965.24670428],[79326.89411939133,7144956.026678557],[79334.94744879799,7144946.728992821],[79342.99831424456,7144937.454654597],[79351.00710635353,7144928.162317537],[79359.02442678978,7144918.791300791],[79366.90757129516,7144909.528378556],[79374.94885245338,7144900.155787028],[79383.01487650041,7144890.811073745],[79391.07603682304,7144881.432446826],[79398.98502333992,7144872.206089861],[79406.90166628733,7144862.944219429],[79414.90683626384,7144853.51660908],[79422.94489907328,7144844.129350685],[79431.01747451856,7144834.778942537],[79439.11285942857,7144825.457128189],[79447.1911300011,7144816.160859711],[79455.2356295982,7144806.955341341],[79463.27769304864,7144797.598619327],[79471.21288978908,7144788.326100567],[79479.2662832709,7144778.963404009],[79487.22501731612,7144769.775240377],[79495.2927900189,7144760.427652526],[79503.26418435643,7144751.160160502],[79511.19915599219,7144741.9024985675],[79519.26505415217,7144732.50853891],[79527.30446426902,7144723.226103388],[79535.38038578356,7144714.03143692],[79543.36578489159,7144704.931931978],[79551.453568962,7144695.641922092],[79559.49194649368,7144686.317913047],[79567.5458161296,7144676.96807809],[79575.55011458852,7144667.65574734],[79583.61726024054,7144658.289340029],[79591.63068990776,7144648.929547467],[79599.62510931288,7144639.56959084],[79607.57985765242,7144630.201483969],[79615.47214907483,7144620.934540231],[79623.41284386459,7144611.640819632],[79631.40675495681,7144602.254407709],[79637.60643873952,7144594.960797563],[79645.45744284982,7144585.830326481],[79653.42850543512,7144576.642714119],[79661.54583323403,7144567.3991275905],[79669.53507883963,7144558.312466115],[79677.4661720214,7144549.100143354],[79685.33121289458,7144539.817649014],[79693.20942674833,7144530.408432605],[79693.57939855562,7144529.961732508],[79700.98843915772,7144521.101764036],[79708.87626055162,7144511.769130642],[79716.94742454455,7144502.384478707],[79719.02720534953,7144499.981410313],[79719.06854763301,7144499.933536304],[79727.01528404903,7144490.783651848],[79735.098558767,7144481.466334179],[79743.13870416576,7144472.161076369],[79751.16750432889,7144462.914970692],[79759.1972184141,7144453.715637932],[79767.21927419736,7144444.538599035],[79775.26235872728,7144435.262847403],[79783.32102897309,7144425.907752469],[79785.6596785002,7144423.161147515],[79793.41313428676,7144414.075485105],[79801.24472072173,7144404.8093158025],[79809.15085530066,7144395.386731777],[79816.99819030869,7144386.181129199],[79825.05196982017,7144376.8704998065],[79833.07020006987,7144367.687650958],[79841.05115589761,7144358.440321488],[79849.10620037257,7144349.085752127],[79857.12528137711,7144339.745580662],[79865.13879572623,7144330.352486102],[79873.06179674482,7144320.994372485],[79881.02205711708,7144311.555162445],[79888.98446444474,7144302.098695836],[79896.80041288561,7144292.874409898],[79904.81246373686,7144283.5224486645],[79912.86382364051,7144274.29043422],[79920.90827772871,7144265.174009198],[79928.9805453794,7144255.969968919],[79936.93784027669,7144246.804906292],[79944.92419561849,7144237.481426162],[79952.68751174543,7144228.297306223],[79960.5179504989,7144218.880363192],[79968.49206832808,7144209.520175547],[79976.50088543206,7144200.326867769],[79984.64797451848,7144191.053677871],[79992.76653873798,7144181.804449808],[80000.93235561042,7144172.548726931],[80009.08133696776,7144163.306678113],[80017.18076876615,7144154.076263469],[80025.19697061682,7144144.82576541],[80033.30583518924,7144135.5446783],[80041.38969910488,7144126.303210475],[80049.43773952202,7144116.973768781],[80057.4492765374,7144107.59985836],[80065.45502228517,7144098.236975478],[80073.38875435694,7144088.931315231],[80081.37546909327,7144079.5812565405],[80089.38330127974,7144070.202330464],[80097.40980940481,7144060.877626375],[80105.15860293456,7144051.868760476],[80112.61786405765,7144043.164808683],[80120.55860692455,7144033.911763235],[80128.66108259204,7144024.596680504],[80136.64640773629,7144015.401786823],[80144.73093330913,7144006.075023271],[80152.79048429884,7143996.7554570865],[80160.77822034614,7143987.474243771],[80168.69492877217,7143978.187659762],[80176.67167618743,7143968.811820274],[80184.58395305258,7143959.436259516],[80192.61208466906,7143950.046946835],[80197.40095399547,7143944.478245625],[80205.30948953045,7143935.200493019],[80213.35461413744,7143925.816598369],[80221.42743325437,7143916.506865801],[80229.49058255414,7143907.213145134],[80237.45329586155,7143898.045253284],[80245.30418889539,7143889.045022564],[80253.3178530687,7143879.86464286],[80260.82225223345,7143871.17717446],[80261.39850710018,7143870.509174491],[80269.4511698552,7143861.167247915],[80277.5449034649,7143851.839282218],[80285.23520761047,7143842.9897161145],[80293.33956627274,7143833.706385905],[80301.39189093228,7143824.41484713],[80309.36550292652,7143815.075055623],[80317.33602701657,7143805.6581031345],[80325.24922814389,7143796.3866716605],[80333.27892798209,7143787.062200611],[80341.3321406268,7143777.7220404195],[80349.34903335827,7143768.455006421],[80357.2994483742,7143759.2672463795],[80365.31197468867,7143750.089452308],[80373.26407576981,7143740.927056224],[80381.20134631672,7143731.775400445],[80389.28929377632,7143722.447540574],[80397.27247697837,7143713.210951196],[80405.24768363469,7143703.905484331],[80413.28063889832,7143694.53844778],[80421.22225592536,7143685.292644484],[80429.27626865054,7143675.926715226],[80437.11124351656,7143666.792994974],[80445.15583499009,7143657.469731493],[80450.14910853974,7143651.695388138],[80458.10072630382,7143642.427570257],[80466.03876593261,7143633.23548919],[80474.1727424193,7143623.942592442],[80481.99417277006,7143615.011733597],[80490.10400934226,7143605.702629291],[80490.75579162384,7143604.944751518],[80498.64219593717,7143595.737248507],[80499.13165362796,7143595.157978096],[80506.67123077583,7143586.236474079],[80514.62470866326,7143576.88241813],[80522.58515591052,7143567.4953806065],[80530.60453279637,7143558.08867153],[80535.82075917255,7143551.9625212215],[80543.74254922027,7143542.731142424],[80551.70776370325,7143533.52190437],[80559.83325024636,7143524.3089840505],[80567.99680924742,7143515.118922461],[80576.00094889011,7143505.980976174],[80583.82856648363,7143496.819541087],[80591.6573369911,7143487.520231976],[80599.56314113329,7143478.182061853],[80607.59336069407,7143468.785216978],[80615.63445579418,7143459.583695186],[80623.68235262658,7143450.522181693],[80625.66596062889,7143448.284854434],[80631.70558672032,7143441.4834212875],[80639.83930593956,7143432.169354587],[80643.01279008773,7143428.506030755],[80650.9498376397,7143419.350045815],[80658.82540481671,7143410.217421049],[80666.70644360624,7143401.092628675],[80674.62719875254,7143391.87249309],[80682.5583014494,7143382.744066445],[80690.52811475866,7143373.681711942],[80698.53339787282,7143364.626032968],[80706.56144212361,7143355.533987671],[80714.57935771142,7143346.437620182],[80722.7083273909,7143337.117596231],[80730.77086270397,7143327.701521803],[80738.7206137345,7143318.2748664385],[80740.05712240707,7143316.660319848],[80747.87741617742,7143307.20667539],[80755.58027400769,7143297.936394624],[80755.582155924,7143297.934122629],[80763.43818432966,7143288.56710572],[80763.44257193018,7143288.561915324],[80764.0429259651,7143287.855359983],[80771.33009912237,7143279.326586062],[80776.6683120504,7143273.100986322],[80776.92744067678,7143272.799202586],[80779.20872999466,7143270.139938412],[80787.28215955,7143260.770934755],[80795.28280053195,7143251.4584655315],[80803.26900183898,7143242.229922437],[80811.40675766446,7143232.854180595],[80816.98195351532,7143226.405585223],[80824.90396178706,7143217.240950799],[80832.98269853578,7143207.851667294],[80840.8530503508,7143198.631866672],[80848.80736543535,7143189.3765330175],[80856.84093801526,7143180.031219929],[80864.8327002342,7143170.859236402],[80872.76291035186,7143161.763575861],[80880.61954146769,7143152.800040906],[80888.6680215422,7143143.607642022],[80896.69360980386,7143134.38542153],[80904.77375751449,7143125.07210396],[80912.83920887008,7143115.739995578],[80920.90464948257,7143106.414212808],[80928.9096822344,7143097.182555302],[80936.8802481615,7143087.921486031],[80936.88338458212,7143087.917699343],[80939.10499332933,7143085.369224666],[80947.23539052322,7143076.023064865],[80954.9904604606,7143067.117124957],[80962.90481050138,7143058.067561705],[80970.90256465954,7143048.838543885],[80973.50989311928,7143045.838402273],[80973.60464788659,7143045.729264015],[80981.61759199522,7143036.467857597],[80989.68588728132,7143027.103054029],[80997.6427257774,7143017.79044898],[81005.57111199584,7143008.391994814],[81013.457599302,7142999.049391184],[81014.73230153217,7142997.530243842],[81022.51763504319,7142988.21929085],[81030.46330189722,7142978.9056525035],[81038.4958798745,7142969.5712305475],[81044.76527753659,7142962.163162775],[81052.53771953605,7142953.022674293],[81054.51789011795,7142950.718130972],[81055.330775826,7142949.770148087],[81060.34094567603,7142943.979428615],[81068.19507641793,7142935.083697589],[81076.26070421032,7142926.033563717],[81084.4104075461,7142917.026623743],[81092.66067235061,7142907.882411795],[81100.93562085554,7142898.723545994],[81109.10109605698,7142889.608281298],[81117.20347128529,7142880.459809287],[81125.26194205729,7142871.268857139],[81126.5952570641,7142869.733131407],[81134.5966179943,7142860.535588361],[81142.67797263362,7142851.303939281],[81150.94577647833,7142842.282511346],[81159.2696031201,7142833.516575713],[81167.97079736192,7142824.799366558],[81176.82441192208,7142816.23999875],[81185.84381998552,7142807.661016578],[81188.30045849911,7142805.395565873],[81197.41869402595,7142797.110740299],[81206.44887649507,7142788.926379401],[81215.57422784221,7142780.708059338],[81224.77876115218,7142772.462156841],[81233.10312065284,7142765.083157863],[81234.75424113404,7142763.622466279],[81243.92076213151,7142755.544011772],[81253.0356999514,7142747.341887243],[81262.04154813557,7142739.317063237],[81271.37115154119,7142731.252986092],[81275.46826600394,7142727.728021511],[81284.71149105136,7142719.752690339],[81293.88664707239,7142711.735998975],[81302.91547838796,7142703.606289122],[81311.98013353994,7142695.237540777],[81320.99007884716,7142686.948219482],[81330.01002215577,7142678.768026296],[81339.05867968732,7142670.696444627],[81348.16353329032,7142662.6848242795],[81357.40667526523,7142654.579320025],[81357.409672332,7142654.576750251],[81366.55826876179,7142646.614809234],[81375.69885861996,7142638.664046364],[81384.87702619593,7142630.51716034],[81393.87366894411,7142622.276681773],[81401.62480653799,7142613.19201069],[81407.77824742679,7142602.66792801],[81410.89091757464,7142596.446844203],[81416.24470174912,7142585.40261673],[81421.55142675096,7142574.371108167],[81426.76165819779,7142563.538400922],[81432.07324645767,7142552.593986023],[81437.42045621038,7142541.603954172],[81442.84309850115,7142530.511274414],[81448.1631567477,7142519.552690983],[81453.48777696415,7142508.640220227],[81453.50132529589,7142508.6124469],[81458.83777047193,7142497.675589405],[81458.83948999894,7142497.672090804],[81464.2293805423,7142486.615787719],[81469.52890793834,7142475.606250436],[81474.83626116405,7142464.584302479],[81480.1851565867,7142453.498049252],[81485.41766993067,7142442.667150054],[81490.67327032652,7142431.624793021],[81496.03313656774,7142420.572307021],[81501.31328358134,7142409.7952140635],[81506.76464631426,7142398.703879019],[81511.29001980613,7142389.4435763545],[81511.88372180186,7142388.224803045],[81517.23881436914,7142377.220462774],[81522.59541296691,7142366.146216902],[81527.74076405802,7142355.380056277],[81533.01938431576,7142344.332759985],[81537.41969357722,7142335.185629826],[81542.58780707052,7142324.2558560725],[81547.87704347522,7142313.00314505],[81553.13161271322,7142301.911334794],[81558.13832141121,7142291.236041082],[81563.36970777164,7142280.262968405],[81568.76778994588,7142269.378014306],[81574.0829065789,7142258.620450843],[81579.43893889501,7142247.697852716],[81584.76288994099,7142236.721494354],[81585.22822732938,7142235.749145202],[81590.41673694167,7142224.874751653],[81596.68868549023,7142214.259897413],[81603.95823588903,7142204.388972496],[81611.08924895362,7142194.961680604],[81618.35977745167,7142185.195599723],[81625.34351779544,7142175.681910766],[81632.64876143332,7142165.727166355],[81639.75248995732,7142155.8434211565],[81646.83122534415,7142146.065919535],[81654.2238815222,7142136.286156347],[81661.6359958279,7142126.608938392],[81668.92621441919,7142117.101068202],[81676.37801045238,7142107.338495888],[81683.64342810726,7142097.629304288],[81690.72648682294,7142088.119410718],[81697.92648515542,7142078.427793503],[81704.68399133207,7142069.311520299],[81705.28324051062,7142068.500308311],[81712.68739821331,7142058.618404809],[81720.07890128077,7142048.865787109],[81727.2869509717,7142039.293112783],[81728.56613593135,7142037.576644962],[81734.62714265968,7142029.480902899],[81741.73057466018,7142019.931888623],[81748.8390144385,7142010.456092227],[81755.92842732865,7142000.990349762],[81763.18173034216,7141991.352255346],[81770.58729190484,7141981.559871927],[81777.8495236042,7141971.972465934],[81785.25609255786,7141962.131809205],[81792.58573330514,7141952.367657432],[81798.61382021435,7141944.350355912],[81799.86847627797,7141942.684071701],[81807.09363772412,7141933.031191574],[81807.11127631384,7141933.007545028],[81814.35820405348,7141923.260750441],[81821.55663429404,7141913.616456311],[81828.84361567523,7141903.880364818],[81835.1104875392,7141895.537405895],[81842.49415078311,7141885.757184743],[81849.74847721483,7141876.051363338],[81856.89693468809,7141866.329747779],[81864.04760021757,7141856.576221799],[81871.33246758766,7141846.641740531],[81878.67043919221,7141836.8139796015],[81886.08986893977,7141827.016668115],[81893.54538491467,7141817.130337305],[81900.84832409129,7141807.420488607],[81907.48390061862,7141798.574769499],[81914.88748988969,7141788.70188658],[81922.25922584085,7141778.917041942],[81925.86517706321,7141774.092593197],[81925.89909165434,7141774.047033289],[81933.19266716519,7141764.323553099],[81940.62302177644,7141754.464612188],[81948.10343736858,7141744.63712389],[81955.53299924755,7141734.961138973],[81963.00375766063,7141725.285457862],[81970.47207588173,7141715.651557169],[81978.00014277513,7141705.898852212],[81985.46963094099,7141696.163941512],[81992.90097857732,7141686.360199187],[82000.02019826195,7141676.898433544],[82007.26578264916,7141667.109563225],[82014.45937196515,7141657.30205455],[82014.47407842259,7141657.282090111],[82021.70748348441,7141647.391565197],[82028.96026537695,7141637.4253708795],[82036.14416146721,7141627.554813379],[82043.3812563477,7141617.537374375],[82050.56773357524,7141607.606935207],[82057.71722373378,7141597.837766163],[82064.92622005666,7141588.141431833],[82072.13203668362,7141578.462649042],[82079.48762403167,7141568.682459965],[82086.88853051834,7141558.9723240845],[82094.2797242825,7141549.260656624],[82101.49495022441,7141539.689755554],[82108.71970733802,7141529.976363077],[82115.80326325417,7141520.229736517],[82123.01713503408,7141510.342113765],[82130.33475474513,7141500.5142925475],[82137.64623984077,7141490.660847595],[82145.04066537454,7141480.743406966],[82152.38373347808,7141471.069613162],[82159.56575539638,7141461.586025449],[82166.6225176605,7141452.165754373],[82173.63053456979,7141442.741716146],[82180.58497732511,7141433.377491928],[82187.4448219313,7141424.092434665],[82194.28763710434,7141414.792512364],[82201.22372199869,7141405.280245876],[82208.47424879059,7141395.46304306],[82215.26030889642,7141386.452894308],[82218.64790767274,7141381.958917158],[82225.9202246471,7141372.3289376665],[82233.046005085,7141362.85642503],[82236.82661750773,7141357.842815126],[82240.06741287583,7141353.536830133],[82240.1482352097,7141353.428910537],[82247.40807513689,7141343.84916077],[82254.8544842989,7141334.14862745],[82263.00686992495,7141324.860518638],[82271.78848566022,7141316.129079351],[82280.39547548647,7141307.6643625125],[82288.8490772398,7141299.468706517],[82296.75565454777,7141292.008204213],[82304.98674290453,7141284.350008292],[82305.5602027367,7141283.820880245],[82314.47637953481,7141275.514283084],[82323.33420661639,7141267.059600914],[82328.16674536641,7141262.4806806175],[82336.96819633164,7141254.0566288065],[82345.77849860961,7141245.638404977],[82354.70438181312,7141237.134787501],[82358.34381787648,7141233.627756761],[82359.79966070433,7141232.2164189685],[82368.60888429504,7141223.799593866],[82377.56376679632,7141215.46809956],[82386.49149658898,7141207.196921291],[82395.29934710206,7141198.949368233],[82404.06121454941,7141190.613970002],[82412.83396215661,7141182.293346759],[82421.70124604506,7141173.894768627],[82430.76618958218,7141165.498003643],[82439.91601054819,7141157.109251455],[82448.92433122994,7141148.772975277],[82455.79109660408,7141142.284790846],[82464.81304642459,7141133.717431424],[82473.66505533445,7141125.399178498],[82482.78807569592,7141117.007447256],[82491.90743028303,7141108.696206618],[82500.54370369052,7141100.786935378],[82509.34290771984,7141092.792103126],[82518.51033948862,7141084.415417738],[82527.24717378616,7141076.316561794],[82536.31171653984,7141067.8583311215],[82545.24770709005,7141059.462758321],[82554.2722683851,7141051.03789612],[82563.34068936267,7141042.881566997],[82572.30645121553,7141035.055975514],[82578.486189719,7141029.667891057],[82581.6469528068,7141026.868166639],[82590.4896427209,7141018.839696796],[82599.4151613529,7141010.3059729785],[82608.21125581022,7141001.779918022],[82617.06795646512,7140993.196595976],[82625.54950311797,7140984.991126478],[82634.47365948203,7140976.492652079],[82643.4368120351,7140968.04481804],[82652.41241316806,7140959.619358554],[82661.16300856287,7140951.398071975],[82668.25348344911,7140944.711143844],[82677.06573790347,7140936.427623473],[82686.12118866632,7140928.006007485],[82695.18128928746,7140919.567323973],[82704.19625124364,7140911.128429004],[82713.13014905428,7140902.70328643],[82722.08819942723,7140894.349965899],[82731.14152082073,7140885.939808458],[82740.14773917012,7140877.62964146],[82749.2453115065,7140869.287940277],[82758.3436720621,7140860.930492754],[82767.39479362709,7140852.553447476],[82776.42894108692,7140844.156540793],[82785.46234220726,7140835.728849676],[82794.48174610367,7140827.292050676],[82803.47566562856,7140818.840672802],[82812.51726971124,7140810.422666175],[82821.42918349762,7140802.090711685],[82830.47172713839,7140793.689936464],[82839.48539417068,7140785.461234512],[82848.57175616053,7140777.161656583],[82857.63132170151,7140768.82225351],[82858.67610233946,7140767.8536679465],[82866.71444231475,7140760.427407978],[82875.73880877777,7140752.033808296],[82884.71669966006,7140743.567894278],[82893.41499102395,7140735.37349212],[82902.3936963394,7140726.935131929],[82911.2415242357,7140718.5600250745],[82920.05892550712,7140710.148642786],[82928.82234287157,7140701.743432196],[82937.7274809911,7140693.20790511],[82946.67800726049,7140684.740207873],[82955.51870961231,7140676.496430295],[82964.48745284579,7140668.176642962],[82973.55928289448,7140659.800708732],[82973.59801093151,7140659.764848319],[82982.60400229861,7140651.433017425],[82991.68493032479,7140643.07379522],[83000.73832590535,7140634.729797751],[83009.70256515848,7140626.506112807],[83018.62575810147,7140618.295892946],[83027.67381830886,7140610.011449978],[83036.72510637663,7140601.6468272],[83045.65377519716,7140593.427662861],[83054.68817710213,7140585.046397486],[83063.71447199205,7140576.673198938],[83072.64297625452,7140568.324662099],[83081.59351368499,7140559.854347426],[83086.02687312308,7140555.596600262],[83090.43806438352,7140551.340482783],[83099.27961626736,7140542.816193061],[83108.17444952187,7140534.278594478],[83117.14845358639,7140525.824438778],[83126.0582209733,7140517.592646996],[83135.03519211168,7140509.539852722],[83144.20087481244,7140501.479030607],[83153.54503139661,7140493.457379078],[83161.72087250103,7140486.643805401],[83171.13534515392,7140478.7341804225],[83180.93851577112,7140471.733437012],[83191.38029362442,7140465.395985084],[83197.97934582067,7140461.540891474],[83201.97480342409,7140459.342826946],[83212.53397762752,7140453.618536967],[83223.37329564331,7140447.744318116],[83234.14355346299,7140442.073432133],[83245.06631205074,7140436.573355012],[83256.00734375289,7140431.203979431],[83267.00168006727,7140425.922332295],[83278.11081603094,7140420.582793603],[83288.63180748955,7140414.369253904],[83298.18307944643,7140406.744798267],[83307.36850305903,7140398.584806616],[83316.45618703146,7140390.323900605],[83325.49040073575,7140381.998899318],[83334.39503021288,7140373.80137283],[83343.38298493554,7140365.609917648],[83352.47857358778,7140357.323262084],[83361.65252886637,7140349.059619978],[83369.95796730649,7140341.430618048],[83378.99929518567,7140333.043748042],[83387.98616232158,7140324.655929847],[83396.9352074613,7140316.157322101],[83405.73109615658,7140307.705167681],[83414.57464794302,7140300.476660407],[83424.39470623678,7140293.84882977],[83434.49242853251,7140287.3179279305],[83444.79593816999,7140280.556577299],[83454.93451731076,7140273.819876917],[83465.0490418247,7140267.036109471],[83474.9993897134,7140260.326315384],[83485.0254014532,7140253.709176218],[83494.98587942444,7140247.202992491],[83504.74183015182,7140240.794490193],[83514.65232029505,7140234.339567343],[83524.81460319174,7140227.801435217],[83535.11447269033,7140221.177595623],[83535.14690080506,7140221.156524481],[83545.42816802731,7140214.405290863],[83555.6473717037,7140207.578808377],[83565.83065645566,7140200.698999407],[83575.97092888714,7140193.891773707],[83586.23348277784,7140187.034664602],[83596.39379915176,7140180.374956763],[83606.65933975606,7140173.769419774],[83616.94312784664,7140167.079068358],[83627.15736048773,7140160.394730119],[83633.68136042386,7140156.140816925],[83643.92658550286,7140149.419807179],[83654.27805311035,7140142.666616203],[83664.49491222884,7140136.037854802],[83674.78028947389,7140129.25380625],[83684.92114066938,7140122.389462399],[83694.6215080411,7140115.586370692],[83704.61786859483,7140108.439758164],[83714.65866072936,7140101.442216961],[83724.88402927277,7140094.484585859],[83735.09760895226,7140087.693014824],[83745.15090872004,7140081.087686145],[83755.47390789678,7140074.388939614],[83765.6280116383,7140067.6590939015],[83775.94942509336,7140060.879341692],[83786.1425475512,7140054.224552603],[83796.40045623184,7140047.494412982],[83806.68505127338,7140040.644527942],[83817.05447920499,7140033.9247809015],[83827.44142775057,7140027.308730199],[83837.34509517823,7140019.903404571],[83846.35287577077,7140011.868101705],[83846.39788918849,7140011.827219315],[83846.4695863073,7140011.76253007],[83855.56698708114,7140003.540185932],[83864.68188699172,7139995.208911398],[83873.76392901706,7139986.8610505015],[83882.85045343521,7139978.4950062875],[83891.86518303264,7139970.164553396],[83900.79706541618,7139961.9491756335],[83909.8285432505,7139953.701962243],[83918.88402299798,7139945.53144858],[83927.90156208718,7139937.483090276],[83935.4446663367,7139930.763326886],[83937.107071938,7139929.287435779],[83946.15973053762,7139921.167006551],[83955.24683782324,7139912.973823483],[83964.33347410243,7139904.718775872],[83973.38753384969,7139896.505110098],[83982.38004653051,7139888.343126135],[83991.49849224265,7139880.031332243],[84000.64278054947,7139871.76021027],[84009.71026119526,7139863.64532537],[84018.8286843127,7139855.530600373],[84028.02649059618,7139847.29512994],[84037.12358409609,7139839.107107418],[84046.15880067495,7139830.914351859],[84055.17607665842,7139822.703704661],[84064.16433244362,7139814.444060169],[84073.1811123928,7139806.140121222],[84082.24208574422,7139797.827246484],[84091.36874324363,7139789.649346067],[84100.55619955383,7139781.382201927],[84109.2840157242,7139773.53224407],[84118.38898853585,7139765.304680745],[84127.53996819415,7139757.039370144],[84136.608202376,7139748.863712206],[84145.69725197373,7139740.728789354],[84154.8852004247,7139732.453417437],[84163.89712872024,7139724.290070752],[84172.92974105245,7139716.053757761],[84182.0558126499,7139707.737891903],[84191.17888662097,7139699.395612306],[84200.26898694818,7139691.094591334],[84209.42448178027,7139682.874017913],[84218.59117487137,7139674.61670842],[84227.71017687162,7139666.376543332],[84236.78762424027,7139658.182029569],[84245.82305864966,7139649.933001528],[84254.80841289228,7139641.754560359],[84263.85123751551,7139633.611459522],[84272.92886102188,7139625.534183836],[84282.06370806863,7139617.410853773],[84291.22561022354,7139609.2005460225],[84300.2387133597,7139601.016851383],[84301.49739554222,7139599.865953517],[84304.44416634797,7139597.167881621],[84310.5806773628,7139591.560000242],[84319.55256437219,7139583.302492145],[84328.58788198937,7139574.926399311],[84337.54096529895,7139566.598339184],[84346.40532592346,7139558.393387115],[84355.52931778139,7139550.085476026],[84364.21207810554,7139542.354114285],[84373.28114621376,7139534.234993601],[84380.08097805688,7139527.9728219295],[84382.3210859017,7139525.875897478],[84384.45120027091,7139523.898083478],[84391.47972323443,7139517.53242075],[84400.61747225502,7139509.411122407],[84409.81924997049,7139501.289284967],[84418.87755314092,7139493.222875873],[84427.93600701063,7139484.899538662],[84436.97941187833,7139476.578165221],[84446.05010319845,7139468.30905571],[84455.18540341797,7139460.097495122],[84464.34693561046,7139451.9333906695],[84473.43140081863,7139443.631170418],[84481.21741632791,7139436.387000451],[84490.2588277022,7139428.005581005],[84499.36486100481,7139419.837488748],[84508.33270656352,7139411.7739575505],[84510.80747524387,7139409.54573728],[84519.83000717481,7139401.40808982],[84528.7944247573,7139392.923296117],[84537.0219554741,7139383.729643455],[84544.60819601576,7139373.966938423],[84551.88783118117,7139364.103851495],[84557.00181838998,7139356.999585119],[84564.13590801053,7139347.149115777],[84571.32887865923,7139337.330701152],[84578.58988466905,7139327.499439727],[84585.90735770762,7139317.668401606],[84593.12931032322,7139307.81280974],[84600.2258697938,7139297.911070611],[84607.23179167998,7139287.96061593],[84614.31790337409,7139277.991146748],[84621.50353005592,7139268.062341132],[84628.68727973511,7139258.215082558],[84635.8385281029,7139248.32726988],[84642.8677549655,7139238.464921153],[84649.80949939578,7139228.597259064],[84656.80729037855,7139218.621995097],[84663.86265119922,7139208.5386220645],[84670.94566362974,7139198.495978908],[84678.10421742906,7139188.540320879],[84685.34527884878,7139178.568607787],[84692.57382647716,7139168.579065986],[84699.84172161535,7139158.593981982],[84704.34011116449,7139152.381407949],[84707.08909224952,7139148.622016732],[84714.34105587151,7139138.6443092525],[84717.47463231382,7139134.302240513],[84724.54143083224,7139124.210438017],[84731.65879905538,7139114.360166872],[84734.94402442401,7139110.065955439],[84742.45527374005,7139100.514778389],[84750.17233216431,7139090.999064067],[84757.83809067565,7139081.52902982],[84765.47236432362,7139072.09142119],[84772.48582610174,7139061.926418487],[84777.423423926,7139050.678945951],[84780.32510176348,7139041.932481356],[84784.04084369086,7139030.45308638],[84787.7262772987,7139018.704261359],[84791.27018376236,7139006.8665921595],[84792.8879822903,7139001.409621622],[84794.74238680059,7138995.052533675],[84798.2286259727,7138983.188397957],[84801.71933537128,7138971.3544926075],[84805.14851956384,7138959.52419994],[84808.53761481581,7138947.773141896],[84811.98990465561,7138935.930142315],[84815.48203804065,7138924.082402464],[84818.94318801066,7138912.302414805],[84822.40305462718,7138900.620427609],[84825.77903418848,7138889.023400921],[84829.18525911088,7138877.158519432],[84832.55310183472,7138865.293205609],[84833.7319318506,7138861.171104217],[84837.09074201342,7138849.483822579],[84837.89987875434,7138846.6644650325],[84840.48818730982,7138837.664298185],[84843.98115822714,7138825.862217933],[84847.52529035666,7138814.1937664],[84851.05128643767,7138802.363969355],[84854.52342361445,7138790.664491756],[84857.98539517866,7138778.895187888],[84860.44580638135,7138770.444927616],[84861.38113048935,7138767.234384346],[84864.69921334588,7138755.990167443],[84865.00144631625,7138754.984639214],[84866.02580653701,7138751.675418498],[84869.64064638858,7138739.902270711],[84873.07352955814,7138728.197558494],[84876.53155078954,7138716.45721988],[84879.99561910558,7138704.776806744],[84883.60747102927,7138692.979914565],[84887.27895479836,7138681.213658415],[84890.99684807082,7138669.607417674],[84891.36699241883,7138668.44636425],[84895.93804982386,7138656.95738562],[84902.35333310498,7138646.3596976],[84910.0879119031,7138636.902568169],[84917.99131022126,7138627.60841999],[84923.7747075819,7138620.838840101],[84931.57659729483,7138611.716474324],[84939.52547347656,7138602.419753712],[84947.31239714153,7138593.283697749],[84955.10213330545,7138583.94320729],[84962.98660528724,7138574.510988676],[84970.86496993573,7138565.291422225],[84978.95200970676,7138556.067101702],[84986.93466889556,7138546.908218157],[84994.89796649333,7138537.623477988],[85002.82940697658,7138528.1916136695],[85010.39455709083,7138518.994586337],[85017.98554614151,7138509.8894161275],[85025.72266143933,7138500.812607093],[85033.7203073423,7138491.402469231],[85041.37169481628,7138482.002850111],[85048.98796205036,7138472.655417077],[85056.82304325234,7138463.412026377],[85064.94012520544,7138454.075699623],[85072.9381701225,7138444.874520529],[85080.8107636139,7138435.565461435],[85088.50763450575,7138426.181136817],[85096.32771716308,7138416.672004794],[85104.11160199245,7138407.424763199],[85112.06327594433,7138397.990274963],[85120.01052865497,7138388.616045535],[85128.01630630525,7138379.377560188],[85135.95429457026,7138370.0989639945],[85143.76932745229,7138360.898100454],[85151.61017529143,7138351.505851712],[85159.48125532718,7138342.081908932],[85167.25359004346,7138332.834946288],[85174.92593479261,7138323.785354437],[85182.91823100462,7138314.394976627],[85190.65862245642,7138305.318875816],[85198.50906011544,7138295.948784707],[85206.35883282515,7138286.529260803],[85214.30560336617,7138277.073705409],[85222.28064778447,7138267.65501146],[85230.28065571439,7138258.250646357],[85238.25401155156,7138248.888074949],[85246.11851533962,7138239.624554804],[85253.98658678733,7138230.25377682],[85261.90281066613,7138220.77048299],[85266.99121757993,7138214.713285277],[85274.8267347351,7138205.408426285],[85282.42314597039,7138196.282790413],[85290.33841715375,7138186.787020385],[85298.0838007424,7138177.295669252],[85305.65529942204,7138167.906985017],[85312.27966012957,7138159.707489693],[85320.06794844399,7138150.244128862],[85327.89524100942,7138140.760897224],[85335.73581534298,7138131.334262591],[85343.63455193874,7138121.863378191],[85351.43531070679,7138112.446254265],[85351.462475179,7138112.413355986],[85359.15498810762,7138103.076094802],[85366.8942793617,7138093.64759247],[85374.40645020857,7138084.525267273],[85382.20364297851,7138075.095584257],[85390.03260267794,7138065.716307196],[85397.81295903312,7138056.431317061],[85405.54131776071,7138047.15690066],[85413.32504325337,7138037.869568153],[85421.05939411803,7138028.688267646],[85428.99210032017,7138019.296586353],[85429.08885348658,7138019.182383075],[85429.23748263746,7138019.006858091],[85431.2099290113,7138016.678113226],[85439.14024107967,7138007.333318839],[85447.0629199855,7137997.933764951],[85454.32975645398,7137989.224052594],[85454.81947916641,7137988.636124313],[85457.36813596328,7137985.573500406],[85461.92434615234,7137980.113616985],[85469.71516420942,7137970.767751386],[85477.56140331156,7137961.50301437],[85485.43023487343,7137952.264078463],[85493.30470820278,7137943.081831902],[85501.2555465122,7137933.784626042],[85509.17954409396,7137924.44904394],[85517.03065383626,7137915.222639987],[85524.90033510095,7137906.028461351],[85532.87565348775,7137896.750333896],[85540.86948104459,7137887.5702709835],[85548.83553069422,7137878.455061097],[85556.7108043331,7137869.413935874],[85564.3763751671,7137860.384417643],[85572.38260186528,7137851.019755266],[85580.21270307637,7137841.905806755],[85588.2122998701,7137832.540374487],[85595.9451009006,7137823.132679556],[85603.7781760731,7137813.638979297],[85603.82300039812,7137813.584541248],[85611.61988813855,7137804.186629308],[85619.52996098419,7137794.6947908485],[85627.42325905134,7137785.195981806],[85635.30596997455,7137775.68517846],[85643.21003956342,7137766.258539341],[85651.14364043833,7137756.851146477],[85658.94650749618,7137747.513472789],[85666.74357099697,7137738.222579619],[85671.1297827299,7137732.957601614],[85671.75137635588,7137732.205383569],[85678.6652342201,7137723.935494845],[85686.47739306313,7137714.601545218],[85692.6536584766,7137707.215345299],[85700.49041536712,7137697.785678647],[85708.38500609418,7137688.366822008],[85714.23869485274,7137681.401488692],[85716.31540463632,7137678.924218019],[85724.16191811266,7137669.52838074],[85732.00016950956,7137660.126507031],[85739.90449784813,7137650.649098612],[85747.81387020653,7137641.183504118],[85755.69450471044,7137631.7078981185],[85763.57516894443,7137622.208640578],[85771.45107199601,7137612.754974952],[85779.38147963403,7137603.3061297],[85787.22213708411,7137593.924407633],[85794.91346447106,7137584.804347916],[85802.81572527514,7137575.447430026],[85810.67138493014,7137566.111693608],[85818.45832646941,7137556.682414673],[85826.12989822845,7137547.361645041],[85833.89218771312,7137537.977440664],[85841.65278635937,7137528.656245611],[85849.48883830773,7137519.290454879],[85857.32534631708,7137510.028044991],[85865.28197234584,7137500.5725528095],[85873.14028118912,7137491.213781961],[85880.97311556275,7137481.865865212],[85888.89925701643,7137472.436052648],[85896.69913268415,7137463.199234294],[85904.60732074763,7137453.857120398],[85912.46093168668,7137444.524612303],[85920.40325419209,7137435.1157262605],[85928.52883840696,7137426.24432493],[85931.74032868503,7137422.970322546],[85936.82521276397,7137417.731811887],[85945.34433297854,7137408.999686564],[85948.7477200281,7137405.5508471],[85957.42839273461,7137396.841672432],[85966.00276588515,7137388.320123648],[85974.72107349354,7137379.653316866],[85983.316594253,7137371.097672806],[85992.03461370291,7137362.442507306],[85993.69529287168,7137360.793293866],[86000.80098168482,7137353.789746268],[86009.32844585314,7137345.489541154],[86018.23827593692,7137336.869151387],[86026.74405911891,7137328.596236455],[86028.58376013604,7137326.794874407],[86035.52060530212,7137319.95710315],[86044.1300681255,7137311.540435998],[86052.93319203804,7137302.9150097985],[86061.71689851227,7137294.318725221],[86070.2058160035,7137286.113877394],[86079.01784062246,7137277.520695703],[86087.03684401046,7137269.747742407],[86087.9082798271,7137268.922869083],[86096.21857963555,7137261.022279959],[86105.06230990292,7137252.557434574],[86113.51573335927,7137244.306817487],[86122.21891546552,7137235.590836893],[86130.93529682996,7137226.825414712],[86139.63613405573,7137218.122565147],[86148.40364657837,7137209.385722628],[86157.16349867504,7137200.751560293],[86165.95656903292,7137192.051264813],[86174.4254840156,7137183.5515119955],[86183.12713768805,7137174.753737675],[86183.14114674536,7137174.7396330405],[86191.8987114384,7137166.055308383],[86200.27370448015,7137157.767657608],[86208.7163172997,7137149.230534172],[86216.98429619597,7137140.849356369],[86218.83523828367,7137138.982821566],[86219.11554969248,7137138.699733132],[86220.12950782944,7137137.678257473],[86221.18152670539,7137136.625557151],[86221.45031362353,7137136.360648515],[86223.06056283799,7137134.773117462],[86225.54921409779,7137132.320732687],[86229.49313031073,7137128.422504926],[86231.7733494332,7137126.159425902],[86233.93766120542,7137124.022498114],[86242.77718327363,7137115.40445723],[86243.25262946024,7137114.952184409],[86251.68971348752,7137107.059286839],[86260.76001607085,7137098.627137427],[86269.00171488413,7137090.875539883],[86269.45869365474,7137090.444892066],[86278.38881797815,7137081.983236248],[86285.11625368637,7137075.399381404],[86293.08322813903,7137067.394097222],[86301.706354169,7137058.724039825],[86310.49155072356,7137050.178761535],[86318.93483329058,7137041.9452776965],[86327.51912892144,7137033.662482429],[86335.36861793959,7137026.209416142],[86344.40158133529,7137017.718095647],[86352.9363443004,7137009.370112386],[86361.35511983855,7137001.032248802],[86370.1453381647,7136992.327883863],[86378.49587005033,7136984.0761374105],[86387.3137140231,7136975.3553118855],[86395.60892444057,7136967.0758389365],[86404.33555857604,7136958.330933364],[86413.10035706946,7136949.563906535],[86421.83841222362,7136940.870536593],[86430.60767581646,7136932.229327839],[86439.3947821497,7136923.592339568],[86448.11892017245,7136915.027426088],[86456.98596875713,7136906.464666253],[86465.84076197085,7136897.920614429],[86474.65977642941,7136889.354005847],[86483.15667111787,7136881.150668072],[86492.0058891807,7136872.434332799],[86499.3988517684,7136865.049687045],[86508.1998387422,7136856.284641711],[86516.80230000668,7136847.8285702],[86525.71738084726,7136839.189344153],[86534.5871453883,7136830.51449347],[86543.45183867728,7136821.834372028],[86552.31140323624,7136813.211598767],[86560.22875042359,7136805.5317385765],[86568.73793741013,7136797.282338264],[86576.22461426893,7136790.001754089],[86584.68544597336,7136781.6916492265],[86593.42212622054,7136773.006151977],[86601.94472468708,7136764.433950777],[86610.68850156688,7136755.720133934],[86619.21875918843,7136747.360898348],[86628.04321489902,7136738.653049052],[86636.84702202701,7136730.0136076845],[86645.51962513529,7136721.6449515335],[86654.4834815347,7136713.040616751],[86662.87798035308,7136704.907040952],[86671.7775870398,7136696.277697438],[86680.29225413816,7136688.0445186645],[86689.07305328263,7136679.630053766],[86697.85156257637,7136671.057739962],[86703.23770639318,7136665.630409801],[86711.69474141474,7136657.071312393],[86720.3161768089,7136648.495500053],[86726.56364704226,7136642.299679643],[86735.22321569582,7136633.763251973],[86736.45212143456,7136632.559525284],[86743.90482777677,7136625.257268338],[86752.6055383517,7136616.721902385],[86761.27004283405,7136608.232028185],[86763.18978733523,7136606.3551656045],[86770.02605820657,7136599.742691254],[86778.8486817755,7136591.256551601],[86784.19589011162,7136586.062359542],[86792.86443004193,7136577.50986605],[86801.51876667346,7136568.9581441],[86810.21273014153,7136560.3664702615],[86818.87950186309,7136551.837225655],[86827.65507786116,7136543.192924126],[86836.42598148301,7136534.521047657],[86845.13461643818,7136525.902283209],[86853.90381355118,7136517.277643671],[86862.68100498617,7136508.676456157],[86871.1078428913,7136500.288658347],[86879.64052268607,7136491.915392783],[86888.3520099587,7136483.431265695],[86897.1420604316,7136474.796713036],[86905.83888462879,7136466.22840169],[86914.49231841601,7136457.681596654],[86923.21216659213,7136449.172956521],[86931.92153399502,7136440.559282927],[86940.66466425778,7136431.961209756],[86949.36626975879,7136423.405241878],[86958.16188825615,7136414.744410944],[86966.87775717658,7136406.146247502],[86975.61706338782,7136397.623760244],[86984.34528369427,7136389.130787948],[86993.19671873783,7136380.543750297],[87002.04261488566,7136371.934328901],[87010.85429306637,7136363.329492189],[87019.51039159595,7136354.87598769],[87028.06999018352,7136346.535476811],[87036.89503601764,7136337.878197644],[87045.54339573585,7136329.388465086],[87054.25126397505,7136320.875170045],[87062.92934197432,7136312.324629862],[87071.72537327895,7136303.652323587],[87080.50876373512,7136295.014257742],[87082.52265902661,7136293.031952534],[87089.21404202736,7136286.466779575],[87097.88210489828,7136277.968203999],[87106.605162538,7136269.423385244],[87115.35475533991,7136260.852303864],[87121.70424244803,7136254.598933049],[87127.21164593613,7136249.238130436],[87135.7765998214,7136240.959582344],[87144.60441914777,7136232.334316725],[87153.4098767243,7136223.710455107],[87161.90638983733,7136215.437742417],[87170.72179563728,7136206.931653475],[87179.4154119151,7136198.534434589],[87180.04635196639,7136197.927800238],[87188.2333535899,7136190.026862644],[87196.73467620806,7136181.756394794],[87205.15558918065,7136173.563341852],[87208.23073706578,7136170.538551228],[87212.20563989913,7136166.585467244],[87220.89179036231,7136157.921636944],[87229.46765765804,7136149.45475089],[87238.31624690391,7136140.842528518],[87247.0613060884,7136132.163879613],[87255.792077853,7136123.472676492],[87264.4481933529,7136114.809994051],[87273.12016195536,7136106.163682014],[87281.75112818502,7136097.552497649],[87290.40125959669,7136088.961007378],[87297.37259001547,7136082.007390704],[87304.91328010452,7136074.458969455],[87311.52998729382,7136068.034825992],[87319.19464033132,7136060.68536398],[87327.83492245327,7136052.4288547505],[87336.35551443382,7136044.153488504],[87344.90085211088,7136035.7807449885],[87353.5750901266,7136027.286243942],[87362.37335893314,7136018.616982827],[87371.07708427677,7136010.0176990945],[87379.84725359944,7136001.362648787],[87388.61692913785,7135992.716572292],[87397.39644364227,7135984.051148195],[87406.14358923002,7135975.417902771],[87414.83279088314,7135966.908299033],[87423.49268794782,7135958.426084887],[87432.15800942644,7135949.8410023125],[87440.83436751174,7135941.284907211],[87449.61850052484,7135932.623823008],[87458.40033275087,7135923.949228185],[87467.1931294619,7135915.273862776],[87475.99629403843,7135906.703296215],[87484.70033154509,7135898.195125005],[87493.52235589799,7135889.544645859],[87502.33121256653,7135880.893971924],[87510.97251433483,7135872.369943592],[87519.53511078015,7135863.936375156],[87528.01017065399,7135855.631405756],[87536.75141816563,7135847.184110463],[87545.54120367375,7135838.6271930095],[87554.2756737037,7135830.07164651],[87562.9033268888,7135821.477663064],[87571.5114380747,7135812.977881553],[87580.22630232363,7135804.440916613],[87588.31693192438,7135796.621279057],[87589.13480100827,7135795.809979828],[87597.73395867454,7135787.264606278],[87606.36692461255,7135778.698082749],[87606.39866506471,7135778.666324119],[87615.11583983107,7135770.015722582],[87623.82438632782,7135761.431685768],[87623.82645988616,7135761.429641215],[87632.52913747,7135752.9074813705],[87641.35070919455,7135744.348629123],[87650.17877426947,7135735.886792984],[87658.58104254637,7135727.889142511],[87667.36856515269,7135719.453895982],[87676.0153807631,7135710.917086431],[87684.58248794521,7135702.268745493],[87693.13375406666,7135693.6350042205],[87701.84671842528,7135684.938820634],[87710.59620750463,7135676.246997362],[87715.26482252328,7135671.574320588],[87719.31890323514,7135667.521688275],[87728.00300672709,7135658.841242768],[87736.75195406529,7135650.168820536],[87745.42294042546,7135641.604868903],[87754.14542001806,7135633.00044696],[87762.76014735986,7135624.458040757],[87771.16795703827,7135616.16362466],[87779.87174557347,7135607.465230683],[87788.57545857417,7135598.810575506],[87797.36421806086,7135590.275937503],[87798.12861435727,7135589.547890698],[87806.16541647573,7135582.020587862],[87814.86795731087,7135573.732609954],[87823.51216405717,7135565.378848422],[87832.17303765751,7135556.896812422],[87840.96141517186,7135548.257109627],[87849.60357520857,7135539.611601261],[87858.30351108935,7135530.914272211],[87867.06731110474,7135522.278672796],[87875.86584687419,7135513.72698434],[87884.68351056031,7135505.125595221],[87893.51423990913,7135496.488416116],[87902.2570498354,7135487.83504476],[87910.98820125259,7135479.155767807],[87919.44060037553,7135470.840033253],[87928.14652608405,7135462.27576063],[87936.74152762984,7135453.897312725],[87945.58167211636,7135445.3294637855],[87954.40911915392,7135436.80096109],[87963.22296071955,7135428.231725041],[87972.04058574955,7135419.650390308],[87980.8765946945,7135411.075178599],[87989.59113566275,7135402.518808606],[87998.24105759698,7135393.766889384],[88006.72052761319,7135384.961775595],[88014.90701646125,7135376.43893191],[88023.55303464492,7135367.791356406],[88032.37514053087,7135359.106101017],[88041.08500777907,7135350.680796239],[88049.83476757549,7135342.380088529],[88058.57954472245,7135333.997504234],[88067.37477419327,7135325.546659082],[88076.18693449214,7135317.097006115],[88085.0137956398,7135308.527233096],[88093.44881413801,7135300.255843508],[88102.24628964695,7135291.648392243],[88110.97171640786,7135283.156481685],[88119.738428585,7135274.609901667],[88128.50179808645,7135266.1151739545],[88137.21788426588,7135257.593203479],[88139.27414722805,7135255.5632609725],[88145.86328105448,7135249.066351355],[88154.66810515261,7135240.401704565],[88163.00755230786,7135232.2438714085],[88171.2735230439,7135224.134918248],[88179.7652066836,7135215.728478152],[88188.45994305285,7135207.055151319],[88197.9711373623,7135199.08287029],[88207.97760623106,7135192.157756472],[88218.28906202794,7135185.175677655],[88218.87794558913,7135184.776535371],[88219.82334544288,7135184.138185054],[88228.67960325402,7135178.144551119],[88239.42645473336,7135172.417931581],[88250.6595816242,7135167.6312738415],[88261.74412138358,7135162.933997758],[88261.75287473638,7135162.930385758],[88272.56154799962,7135158.427981332],[88283.51143006136,7135153.708599655],[88294.6545768354,7135148.858472617],[88305.82888848527,7135143.737739451],[88316.95968112908,7135138.392471002],[88328.07557877607,7135133.111901693],[88339.23730338388,7135127.843417174],[88350.42155149893,7135122.62858961],[88361.61711555877,7135117.437090799],[88372.5634574176,7135112.32749586],[88383.6801205526,7135107.104312133],[88391.76760667836,7135103.382471039],[88402.83773855557,7135098.297268191],[88413.9226684125,7135093.072736956],[88424.90872165008,7135087.877302263],[88435.97760605061,7135082.750734651],[88447.18992742384,7135077.653738824],[88458.3960989542,7135072.643809995],[88467.97842743847,7135068.339613528],[88469.56237649749,7135067.627406748],[88480.70766988496,7135062.619887359],[88491.80040009314,7135057.586955823],[88502.92484612216,7135052.487281825],[88514.08007787977,7135047.440523624],[88525.35183890647,7135042.397069327],[88536.62751742086,7135037.366164413],[88546.20398940478,7135033.077058157],[88557.43465457862,7135027.9814446345],[88568.58657949802,7135022.878252997],[88579.75544408587,7135017.714962317],[88590.73712614796,7135012.622418215],[88601.91458941117,7135007.453385098],[88613.01257746317,7135002.393440762],[88624.15642155684,7134997.325374216],[88635.24457148253,7134992.264551198],[88646.34794477577,7134987.237060338],[88657.35752868751,7134982.220618116],[88668.52228097641,7134977.138073849],[88679.69975791295,7134972.033825053],[88690.85793287237,7134966.9392902],[88701.90609993256,7134961.969654929],[88713.11195941543,7134956.856388123],[88724.31708638713,7134951.567001507],[88732.09150835394,7134947.883380906],[88742.67746865907,7134942.673547793],[88753.40550464246,7134937.0965421125],[88764.07107124222,7134931.505696332],[88774.55186545459,7134926.004994279],[88774.64960979327,7134925.953868843],[88785.24900679378,7134920.4254469145],[88795.8880643,7134914.884601435],[88806.48106434877,7134909.21307377],[88817.1884141363,7134903.312401228],[88827.95900347154,7134897.332759754],[88833.47734140832,7134894.386953659],[88844.18487795017,7134888.575867645],[88854.83737277123,7134882.548661241],[88854.85354287142,7134882.539174248],[88864.40454111295,7134877.01279269],[88865.41738310142,7134876.419813231],[88875.88917761872,7134870.262150874],[88886.45219357603,7134864.078465917],[88897.02592987387,7134857.921089434],[88907.02018008212,7134852.081673332],[88917.40298398107,7134845.973385647],[88927.77091731754,7134839.842310241],[88938.06659688661,7134833.705084313],[88943.23008822196,7134830.60326143],[88953.7751389374,7134824.133854829],[88963.78631008003,7134817.854045723],[88974.02768090158,7134811.521358551],[88984.25922935968,7134805.190800671],[88994.61367027013,7134798.894497797],[89005.06941155036,7134792.693283746],[89008.67846355325,7134790.530784519],[89016.16987514065,7134785.995267838],[89026.47382573906,7134779.802620488],[89037.0021964825,7134773.603766354],[89047.49993245502,7134767.87059304],[89058.90423508099,7134763.337289007],[89070.61703734117,7134760.1326100975],[89082.45257353777,7134756.84193562],[89094.14011355565,7134753.644664526],[89105.88919504033,7134750.451749137],[89117.43929804984,7134747.260491343],[89129.31291837542,7134743.910681095],[89141.03830909217,7134740.510599089],[89152.76804251148,7134737.11275284],[89164.47871936293,7134733.720075324],[89175.92167173099,7134730.397521922],[89187.48729430418,7134727.000628406],[89198.91998843686,7134723.658640088],[89210.36561753665,7134720.368674093],[89221.76593613764,7134717.084944865],[89232.1149265513,7134714.089683779],[89233.13522433297,7134713.794131217],[89244.64410748449,7134710.504670482],[89256.33481918077,7134707.199228784],[89266.56970848033,7134704.344048133],[89276.43918765843,7134701.49587998],[89286.41123051284,7134698.560976572],[89297.7890056324,7134695.138589499],[89308.97022232658,7134691.733704723],[89320.15782720881,7134688.345997915],[89331.85780997464,7134684.906110521],[89341.12054655154,7134682.235137733],[89350.81463179563,7134679.417304702],[89362.63209248922,7134675.927323911],[89370.52395742864,7134673.530956507],[89381.9922481862,7134670.196931242],[89393.56628899422,7134667.082699317],[89399.44278569991,7134665.544360947],[89410.27525996976,7134661.156922397],[89420.85469499422,7134655.313685799],[89429.21804219141,7134650.627880928],[89430.66817922867,7134649.818358681],[89441.19658916263,7134643.900127685],[89449.75585202518,7134639.107181145],[89460.24665937969,7134633.388832138],[89470.930334826,7134627.609658638],[89481.67284219357,7134621.770250765],[89492.36380357231,7134615.921121946],[89501.38401423133,7134610.942577088],[89512.17779638199,7134605.020480407],[89522.12038757146,7134599.634712716],[89532.74795113615,7134593.887498675],[89532.7640926073,7134593.8788983],[89543.05067939992,7134588.163780896],[89553.4287378316,7134582.311507826],[89563.69016881945,7134576.609914539],[89573.95863242209,7134571.0303295795],[89583.4169392736,7134566.040540146],[89584.40090018738,7134565.501793315],[89594.99351152085,7134559.810292568],[89605.8405294253,7134554.110846593],[89616.72395901795,7134548.271193493],[89627.30495658965,7134542.277984841],[89637.61510243354,7134536.413435105],[89647.80053429399,7134530.652904671],[89656.66100710153,7134525.7218038775],[89663.52486135508,7134521.947800105],[89674.04102333693,7134516.221553421],[89684.83900015813,7134510.375191133],[89695.5071511367,7134504.545533101],[89704.64822985616,7134499.567536226],[89714.10109583917,7134494.465141732],[89724.81600929314,7134488.72319],[89734.34872000536,7134483.633821789],[89744.08366518881,7134478.489248252],[89754.8811076287,7134472.74474361],[89764.47963267111,7134467.412598826],[89774.87424441619,7134461.586346237],[89784.92005782813,7134455.956159161],[89795.2904280111,7134450.15600549],[89805.69989575975,7134444.396811767],[89815.99219263974,7134438.715671647],[89826.80381094653,7134432.801025388],[89835.81796163658,7134427.940123934],[89845.40684204228,7134422.802146848],[89846.57723210176,7134422.182931328],[89854.49593564065,7134417.985872863],[89857.89338198933,7134416.192625026],[89868.77355741826,7134410.384785557],[89879.54537079547,7134404.504612566],[89890.22111396544,7134398.702374037],[89900.90583255852,7134392.985675852],[89910.08463130845,7134388.068247715],[89920.85736662673,7134382.369824361],[89931.60551463452,7134376.567151354],[89942.29028071777,7134370.70265213],[89952.88066981797,7134365.084122093],[89963.45336785266,7134359.620246943],[89974.16817987722,7134354.015463417],[89984.5338292268,7134348.444640817],[89995.39993597707,7134342.678021992],[90006.15486122726,7134337.013292592],[90016.95195391274,7134331.265269218],[90017.64150123147,7134330.894957818],[90028.28198553843,7134325.223648055],[90038.99183185131,7134319.595683878],[90049.7634936811,7134313.814870231],[90060.22275086166,7134308.071607651],[90070.5997130369,7134302.489757286],[90081.24604071892,7134296.932284236],[90092.26961395383,7134291.351256903],[90103.09229297354,7134285.83679264],[90114.27585698059,7134280.588372175],[90123.32458157919,7134276.783014378],[90134.8860311241,7134273.301665099],[90147.08762072708,7134271.537610272],[90159.1226751876,7134271.352017261],[90171.03655765502,7134272.333841173],[90183.15488622314,7134273.39263734],[90195.33956501924,7134274.3822116535],[90206.12103657454,7134275.142747098],[90218.22331915324,7134276.062006911],[90230.03009978897,7134277.157015269],[90242.30530724366,7134278.2943648165],[90254.3620569025,7134279.3756008],[90266.48490352044,7134280.460217181],[90278.72245880251,7134281.596913964],[90290.85031727428,7134282.688325047],[90302.79277018365,7134283.77516976],[90314.95123300306,7134284.880612534],[90327.06695052021,7134285.945742451],[90339.1881635579,7134287.005369884],[90351.44127101183,7134288.7263617935],[90363.15857936844,7134291.684233509],[90364.21757174883,7134292.0210958775],[90368.76036746067,7134293.641896896],[90368.80261704483,7134293.659422571],[90368.9921449225,7134293.738047512],[90374.3700696691,7134296.358214857],[90374.37530591339,7134296.361042554],[90385.15228977473,7134302.009933112],[90395.95096950524,7134307.707562853],[90406.73588836746,7134313.424738081],[90417.57946777402,7134319.071452812],[90428.2147568611,7134324.53580679],[90438.98580932949,7134330.257071223],[90449.73414908198,7134336.133718762],[90460.40187067114,7134341.979978159],[90468.64525785751,7134346.563655074],[90479.19404492446,7134352.290727071],[90489.80809852091,7134357.944879824],[90500.30228384951,7134363.551546302],[90510.71677124954,7134369.082112024],[90521.22956192022,7134374.769275978],[90531.89530301071,7134380.580876835],[90542.59204478632,7134386.410197432],[90553.42066788604,7134392.353417108],[90564.25018189132,7134398.290880745],[90574.66855869524,7134403.910993887],[90585.55327790714,7134409.789203076],[90596.22209429118,7134415.545548089],[90607.12147743336,7134421.3856673],[90617.84916169662,7134427.15226211],[90628.60859541327,7134432.951254863],[90639.35815118958,7134438.80966096],[90650.02505298314,7134444.638505086],[90660.72456582903,7134450.359106027],[90671.25990627275,7134455.964450791],[90682.19560609042,7134461.872575012],[90692.20751426229,7134467.295627581],[90693.00001920061,7134467.725642381],[90703.6959744395,7134473.590645295],[90714.5073719229,7134479.494203277],[90725.2557773306,7134485.259341606],[90736.1315370663,7134491.106371822],[90746.7911341986,7134496.859177774],[90757.37600633036,7134502.595548249],[90757.42096038483,7134502.619818095],[90768.16458390706,7134508.446051845],[90778.8735047988,7134514.277190797],[90789.47468482424,7134520.090756077],[90800.1743800047,7134526.012294349],[90810.96240296424,7134531.894603336],[90821.66925591219,7134537.709316378],[90831.14126064081,7134542.862089958],[90832.51479089126,7134543.600277385],[90843.45660191221,7134549.325688365],[90850.56903967075,7134552.992145482],[90861.93627179618,7134557.420688538],[90874.00801167532,7134559.23098292],[90886.06110681512,7134559.841847664],[90897.91751422454,7134560.413497949],[90910.03627519478,7134561.012505117],[90914.55273192772,7134561.252466042],[90926.39148699515,7134561.958768654],[90938.37760331901,7134562.646106733],[90950.68119593227,7134563.248715419],[90962.43653521361,7134563.758987064],[90974.34542462748,7134564.26447548],[90986.46385337884,7134564.806112932],[90990.90038900467,7134565.015472868],[91003.14445984148,7134565.619511767],[91015.20242134255,7134566.2738188235],[91027.34186349908,7134566.934312224],[91039.33377703105,7134567.577106077],[91051.28362094151,7134568.125431759],[91063.4496990001,7134568.723991263],[91075.81353267806,7134569.327355809],[91088.19145331223,7134569.826562185],[91100.30287236779,7134570.357439781],[91112.26314962155,7134570.964210492],[91124.27951674501,7134571.647432966],[91136.17388327821,7134572.3546075765],[91148.3895698926,7134572.98260804],[91160.539728161,7134573.330334641],[91172.58236341632,7134572.589895149],[91184.58920477162,7134570.088940123],[91196.23347018391,7134566.7253755145],[91207.94743421843,7134563.123046719],[91219.72612033796,7134559.403258823],[91231.1562555554,7134555.840162974],[91242.67203519185,7134552.204001976],[91243.8307408574,7134551.828893919],[91254.54353613005,7134548.373826887],[91266.11508119135,7134544.575176876],[91277.72275615454,7134540.89377129],[91288.74222746276,7134537.506719543],[91299.93870009168,7134534.0712025575],[91311.1458775709,7134530.698293886],[91322.46704874263,7134527.271075675],[91334.12945776602,7134523.715006618],[91345.91336475447,7134520.121735882],[91357.58399859845,7134516.5687903855],[91369.27398188808,7134513.078276876],[91377.92006752588,7134510.502161022],[91389.42606247525,7134505.926323324],[91400.01155662787,7134499.668628975],[91409.73411024798,7134493.100120228],[91418.90051507764,7134486.913123779],[91428.8602619457,7134480.114049854],[91438.7880050083,7134473.326188389],[91448.85125703923,7134466.493014302],[91458.86073399271,7134459.673373893],[91468.77985250694,7134452.9421818135],[91478.72127875715,7134446.262192437],[91488.78681613039,7134439.577170533],[91498.73479533324,7134432.889268162],[91508.51295766456,7134426.2088528555],[91514.32580040692,7134422.155423057],[91524.71551508247,7134416.439467525],[91535.97705888184,7134412.878787881],[91547.92686901218,7134411.691058675],[91559.71406761266,7134412.895814493],[91559.87123748066,7134412.929672848],[91561.26861785917,7134413.2302016355],[91572.75938925572,7134415.773338418],[91584.14378868719,7134418.487578431],[91594.73045954341,7134421.001062961],[91606.61304956686,7134423.740745418],[91618.34048309672,7134426.420641913],[91622.87067529664,7134427.525885479],[91629.90637124388,7134429.317668134],[91631.41340609669,7134429.707081739],[91642.35882071749,7134432.63800933],[91643.78906393563,7134433.035251068],[91654.71016408433,7134435.9664117675],[91665.88803879486,7134438.84902456],[91675.61606103438,7134441.315683711],[91686.98553540133,7134444.181466341],[91695.79018065927,7134446.669845274],[91707.26734534925,7134450.36096658],[91718.5363722968,7134454.02274452],[91729.76624148316,7134457.677523028],[91740.8866608708,7134461.295253356],[91750.156214363,7134464.21491585],[91751.42797304323,7134464.598121237],[91753.82001921063,7134465.305650434],[91762.8555955842,7134467.9312678],[91774.14650368871,7134471.031230672],[91785.7043973676,7134474.028780382],[91797.30575288064,7134476.888445489],[91809.16454438021,7134479.788286466],[91821.09553539782,7134482.740983224],[91829.87001121865,7134484.96609237],[91841.66398350039,7134488.1194646],[91841.72803404572,7134488.136995613],[91853.0790169072,7134491.270058145],[91864.64601594431,7134494.489639131],[91874.59654477,7134497.213955757],[91886.36737488379,7134500.375448271],[91897.65025726246,7134503.375904165],[91905.58756072918,7134505.499707267],[91917.11584472033,7134508.552724161],[91928.92785136355,7134511.734438048],[91940.57766434381,7134514.953629697],[91952.34728262405,7134518.258461993],[91963.84789982013,7134521.565817179],[91975.48021578655,7134524.951077354],[91986.18567258428,7134528.039563199],[91997.91959178838,7134531.414076059],[92009.58414534741,7134534.732024638],[92021.46001075517,7134538.139228856],[92033.41131437669,7134541.566192047],[92035.69883524522,7134542.207917485],[92047.45615300868,7134545.4828548],[92059.2911775668,7134548.788612774],[92071.17457411776,7134552.209435528],[92082.38131581456,7134555.5192202125],[92086.1178854286,7134556.619771583],[92097.9324415247,7134560.061192473],[92109.80984047719,7134563.29038859],[92119.52941585897,7134565.903535588],[92131.47986283479,7134569.177830613],[92143.29139515333,7134572.370645426],[92154.8858262155,7134575.49265648],[92166.47767397476,7134578.639778439],[92177.81591749389,7134581.739945594],[92189.19667330052,7134584.859072918],[92200.67397936294,7134588.042800648],[92212.21275235049,7134591.298367368],[92223.71805739298,7134594.677674439],[92235.60839128442,7134598.1455133],[92247.35627183144,7134601.40297777],[92259.04039818264,7134604.636694003],[92270.48626370262,7134607.817826586],[92281.98796912498,7134610.983359965],[92293.35061143583,7134614.059195546],[92304.84201043897,7134617.200962119],[92316.43765718845,7134620.35671839],[92324.23865462723,7134622.424619509],[92336.16612718557,7134624.452333137],[92348.35359767452,7134624.071587775],[92359.98484022904,7134622.397170956],[92372.05281903513,7134620.786018202],[92383.76615274855,7134619.233918512],[92395.59689589858,7134617.68900032],[92407.36041303852,7134616.274215829],[92410.48297718476,7134615.926787015],[92422.36061088473,7134614.482774772],[92434.53141375975,7134613.173736129],[92438.80201571784,7134612.767841445],[92450.5880806839,7134611.68822784],[92462.60324628127,7134610.73960357],[92474.72584460123,7134609.90942728],[92486.89150324307,7134608.927919272],[92492.05186427978,7134608.479633102],[92504.30407639965,7134607.366343878],[92516.54039916734,7134606.23401073],[92528.65477344068,7134605.059141837],[92534.22436593217,7134604.4820765965],[92539.43412752089,7134603.9468186265],[92546.07411792956,7134603.326971459],[92557.08771696157,7134602.357893039],[92567.60811469064,7134601.5590443555],[92579.23545806424,7134600.643377798],[92591.45538803784,7134599.543221137],[92603.76867811597,7134598.231007416],[92615.80611509713,7134596.78878032],[92628.06092598988,7134595.3015396],[92639.97495694994,7134593.957719965],[92648.06420796912,7134593.182983711],[92660.17982471146,7134592.105958018],[92672.25980879995,7134590.995399681],[92683.6969222299,7134589.895784924],[92695.95077842829,7134588.6785696875],[92698.79430507548,7134588.394042606],[92711.07983876643,7134587.071769253],[92723.00861082319,7134585.899751337],[92734.5743486149,7134584.749676656],[92746.25270368275,7134583.742078405],[92750.2164479476,7134583.456923763],[92761.95294505882,7134582.608873993],[92768.17184890923,7134582.148851847],[92780.30607108952,7134581.10227148],[92792.42163538164,7134579.921654826],[92804.46342332609,7134578.738965295],[92816.44258028391,7134577.619273646],[92827.94041572802,7134576.588031064],[92839.17883487721,7134575.648666928],[92850.90869767522,7134574.592169953],[92859.60885579407,7134573.688451279],[92862.9408830604,7134573.319870474],[92875.03986976028,7134572.005330823],[92886.85531922826,7134570.770043565],[92898.63463424618,7134569.517418513],[92910.5466054926,7134568.26944459],[92922.6376311665,7134567.0427674875],[92934.75854789116,7134565.794689614],[92946.90987778845,7134564.537550414],[92958.93062211655,7134563.38060783],[92971.13250234869,7134562.21016494],[92983.36552219652,7134561.0428953],[92995.27769485506,7134559.907540506],[93007.5342726857,7134558.7480836455],[93019.68826424377,7134557.559906404],[93022.88122891489,7134557.243715286],[93024.3004809444,7134557.101007098],[93035.37693722942,7134555.972174569],[93047.04501894506,7134554.9622249],[93059.09431791696,7134553.9981443845],[93071.17256460333,7134552.871081747],[93082.91594251135,7134551.670698551],[93094.43147464818,7134550.441273715],[93105.58888080233,7134549.198649904],[93116.87913847237,7134548.00631192],[93128.41006161278,7134546.889465968],[93139.9426374865,7134545.832723796],[93151.701964018,7134544.827172805],[93163.35531737504,7134543.7692622],[93175.35659676843,7134542.683801964],[93187.46284801501,7134541.660086253],[93199.52398392675,7134540.630079379],[93211.74093275215,7134539.495858712],[93215.38677957095,7134539.152330844],[93227.4532417208,7134538.014773774],[93239.62725909596,7134536.894410187],[93251.79141417856,7134535.664042147],[93259.7580502191,7134534.867055568],[93271.83920103556,7134533.5983539475],[93283.94599352655,7134532.312449299],[93296.21023250016,7134531.090354938],[93308.06835277652,7134529.938734534],[93320.27924153773,7134528.768591868],[93332.59940910572,7134527.654108154],[93344.8383570626,7134526.586617192],[93356.99269321415,7134525.402924892],[93369.26338235405,7134524.166309778],[93369.26822365262,7134524.165682321],[93381.34496238886,7134522.892195905],[93388.57164288248,7134522.087577276],[93400.51888456033,7134520.901884343],[93412.05445050838,7134519.820247439],[93419.4044875892,7134519.174744073],[93431.00965765811,7134517.979559523],[93442.89436210424,7134516.590393955],[93454.97390457382,7134515.069353518],[93454.98873293801,7134515.067369448],[93467.11270350218,7134513.610307377],[93479.08519478829,7134512.195069921],[93490.63799743942,7134510.970905257],[93502.26230353402,7134509.792794067],[93513.91461954865,7134508.6606130805],[93518.0801811121,7134508.265456534],[93530.2281450986,7134507.29890275],[93542.39298111515,7134506.173101135],[93547.3579728913,7134505.605470527],[93554.14650465833,7134504.769127172],[93566.16674622265,7134503.397255296],[93578.41883099824,7134502.1912968345],[93590.7649677092,7134501.039636277],[93602.94716856495,7134500.024116611],[93614.89739025407,7134499.097117303],[93614.90041476046,7134499.0967666805],[93626.74867831264,7134498.13374437],[93639.04350417666,7134496.941819571],[93651.30756608793,7134495.607493311],[93663.41952336056,7134494.28000265],[93663.46578381478,7134494.275103798],[93675.50854501175,7134493.028174632],[93687.79389117507,7134491.807603041],[93699.88173031365,7134490.5970165245],[93711.39237836446,7134489.476499618],[93723.31553367065,7134488.351397266],[93735.08557866828,7134487.246201169],[93746.77778778895,7134486.111057532],[93758.50610569835,7134485.000333535],[93769.1543097921,7134484.16975667],[93781.29551291454,7134483.146150216],[93793.3844613242,7134481.872566951],[93805.64917528612,7134480.6551379785],[93817.88242937776,7134479.46414833],[93823.28618452314,7134478.951268757],[93835.18645860243,7134476.311714707],[93846.80121780897,7134472.312996337],[93858.34319903277,7134468.435919691],[93858.37750070298,7134468.424655789],[93869.58608730376,7134464.820042316],[93880.47054104722,7134461.347405387],[93891.7080149232,7134457.685159653],[93902.95805064024,7134453.970447783],[93913.99417076196,7134450.224475548],[93920.42957996798,7134448.0001796475],[93931.33180712897,7134444.276149878],[93942.2836642692,7134440.567966081],[93953.68934491073,7134436.694600212],[93953.81340480753,7134436.652357388],[93963.73941362469,7134433.321259255],[93974.20470777224,7134429.796532864],[93985.77142074401,7134425.5253340565],[93995.85739074927,7134421.635949348],[94007.3167170122,7134417.351204838],[94018.68986758532,7134413.241422974],[94025.96605340875,7134410.655355981],[94027.67964626662,7134410.065006634],[94033.99413257063,7134407.890440345],[94044.54546903796,7134404.290828906],[94052.34232301306,7134401.664867666],[94063.63947296375,7134398.0212089345],[94075.20909897337,7134394.167576246],[94084.93134346895,7134390.770268053],[94096.53018069034,7134386.7150204405],[94108.18783074658,7134382.602627579],[94117.76205183746,7134379.235700509],[94128.82817030943,7134375.319968636],[94140.17121622287,7134371.274555724],[94151.52965256444,7134367.267244837],[94163.19056859333,7134363.334095515],[94174.88302626682,7134359.491836289],[94183.34075499978,7134356.743651648],[94184.86497893877,7134356.2475801],[94196.43952586787,7134352.283651406],[94206.15613579575,7134348.828804161],[94215.45548999665,7134345.545367831],[94224.75128438883,7134342.331536144],[94232.3931958793,7134339.752878707],[94233.40639193053,7134339.410338815],[94234.40505534213,7134339.07323447],[94243.29399584106,7134336.080977662],[94254.59282634896,7134332.254709234],[94263.98899660009,7134328.931931365],[94273.61938780628,7134325.531999154],[94283.3138767624,7134322.11205642],[94291.27134240296,7134319.290534957],[94302.53936152585,7134315.348263414],[94313.81294340204,7134311.453338225],[94325.29556909029,7134307.5744009875],[94336.91722997138,7134303.620031942],[94348.5019441346,7134299.576808777],[94356.51141214417,7134296.839899139],[94368.22932287137,7134292.884255888],[94379.65612473397,7134289.003110627],[94379.67114869185,7134288.998023078],[94390.35823572427,7134285.317867927],[94400.29397716152,7134281.912950745],[94411.94695544132,7134277.885883197],[94423.44640736381,7134273.934560448],[94434.95981988672,7134269.950464616],[94444.7404635761,7134266.567378979],[94452.22284157731,7134263.975917119],[94453.81004497461,7134263.436797432],[94465.24919604982,7134259.576616837],[94476.68303139479,7134255.699610619],[94486.77147583663,7134252.24028256],[94494.46998763498,7134249.574531485],[94506.11263416155,7134245.407853575],[94517.23883176444,7134241.130875425],[94527.84903705335,7134236.940560365],[94536.50682945177,7134233.548881384],[94545.37965510384,7134230.073458074],[94552.11422566534,7134227.504517617],[94562.87617903715,7134223.412223905],[94572.4323350818,7134219.752023793],[94583.96286869067,7134215.368561291],[94593.46358313109,7134211.763036246],[94604.9513338217,7134207.460170747],[94615.69046282215,7134203.605160486],[94627.24327707366,7134199.576391364],[94638.79693198332,7134195.699291175],[94650.1003837795,7134191.954797264],[94661.63505128381,7134188.002267195],[94673.32345036627,7134184.038369082],[94677.53440251813,7134182.594140992],[94688.8188393637,7134178.839927911],[94694.92503356904,7134176.840843388],[94704.8374715781,7134173.631508498],[94716.53822782054,7134169.803400293],[94727.59305607266,7134166.174637431],[94739.11747795274,7134162.406022737],[94749.06223686086,7134159.219414003],[94760.69719360059,7134155.315415468],[94771.96652893064,7134151.195310658],[94783.10410237854,7134146.998974716],[94794.48461063695,7134142.725964458],[94805.59111565881,7134138.47458834],[94815.59950787219,7134134.6363283815],[94826.84819306876,7134130.493897425],[94838.37174603326,7134126.275109058],[94849.52012979635,7134122.143558944],[94860.75788700877,7134117.986555471],[94871.90181051474,7134113.836200171],[94882.82754081627,7134109.790354971],[94884.72701467574,7134109.084512544],[94895.73013432155,7134104.873959146],[94906.91596713435,7134100.647044972],[94918.39107994025,7134096.521512791],[94929.8913086555,7134092.574930428],[94941.08894998016,7134088.766006587],[94951.85542398476,7134085.026390333],[94963.09338435053,7134081.153746047],[94974.20042729104,7134077.474229648],[94985.48046312551,7134073.787377315],[94996.81364743435,7134070.021664966],[95000.61420764402,7134068.758876463],[95012.213736568,7134064.903104568],[95023.72487583227,7134060.958783959],[95035.4137142286,7134056.785789281],[95047.06783854536,7134052.526343142],[95058.65940104832,7134048.6410917975],[95070.16220723832,7134044.796617301],[95081.76034105767,7134040.566949058],[95093.29860416509,7134036.21963596],[95104.81882543454,7134032.0501650255],[95104.82441325276,7134032.048116723],[95116.38279157155,7134027.989720074],[95127.7352585448,7134024.113372274],[95139.04330043634,7134020.38441251],[95140.35641024745,7134019.969113968],[95150.4439822855,7134016.615221396],[95161.48148057249,7134012.8867959045],[95172.57117492729,7134009.097354926],[95183.67493195465,7134005.232624143],[95194.53621540853,7134001.471660392],[95205.4840579807,7133997.685265919],[95216.76069731411,7133993.796635053],[95227.89895802154,7133989.880310863],[95238.74555718934,7133986.0634647235],[95249.97540875379,7133982.134178975],[95261.39957467892,7133978.141146756],[95272.91043830634,7133974.15077446],[95284.47189578193,7133970.193812776],[95296.14567918144,7133966.281487199],[95307.80509463657,7133962.388582449],[95318.28449067025,7133958.901535014],[95329.75405317562,7133955.145316949],[95341.15969367599,7133951.618484409],[95345.98818410153,7133950.165762386],[95346.74662894016,7133949.938758554],[95357.14742272865,7133946.814847026],[95368.47701133945,7133943.382460497],[95380.12481286889,7133939.80976139],[95382.94993301993,7133938.935062047],[95391.29644696298,7133936.388260968],[95402.61429602967,7133932.954709697],[95414.46221718396,7133929.305321993],[95426.08351015527,7133925.558249623],[95437.63371993846,7133921.888136726],[95449.17946708947,7133918.375856016],[95460.75425252772,7133914.869566488],[95472.0797548453,7133911.329397907],[95483.42315776367,7133907.726269094],[95494.66667882208,7133904.107735662],[95506.08486389049,7133900.433951369],[95517.64766066778,7133896.891611477],[95517.65607529314,7133896.889094893],[95529.48788208445,7133893.786991852],[95541.06364348572,7133891.533727276],[95552.98583186901,7133889.692328093],[95564.75651301246,7133888.145673327],[95576.5111459861,7133886.800567279],[95588.36598836794,7133885.596972631],[95600.34835866414,7133884.397845274],[95612.37964817212,7133883.198546758],[95618.22700915323,7133882.627689177],[95630.2195096999,7133881.578943194],[95642.03583823692,7133880.578612156],[95653.88056447124,7133879.543174479],[95665.67989545863,7133878.566168999],[95677.6710213935,7133877.532215357],[95689.58469755243,7133876.485211812],[95701.823581204,7133875.390468843],[95713.94574165618,7133874.318547949],[95726.20554075658,7133873.219541459],[95738.34040930535,7133872.106469069],[95750.45325920102,7133871.016799705],[95762.51734891115,7133869.974135093],[95774.57828993956,7133868.978212388],[95786.62756019464,7133868.015447485],[95798.72840632999,7133867.057588019],[95811.01359093364,7133866.046767464],[95822.88467319746,7133865.080157869],[95835.03963082616,7133864.103280288],[95847.38754845754,7133863.198156599],[95859.52013954794,7133862.262423163],[95870.06651903567,7133861.29535264],[95882.16751615511,7133860.021246091],[95894.43826788553,7133858.65553924],[95906.72774747486,7133857.41895511],[95918.903371319,7133856.379913099],[95931.31524719187,7133855.344013277],[95943.18169424066,7133854.32431218],[95953.9041545983,7133853.464391083],[95966.22524141957,7133852.512595894],[95978.37157875951,7133851.464940548],[95990.45922887698,7133850.346085243],[95994.81884267915,7133849.930846442],[96006.31663403194,7133849.074392334],[96006.46956358134,7133849.062993942],[96007.10855228145,7133849.0157959275],[96018.72134964442,7133849.169568997],[96019.90779597935,7133849.2720792815],[96031.50247552001,7133851.022377431],[96043.39821215195,7133853.609103547],[96055.2797963898,7133856.045177221],[96067.04183631158,7133858.478454951],[96079.0008541253,7133861.0131367],[96090.81160588912,7133863.55790632],[96102.65694647422,7133866.173556969],[96114.63026460388,7133868.874059003],[96126.46168410283,7133871.534332085],[96138.26545740647,7133874.149670856],[96149.95563337096,7133876.715770083],[96159.02020779322,7133878.804881711],[96170.94526270969,7133881.785385711],[96182.92131727416,7133884.972936863],[96194.49138855399,7133889.337220974],[96205.1812350917,7133895.454950102],[96206.74435181118,7133896.538965762],[96215.77468973486,7133902.412327038],[96226.2664248487,7133909.0058759395],[96236.14682131476,7133915.299324401],[96246.49828932394,7133921.881774357],[96255.12800990144,7133927.29928839],[96261.86537397344,7133931.451934366],[96265.54109096376,7133933.714200563],[96274.1607932102,7133939.157480909],[96285.00638523337,7133944.837401915],[96296.91254250868,7133948.334202925],[96309.11891340121,7133950.706506349],[96320.69179256412,7133952.848860504],[96329.85517210973,7133954.424092734],[96341.21936777409,7133956.182231065],[96352.70633360837,7133957.838218204],[96364.58211427252,7133959.619146031],[96376.08997588244,7133961.749572612],[96387.77905956248,7133964.367141841],[96399.35014676803,7133966.970753432],[96411.21369993576,7133969.781829169],[96422.9505102642,7133972.608653139],[96434.68608471664,7133975.407118718],[96445.29141793214,7133977.8982266225],[96456.88505699218,7133980.615158146],[96468.46844133321,7133983.322660662],[96479.87742436497,7133985.995047519],[96491.62370286923,7133988.736502707],[96503.36789141025,7133991.444688614],[96515.25586519367,7133994.272621768],[96527.0053245895,7133997.211861119],[96538.78162835841,7134000.114389353],[96545.74485907826,7134001.7935823575],[96557.40955142077,7134004.470857123],[96562.34829545306,7134005.549936537],[96574.12103858613,7134008.071202289],[96585.69011194748,7134010.424346089],[96596.99577477179,7134012.742753641],[96608.27480410581,7134015.045346582],[96619.69398828404,7134017.366661163],[96630.82603950839,7134019.617764618],[96635.03403591557,7134020.480673818],[96646.74022204528,7134022.863611789],[96658.56868514465,7134025.25539639],[96670.34817875648,7134027.586717965],[96681.50233697135,7134029.867318369],[96693.22005507216,7134032.424750741],[96704.92597677093,7134035.239145795],[96716.71368293476,7134038.010410437],[96728.83907395683,7134040.595743986],[96740.79501188145,7134042.991137769],[96752.69625438715,7134045.224535311],[96764.64356007898,7134047.560913909],[96769.22830568539,7134048.4840675425],[96780.78416509327,7134050.977836766],[96792.36000533588,7134053.622634732],[96804.07886444556,7134056.3401932875],[96815.80299884843,7134058.964426912],[96827.86404756067,7134061.388493548],[96839.53040779091,7134063.617048288],[96851.53356837202,7134065.904654606],[96863.53856443422,7134068.43387646],[96875.25951990811,7134070.995121267],[96879.18781787856,7134071.837382736],[96888.19729507284,7134073.769509078],[96892.69851725147,7134074.704488535],[96904.67593473074,7134077.114593051],[96916.31871699129,7134079.486895712],[96928.39181153005,7134082.059329241],[96940.32344582124,7134084.678704083],[96951.97813714674,7134087.3934892565],[96963.95625147416,7134090.272821937],[96975.9907455743,7134092.892428698],[96987.34209764504,7134095.223648462],[96998.78863979009,7134097.854298549],[97010.44823355763,7134100.639007602],[97022.46609238902,7134103.578894859],[97034.37317842228,7134106.314992124],[97044.63388251391,7134108.642931387],[97056.45522908686,7134111.204083385],[97066.24489684566,7134113.169535764],[97078.19514727395,7134115.516804283],[97090.08111198968,7134117.775610283],[97101.7633860216,7134119.9913065005],[97103.03908933036,7134120.259531382],[97114.42226249207,7134122.438186132],[97125.85848557256,7134124.77054731],[97137.4219093466,7134127.239569813],[97148.86070665572,7134129.642150518],[97160.28035541967,7134132.073109098],[97171.48666083033,7134134.507179646],[97182.92082629469,7134137.008723893],[97194.63715453661,7134139.562641339],[97203.22618780879,7134141.436475337],[97215.23933442926,7134143.997245351],[97227.12475589057,7134146.422204955],[97238.47285364743,7134148.674385119],[97245.62551069225,7134150.134400719],[97249.50382112351,7134150.992776051],[97260.59192105522,7134153.508738287],[97272.37603176222,7134156.16224076],[97284.35910897871,7134158.701706942],[97293.33569062833,7134160.56547761],[97304.7928113715,7134162.941498756],[97316.22835778294,7134165.369358901],[97327.52183098492,7134167.847810363],[97334.02809350647,7134169.302079263],[97345.94076494034,7134171.9762117565],[97356.06661968946,7134174.255246041],[97367.88330384908,7134176.7477945145],[97379.21949546738,7134179.084630102],[97390.97035050124,7134181.493211675],[97402.92909173178,7134184.067231877],[97414.9802575499,7134186.785281593],[97426.77759483142,7134189.31303948],[97438.75810497493,7134191.799656448],[97450.84183432173,7134194.261445919],[97462.48777996108,7134196.658754997],[97474.27369741263,7134199.195665378],[97486.133964154,7134201.8961454015],[97498.0770721095,7134204.5484158555],[97509.52823879907,7134206.88076956],[97521.45423930633,7134209.3898394145],[97533.17195992975,7134211.979447771],[97544.94133758859,7134214.686414734],[97545.94491184643,7134214.919399561],[97557.82429740782,7134217.47163571],[97569.72734109202,7134219.907352632],[97581.61127664865,7134222.176505957],[97593.65114573215,7134224.697206174],[97605.68055045174,7134227.461474353],[97617.66400051344,7134230.184803238],[97629.26415820414,7134232.891285269],[97637.48082660453,7134234.862773292],[97649.54253288702,7134237.684604621],[97661.42432806216,7134240.332842868],[97673.39815791365,7134242.875313025],[97685.40594122914,7134245.378401006],[97697.09442734951,7134247.897131152],[97709.07773604477,7134250.43208578],[97716.599960563,7134251.903246848],[97728.1433429892,7134254.167947337],[97740.00615859934,7134256.603158224],[97751.75091706956,7134259.08214973],[97763.6354413351,7134261.63534468],[97769.73068299104,7134262.926830634],[97769.82878802589,7134262.947593863],[97771.14835722063,7134263.223863628],[97772.45824641339,7134263.4980609175],[97774.97661835112,7134264.025257861],[97786.62562245852,7134266.505394921],[97798.19130179868,7134268.905262146],[97809.75771820243,7134271.300811554],[97821.0429105357,7134273.636349333],[97832.36808108998,7134276.175590243],[97843.9944839027,7134279.040424934],[97855.7209914531,7134281.992126003],[97867.47377503826,7134285.001125803],[97879.44824286486,7134287.964383461],[97880.51393885032,7134288.219112353],[97892.05351369304,7134290.688254684],[97903.89453537791,7134293.05225888],[97915.55480831955,7134295.44402942],[97927.00126928784,7134297.781959293],[97938.01244716678,7134300.042514401],[97949.38344895281,7134302.486466604],[97957.89428103785,7134304.37259458],[97969.79373653105,7134307.056600945],[97981.46074542118,7134309.757468641],[97993.09055537527,7134312.443089252],[98005.08990525466,7134315.148765833],[98017.0670517346,7134317.775819901],[98029.08291763713,7134320.322561387],[98041.06243855035,7134322.760385318],[98052.96178504464,7134325.008243842],[98065.1509353299,7134327.226204943],[98077.24312169809,7134329.658889594],[98088.96922303044,7134332.320164571],[98100.8836349282,7134335.1796823805],[98112.88811505958,7134338.0831275415],[98124.730241819,7134340.849603418],[98136.21466114349,7134343.458819754],[98148.05956411909,7134346.200379842],[98157.15463089221,7134348.333135286],[98168.95407540025,7134350.964936308],[98180.81569544604,7134353.514699193],[98192.79269840359,7134356.052434275],[98204.64539777499,7134358.470238995],[98207.04006281402,7134359.00977633],[98216.16921070626,7134361.010423664],[98218.84021626605,7134361.58915275],[98230.65015374089,7134364.160712801],[98242.57333573006,7134366.773799162],[98254.57117023808,7134369.511270161],[98265.88905897748,7134372.199981991],[98277.68611964176,7134374.7889769515],[98288.13756542705,7134376.908341196],[98299.81447346322,7134379.26129237],[98310.00858289463,7134381.465918147],[98319.71486189705,7134383.692158244],[98328.41272879043,7134385.777574427],[98329.19704262144,7134385.9710492175],[98340.40816081961,7134388.752236396],[98351.98271558038,7134391.052832966],[98364.14707327308,7134391.486305178],[98366.6803349395,7134391.319666617],[98378.73289888329,7134389.822287793],[98390.44422261661,7134387.496526812],[98402.15740240907,7134384.79403178],[98413.42226956674,7134382.124684369],[98424.72109791904,7134379.063376225],[98432.72632179438,7134376.598095462],[98444.29257713282,7134373.120754689],[98455.44850085647,7134369.764979928],[98466.88370798872,7134366.295831261],[98478.23788897594,7134362.769358866],[98489.72144484567,7134359.239389933],[98501.4882390541,7134355.47305248],[98513.12413200695,7134351.670848156],[98524.54880972602,7134347.8872753475],[98524.56961250113,7134347.8803615235],[98536.18922444701,7134343.989053063],[98547.76661307993,7134340.095336346],[98559.2945133021,7134336.206871647],[98570.80692176434,7134332.35178424],[98582.26262815978,7134328.488185165],[98593.68819858116,7134324.683604683],[98604.92322336067,7134320.974110466],[98616.55453475687,7134317.289914399],[98628.08936480735,7134313.649945038],[98638.12116230075,7134310.406147176],[98648.05500919005,7134307.251494162],[98657.30381044245,7134304.2381172385],[98667.27689256123,7134301.061335909],[98677.32630199817,7134297.920958418],[98688.52214172884,7134294.390934657],[98697.9270073133,7134291.371193726],[98709.10068328137,7134287.668407058],[98720.25122862711,7134283.903737692],[98731.27074254706,7134280.199671299],[98742.28994072654,7134276.525449688],[98753.21224151558,7134272.988140067],[98764.32924705854,7134269.445995076],[98775.42259198747,7134265.9416414],[98784.70022523566,7134262.945494369],[98794.12805149792,7134259.819930892],[98803.91589946189,7134256.528834483],[98813.19938106887,7134253.551165186],[98821.78371360135,7134250.917171675],[98832.20117030531,7134247.783143602],[98843.78092054918,7134244.331766226],[98853.95938423934,7134241.336636157],[98857.04542471445,7134240.443094828],[98868.8680077024,7134236.982786525],[98880.24177072814,7134233.437507112],[98891.50948589738,7134229.492777845],[98903.12691990694,7134225.328244057],[98914.67836882861,7134221.45953696],[98926.40104879212,7134217.7199343275],[98937.98232848698,7134214.170171628],[98949.64093940187,7134210.669938942],[98961.07954238763,7134207.2857675385],[98964.53085178556,7134206.268129808],[98971.58067058929,7134204.19171481],[98982.0923859516,7134201.059899915],[98993.65666103648,7134197.694300403],[99004.00273015926,7134194.753467248],[99011.72506535304,7134192.481066153],[99020.87028095877,7134189.705533653],[99030.67916596105,7134186.7313154675],[99040.41348851635,7134183.761255842],[99050.81798087532,7134180.646104341],[99061.00233311753,7134177.641573784],[99071.38753009145,7134174.523043981],[99075.00129278837,7134173.414640291],[99080.9916335991,7134171.589839695],[99090.81837411359,7134168.536196314],[99102.02409764047,7134164.27747011],[99112.5502478801,7134158.310620174],[99122.35459042131,7134151.424551009],[99132.45797761076,7134144.432028535],[99137.48315430287,7134141.011389015],[99144.87521261699,7134135.946533641],[99154.96684471384,7134129.094958689],[99164.98402539676,7134122.013087611],[99175.02925705723,7134115.074939251],[99184.00376129453,7134109.3947813455],[99192.42715513986,7134104.2999530295],[99202.84668560099,7134097.919602571],[99213.14397245983,7134091.436828963],[99218.99457490048,7134087.745364509],[99222.55560639233,7134085.534849006],[99232.85091440706,7134078.951536165],[99242.06999853556,7134072.857729781],[99243.19676280371,7134072.103659688],[99252.93662071694,7134065.585332248],[99263.16711023817,7134060.073074286],[99275.00673296873,7134056.603195794],[99287.057023314,7134055.293929886],[99298.80146540207,7134054.69302983],[99304.48032588873,7134054.45700993],[99316.19019366463,7134054.2587942025],[99325.6240389183,7134054.266966734],[99331.6456010621,7134054.288381597],[99343.8923441947,7134054.277793901],[99354.79133547208,7134054.280191123],[99367.13620149018,7134054.088512899],[99378.04161504249,7134053.626165925],[99389.96934449638,7134053.07806189],[99401.50308023707,7134052.597539401],[99413.17155355221,7134052.178172413],[99424.93289464543,7134051.852432786],[99437.01265029638,7134051.697795365],[99448.92503707547,7134051.600104305],[99460.6978018356,7134051.472838442],[99472.43801019201,7134051.336022472],[99484.4763609519,7134051.254348],[99496.34567173786,7134051.215249006],[99508.27703566122,7134051.262509924],[99520.18920435768,7134051.319943634],[99532.3144345755,7134051.353549519],[99535.61110971577,7134051.349716302],[99545.88570540899,7134051.266554023],[99557.35235513875,7134051.144088926],[99569.04777845001,7134051.029358208],[99578.76951382734,7134050.923560757],[99588.56807489652,7134050.801667727],[99599.48652611562,7134050.688115802],[99608.90385075845,7134050.528288377],[99619.2602628771,7134050.317565424],[99626.09126322903,7134050.197420262],[99637.5193211193,7134050.019092883],[99648.50239904033,7134049.877495268],[99658.23181910196,7134049.753112659],[99669.7128561415,7134049.718244339],[99677.56630075554,7134049.735441647],[99689.4131083698,7134049.771195151],[99699.82417087216,7134050.015003011],[99712.09366346459,7134050.350238024],[99724.24417437834,7134050.581706499],[99736.17125129799,7134050.709115404],[99746.08944671333,7134050.708309822],[99746.14519851195,7134050.708119763],[99755.48873443255,7134050.734440742],[99764.56692834455,7134050.901656404],[99772.40175727382,7134051.035126412],[99781.89300982241,7134051.184596963],[99790.28759232716,7134051.318553521],[99798.15998101002,7134051.402640969],[99807.39429405786,7134051.545604799],[99817.90193478338,7134051.698120606],[99828.48014789529,7134051.838677373],[99836.26025580312,7134051.928370456],[99846.85143926,7134052.0189077975],[99858.82752382231,7134052.202093199],[99868.02311676339,7134052.366260635],[99879.95016649074,7134052.639075415],[99892.17971892329,7134052.889779178],[99903.50476311066,7134052.929778587],[99915.27637816581,7134052.9300709795],[99923.54908940638,7134052.916140958],[99934.73785376112,7134052.839734004],[99945.99384068599,7134052.716184681],[99956.15111547097,7134052.637682761],[99963.38797028566,7134052.573672822],[99974.32345363207,7134052.482643809],[99985.01279531402,7134052.376901677],[99997.1348045328,7134052.193510826],[100007.43229412136,7134052.019102722],[100018.51615389541,7134051.8214283995],[100029.10290967138,7134051.653804921],[100032.28115195257,7134051.619824646],[100040.59151165112,7134051.53003582],[100052.5142695618,7134051.444440515],[100063.85310156574,7134051.396801113],[100075.84074399399,7134051.423393022],[100085.37387636933,7134051.42316555],[100094.56653299253,7134051.375830918],[100103.3385055745,7134051.3525511045],[100112.80684997462,7134051.424933242],[100121.4960632457,7134051.566529911],[100129.62215266807,7134051.755714906],[100140.84712922067,7134052.12228358],[100152.15450613457,7134052.662639292],[100154.72051278892,7134052.768424882],[100163.79848021572,7134053.169482373],[100175.27265519119,7134053.575570816],[100187.06911588734,7134053.236237844],[100199.39618694776,7134052.4947372675],[100208.35006519803,7134051.978699446],[100220.7016834981,7134051.44052173],[100232.85625185829,7134051.020563332],[100242.16903571907,7134050.7744049225],[100253.38496011542,7134050.744402892],[100254.23745478486,7134050.743123128],[100264.05552538641,7134050.587355133],[100273.30144780775,7134050.43905253],[100285.4011791505,7134050.319219162],[100297.49790565862,7134050.083387578],[100307.96066387428,7134049.94563106],[100318.34305215499,7134049.854601271],[100328.25087651849,7134049.729600096],[100340.2448369487,7134049.761584504],[100350.28237351106,7134050.0680141095],[100362.41425160045,7134050.618374649],[100362.42608274851,7134050.619067287],[100373.02442743117,7134051.076182407],[100382.69613937603,7134051.462275671],[100394.47717750288,7134051.909915107],[100398.63058811915,7134052.054683343],[100403.94247559621,7134052.246535985],[100413.71955404681,7134052.543225174],[100425.6641260304,7134052.894453196],[100437.47803161689,7134053.139569298],[100449.7976537082,7134053.285811878],[100462.04394522798,7134053.445467249],[100464.75006672263,7134053.465086927],[100474.88030814729,7134053.42743944],[100484.89270453504,7134053.460025882],[100494.26160714222,7134053.567301074],[100504.88729400834,7134053.64970088],[100514.13384968374,7134053.68774811],[100523.36318798008,7134053.694071664],[100533.77745134861,7134053.65046587],[100545.53627923975,7134053.740838648],[100553.12887957535,7134053.913444023],[100565.2560069132,7134054.034193008],[100575.22939072904,7134054.064415792],[100584.9253809523,7134054.100302957],[100595.52317246248,7134054.154917862],[100604.45631181251,7134054.1772758085],[100616.39797768951,7134054.193433553],[100627.89757035143,7134054.19060239],[100639.63552159519,7134054.194001881],[100651.74812840589,7134054.306237696],[100661.92031162756,7134054.43446116],[100674.05465756083,7134054.564987492],[100682.72225974692,7134054.648831861],[100690.44676087413,7134054.704584202],[100700.16568163846,7134054.7885959055],[100712.39757812559,7134054.84545203],[100724.43666231289,7134054.99035687],[100732.843841466,7134055.15595683],[100742.88061439077,7134055.330626908],[100752.46662933182,7134055.497818817],[100762.58967390616,7134055.6429003775],[100774.70414123335,7134055.871863154],[100786.80444583081,7134056.110708774],[100797.22762022546,7134056.205707594],[100802.72433726827,7134056.2142926315],[100815.10788094765,7134056.244796806],[100827.41539838124,7134056.238568017],[100839.63152037712,7134056.30814873],[100851.79863810801,7134056.675071103],[100863.98660291493,7134057.235329429],[100876.11871361191,7134057.514578279],[100888.42809889786,7134057.443186117],[100900.2777823616,7134057.255255251],[100903.09790508228,7134057.204867514],[100914.86620364035,7134057.027663621],[100925.38311295758,7134056.916151589],[100937.24666884093,7134056.866594918],[100949.22134788311,7134056.934963011],[100959.87278748426,7134057.020553825],[100969.36956967652,7134057.15512922],[100979.39080920524,7134057.268092198],[100991.34621396073,7134057.613918318],[101003.42336394434,7134059.101284692],[101013.4738447555,7134061.212963069],[101024.03253372904,7134063.441406857],[101034.95594664838,7134065.209114464],[101047.00103666447,7134066.644290627],[101059.007041817,7134068.556613058],[101070.65232854016,7134070.913677076],[101081.2032724357,7134072.891176224],[101093.44174384879,7134074.838604241],[101099.8766998857,7134075.796359785],[101111.87883558933,7134077.545107223],[101123.84377571318,7134079.298265409],[101134.47544530797,7134080.896182457],[101146.19434530806,7134082.605000365],[101146.66655549739,7134082.673386592],[101157.85442450992,7134084.355650177],[101169.4318205954,7134085.524197063],[101181.42093117704,7134085.391194195],[101193.42565729516,7134084.359138891],[101205.43914237601,7134083.177252959],[101217.4905236715,7134081.868400158],[101229.53530246206,7134080.472415624],[101241.59650455398,7134079.134199815],[101253.42635382811,7134077.8334723525],[101264.91567141551,7134076.563592607],[101276.54655397788,7134075.278902441],[101288.10831150727,7134074.03784242],[101300.20826845733,7134072.924657502],[101312.25750635611,7134071.927150508],[101324.42182456626,7134070.930346955],[101336.48649872118,7134069.976691443],[101348.31932287256,7134069.040528881],[101360.11590262735,7134068.219706558],[101371.4605864244,7134067.462103443],[101381.50499762542,7134066.752879558],[101392.79344818287,7134065.901859585],[101404.75245166803,7134064.884772548],[101417.06142504391,7134063.896267658],[101428.90561549185,7134062.89910201],[101440.7900951379,7134061.841758887],[101452.37202213041,7134060.8049852],[101464.38861986774,7134059.7328655515],[101476.47164145531,7134058.729132447],[101488.25735968427,7134057.808071755],[101500.12170904019,7134056.880725225],[101512.28891039162,7134055.962435879],[101524.18813807302,7134055.123490032],[101536.12986080971,7134054.718315329],[101541.20756704122,7134054.710787449],[101553.1066868339,7134054.803183986],[101564.96866463631,7134054.927969208],[101576.81717645656,7134055.036350333],[101588.64477464737,7134055.045954607],[101600.31360825588,7134054.89532424],[101611.52362597472,7134054.592241761],[101623.03146836383,7134053.436517214],[101627.7251763923,7134052.636924309],[101638.84815746546,7134050.714327818],[101649.46231862257,7134048.9138477575],[101660.61121800414,7134047.183066627],[101671.15487164108,7134045.733666291],[101678.16851271025,7134044.842264997],[101690.38241038518,7134043.498065919],[101702.68201984267,7134042.318304233],[101714.90994699614,7134041.107497629],[101727.02371735708,7134039.918310307],[101739.3355098298,7134038.743769091],[101751.12420139735,7134037.619090067],[101763.40244213038,7134036.397997057],[101774.46073964925,7134035.349085818],[101786.38585411687,7134034.408898486],[101791.22794780845,7134034.064886398],[101803.57799353049,7134033.09570297],[101815.37099041668,7134032.159814682],[101827.66960469465,7134031.399525436],[101839.84932238783,7134030.698011739],[101852.09978847322,7134029.756296167],[101864.16383877269,7134028.801154098],[101867.1041641254,7134028.574145484],[101871.50759094249,7134028.244573986],[101874.71513483807,7134028.006006498],[101886.77065923816,7134028.171446394],[101889.30883949145,7134028.431464883],[101901.43175451958,7134029.744768919],[101913.25862085953,7134031.272115499],[101925.26880110655,7134033.290111205],[101936.18054709514,7134035.451566804],[101948.02033742529,7134037.66686281],[101959.43076030549,7134039.66944379],[101971.11305431637,7134041.7722711405],[101983.06960200804,7134044.029366618],[101995.15805794153,7134046.305429802],[102002.41053589492,7134047.629060432],[102013.17567785509,7134049.8493971275],[102014.46277484862,7134050.136128584],[102026.38565999147,7134052.8685033955],[102038.05084067886,7134055.474065024],[102048.929151967,7134057.708785866],[102059.35794894415,7134059.779142189],[102070.37169076107,7134061.989524832],[102081.30459168571,7134064.1597081255],[102092.2693747378,7134066.434751036],[102103.4015203655,7134068.914665069],[102114.59573906648,7134071.149008602],[102125.73468028283,7134073.0294381045],[102136.93067891512,7134074.833322983],[102148.20016426599,7134076.535517206],[102159.50476117805,7134077.913840851],[102171.02697660029,7134079.270098627],[102182.6225318978,7134080.927844753],[102194.23957884201,7134082.595666239],[102205.53668779426,7134084.24813618],[102216.62849752692,7134085.840878831],[102227.30389684747,7134087.3535210155],[102238.71334852418,7134089.20029502],[102249.99256600079,7134091.198642247],[102261.48546392913,7134093.122517756],[102273.17170133226,7134095.086532738],[102284.86270202056,7134097.108960491],[102296.77267750516,7134099.2936348375],[102308.3295816945,7134101.80131082],[102319.01994912891,7134104.360251426],[102330.85329010984,7134107.16944102],[102342.78907412093,7134110.051985897],[102354.67552216066,7134113.237523691],[102366.56586581841,7134116.161520496],[102378.43643513386,7134118.2482363],[102389.95139176783,7134120.041226488],[102401.30793515837,7134121.894688939],[102412.67724890908,7134123.820793834],[102424.18342111289,7134125.771563205],[102435.70202975912,7134127.659867261],[102446.98073272331,7134129.606513165],[102457.71872345492,7134131.551342925],[102469.46303717804,7134133.538910116],[102481.25882054504,7134135.402138841],[102493.00506471295,7134137.24953879],[102504.85174482333,7134139.160241602],[102515.7705414308,7134140.9752793815],[102516.88940993743,7134141.165735415],[102528.92693772214,7134143.2024069],[102540.82807533222,7134145.169116109],[102552.40955247899,7134147.071424564],[102564.52659810416,7134149.069392463],[102576.46926484763,7134151.09782272],[102588.16001561593,7134153.020385334],[102600.2051037465,7134154.966745313],[102612.11441874033,7134156.862588935],[102623.62084734172,7134158.79908539],[102634.8975201734,7134160.787129269],[102645.85885259934,7134162.67416274],[102656.72298475611,7134164.523836819],[102667.70885605377,7134166.40659738],[102678.75483876746,7134168.3310166495],[102690.08687470393,7134170.28871347],[102701.70563656848,7134172.154379241],[102713.79346944543,7134173.949729879],[102725.89412811777,7134175.563292212],[102737.74368635553,7134176.9176013265],[102748.69000397233,7134178.175008936],[102759.56509040389,7134179.389848283],[102770.7142267602,7134180.649590097],[102781.74366285943,7134182.0847620405],[102792.50452479889,7134183.573087643],[102803.34540832025,7134185.145523233],[102814.2890651258,7134186.820295099],[102825.43471448775,7134188.717624327],[102837.20042140933,7134190.849693889],[102848.72656633548,7134193.035459995],[102860.77799860685,7134195.1951197805],[102871.8909344959,7134196.955323991],[102883.82730574819,7134198.76447594],[102895.28896962194,7134200.175526135],[102906.79151352792,7134201.403638577],[102918.2233584291,7134202.737838296],[102929.76083737257,7134204.342413477],[102941.72491700819,7134206.085631957],[102953.83152225957,7134207.848794902],[102965.84861128166,7134209.61945604],[102977.79497861123,7134211.320699703],[102988.52259871707,7134212.7295945445],[103000.70549703907,7134213.582754867],[103013.03603355295,7134213.072191348],[103024.9868682436,7134211.049107397],[103036.38933287864,7134207.936902184],[103047.61233945715,7134204.304527931],[103059.1740912167,7134200.536729142],[103070.61306679877,7134196.972910276],[103081.9098332302,7134193.594723732],[103093.45140821236,7134190.095260326],[103105.17450527346,7134186.597936774],[103116.56245938427,7134183.222697921],[103128.18837884086,7134179.819776324],[103139.78651158424,7134176.398800626],[103151.17644363153,7134172.887388242],[103162.54889268178,7134168.480718943],[103173.31180742447,7134162.69491574],[103183.06498197635,7134155.548429696],[103192.12539684353,7134147.783589479],[103194.17263926857,7134146.013193933],[103194.44908145687,7134145.772435764],[103195.57110984129,7134144.8064525165],[103196.68539802288,7134143.834019197],[103196.97811675619,7134143.579765251],[103198.98430506553,7134141.841765471],[103201.35398112208,7134139.780935362],[103210.46705509914,7134131.721507132],[103219.49628387694,7134123.487926634],[103228.58768506505,7134115.147430519],[103237.5249359287,7134106.9355982],[103246.59597017663,7134098.623562479],[103255.7599835514,7134090.391922001],[103264.868928677,7134082.137523867],[103273.7184201139,7134074.013274776],[103282.87630246009,7134065.720714597],[103291.96179417666,7134057.610015813],[103301.16556072613,7134049.450374511],[103310.15916073282,7134041.495079514],[103319.27062099351,7134033.481282823],[103328.57237887965,7134025.321697757],[103336.81169728842,7134018.127455584],[103346.01308896829,7134010.11125215],[103355.08030925778,7134001.741323426],[103363.52923294884,7133993.5508858],[103372.39957314241,7133984.974530103],[103381.23973750067,7133976.452541487],[103389.90909435332,7133968.0088735875],[103398.73281967704,7133959.485048684],[103407.63059907663,7133950.953129735],[103416.35354998818,7133942.689454731],[103425.25526951725,7133934.402417018],[103434.12735198601,7133926.265117793],[103442.8672306693,7133918.418106693],[103451.17168066639,7133910.089063868],[103458.7999205495,7133900.932822106],[103466.10179724335,7133891.6378548285],[103472.18778118026,7133881.427036669],[103477.806094728,7133870.960782531],[103483.31238854356,7133860.615254711],[103488.87321583834,7133850.156367132],[103494.41064511047,7133839.727077721],[103500.06848066486,7133829.025010845],[103505.7057978161,7133818.253721623],[103511.3384309684,7133807.447655808],[103516.77215989743,7133796.762582405],[103522.30411846546,7133785.947261885],[103528.03222918278,7133775.058374697],[103533.84925022972,7133764.168393394],[103539.66075797728,7133753.557538383],[103545.48699454253,7133742.827682702],[103551.25135073537,7133732.101288036],[103556.90927747288,7133721.430183388],[103562.58718773752,7133710.61903429],[103568.92118329438,7133700.37238007],[103576.34272422048,7133690.650502223],[103584.08963395056,7133681.242703354],[103591.91014174849,7133671.805261826],[103599.49860687251,7133662.158898687],[103607.15872570308,7133652.90710311],[103615.28391279286,7133643.73637587],[103622.35476731224,7133635.833413724],[103630.55346919404,7133626.69875396],[103638.51546662737,7133617.899521386],[103646.89589306759,7133609.36577527],[103655.08325397695,7133601.412321176],[103663.03448545618,7133593.518792498],[103670.33043068496,7133585.120403981],[103677.06330229877,7133575.5604446195],[103683.88127428415,7133565.546033416],[103690.77019799413,7133555.429856773],[103697.70961269137,7133545.460841276],[103704.70488508831,7133535.494284628],[103711.73811427015,7133525.554290656],[103718.6245536445,7133515.662486574],[103724.3252077665,7133507.458426477],[103725.64205438842,7133505.550619487],[103732.28016612947,7133495.503464098],[103738.43791237602,7133485.51908695],[103744.95533069188,7133475.647010719],[103752.65685297007,7133466.907485147],[103761.23053555435,7133458.833979053],[103769.78188364545,7133452.000851918],[103779.24386072234,7133445.443824451],[103788.67754405452,7133438.828881322],[103797.9464306446,7133432.253146439],[103807.15041385917,7133425.51127123],[103816.23718998185,7133418.6625111345],[103825.12504337955,7133412.008895047],[103834.24685999186,7133405.186491035],[103843.41589983518,7133398.316440411],[103853.50217172457,7133391.946472521],[103863.66964184347,7133386.327685682],[103873.92164816847,7133380.4795469735],[103884.21518173174,7133374.599462153],[103894.44352459372,7133368.749376154],[103904.80875661928,7133362.925609974],[103915.03676938178,7133356.832507361],[103925.02557739598,7133349.988335056],[103934.79332198523,7133342.807584075],[103944.78148070304,7133336.01422148],[103954.94979687256,7133329.47105068],[103964.94542276149,7133323.155784277],[103975.44769358478,7133317.641258994],[103986.74154138344,7133313.990620186],[103998.5042955596,7133311.776759411],[104010.45305808168,7133310.942531276],[104022.73107757734,7133311.463610458],[104034.74025673192,7133313.264365615],[104046.35683664301,7133315.478992607],[104058.39201988472,7133317.633509067],[104059.9638743081,7133317.916857358],[104068.64108318847,7133319.482893989],[104080.2452172708,7133321.874169812],[104091.24190407724,7133324.4534992585],[104102.65468125674,7133325.802412681],[104114.77473974129,7133326.08952889],[104126.80344112031,7133326.475453297],[104138.71027877956,7133326.876012586],[104150.14781447023,7133324.904986287],[104159.88679769018,7133319.223919566],[104169.98134668753,7133313.838063771],[104171.03570678271,7133313.510154711],[104182.42975875776,7133310.1976146875],[104193.83490630623,7133307.220083776],[104205.52959335694,7133304.275794784],[104217.6147154094,7133301.232579418],[104229.36122325202,7133298.264521982],[104241.22591691645,7133295.273593958],[104252.95712614874,7133292.309496864],[104264.51565227046,7133289.1831173925],[104276.07023266889,7133285.163454263],[104286.96265562018,7133279.783003967],[104297.35406855587,7133273.880498026],[104307.27180831769,7133268.422736002],[104316.9180968501,7133263.084342103],[104326.41231829912,7133257.856255986],[104335.68718303356,7133252.148009012],[104345.11636927171,7133245.863618311],[104354.87382278568,7133239.4567842735],[104365.07311576972,7133232.968000902],[104375.28966102225,7133226.442876482],[104385.21063992119,7133219.977451132],[104394.73527103738,7133213.773609182],[104404.96570450522,7133207.4032937195],[104410.01025025832,7133204.275339274],[104420.82607634855,7133198.522287028],[104423.23964761716,7133197.383186072],[104431.74970588135,7133193.361469559],[104442.48777507903,7133188.295964325],[104450.11883433693,7133184.685480541],[104452.22650552663,7133183.682697905],[104463.28373402671,7133178.606802125],[104474.41581412376,7133173.663027845],[104474.67174448684,7133173.555061381],[104476.10413090471,7133172.949114418],[104487.44468011078,7133168.102517936],[104498.38380551978,7133163.31254632],[104509.01458283165,7133158.292941864],[104519.53488263139,7133153.039557687],[104529.9155654803,7133147.8833138365],[104539.21368642309,7133143.331997098],[104540.19979765243,7133142.828173518],[104541.10523955012,7133142.365214948],[104551.56459543627,7133137.013511458],[104560.89922502125,7133132.16278752],[104561.46905542724,7133131.865896495],[104571.49533976754,7133126.607715564],[104581.65853597643,7133121.24486164],[104591.8474912917,7133115.94682647],[104602.52842391253,7133110.49241448],[104606.64427976968,7133108.413659016],[104617.49830024713,7133102.980539787],[104628.47425466252,7133097.366367534],[104638.5145845912,7133091.221963771],[104648.1612626508,7133084.992781691],[104657.87512262032,7133078.659937381],[104667.7322344929,7133072.278668612],[104677.59637590614,7133065.973866281],[104687.63019174378,7133059.713790543],[104696.69634213683,7133054.125715353],[104705.7732435991,7133046.824253446],[104714.57038640737,7133038.723235587],[104723.59469830018,7133030.491620825],[104732.35527745163,7133022.279932177],[104741.2187048145,7133013.947339214],[104749.93055840035,7133005.8557279045],[104758.67726062145,7132997.910688773],[104767.71316511743,7132989.625674112],[104776.50397862558,7132981.418647777],[104785.21239811223,7132973.21269167],[104793.71231631847,7132965.036871364],[104801.7805417999,7132956.855836234],[104808.58743272693,7132947.748158809],[104812.93397438695,7132936.882653829],[104815.67963681766,7132925.7185815],[104818.45561038499,7132914.197649828],[104819.53002979071,7132902.573601849],[104818.45176877879,7132890.6598141845],[104816.97250565462,7132878.47887687],[104815.38863421744,7132866.420451323],[104813.82613550534,7132854.39619127],[104813.30727726809,7132842.248350229],[104814.25837123935,7132830.504481193],[104815.38835703017,7132818.87644217],[104817.29648196511,7132807.881778274],[104817.79987268947,7132805.966418703],[104820.30820464453,7132796.412450733],[104823.25673103984,7132785.080867686],[104826.1329810695,7132774.005310012],[104829.09311108547,7132762.768541484],[104832.18932977732,7132751.150565032],[104835.22976146569,7132739.644358587],[104838.2624626889,7132728.124598945],[104841.3312382542,7132716.614027411],[104844.30383399344,7132705.079028559],[104847.20922765776,7132694.893722973],[104850.71570593887,7132685.254767325],[104854.69085964921,7132674.8812834015],[104858.68669495173,7132664.324151866],[104862.54822067742,7132653.297313234],[104866.55924251291,7132641.957604873],[104871.34496068832,7132630.677267637],[104876.50409930281,7132619.749389063],[104882.24395739025,7132609.440398896],[104888.72867404745,7132599.909085497],[104895.35687435529,7132590.585335545],[104902.08456749492,7132581.305647148],[104908.75601706922,7132572.1260576015],[104915.57945817587,7132562.700718653],[104922.05769483396,7132553.707466191],[104928.59431930858,7132544.475418551],[104935.16716506047,7132535.013677736],[104941.57997710787,7132525.69720286],[104947.9773574234,7132516.172238084],[104954.40038854768,7132506.508619923],[104960.8195038435,7132496.797926981],[104964.55273661035,7132491.146985203],[104970.99147821392,7132481.487830969],[104977.63186069136,7132471.43789269],[104984.31604218838,7132461.383829987],[104990.68809222797,7132451.643962547],[104996.91776593,7132441.983178267],[105003.32355856796,7132432.289500949],[105009.77637171221,7132422.701691404],[105016.08111715817,7132413.338877013],[105022.2813015916,7132404.046625266],[105028.39519013121,7132394.695054056],[105034.49768681813,7132384.997246241],[105040.64379584667,7132375.014243143],[105047.5639161442,7132365.787583721],[105056.42868824786,7132358.041797628],[105066.84719238576,7132352.23368416],[105078.22591696301,7132347.879288968],[105089.8569867796,7132345.209093026],[105101.19326935487,7132343.54261741],[105112.61032682413,7132343.224720522],[105124.43629542086,7132344.664659994],[105132.61624811508,7132346.150533638],[105144.5227550689,7132348.238813946],[105156.18068329385,7132350.174529121],[105167.78171807737,7132351.246568855],[105179.16931213444,7132351.257302605],[105190.23585612816,7132351.010616045],[105201.21120005415,7132350.172852903],[105212.18088710215,7132347.775289418],[105222.06235010509,7132342.073589928],[105228.69560609118,7132334.778829491],[105229.52190643415,7132333.534646403],[105233.9129460376,7132323.715751006],[105236.39426695823,7132313.702496498],[105238.88496008335,7132303.327092031],[105241.41351541487,7132292.887998164],[105244.7772917042,7132282.338128518],[105249.69787884393,7132271.7556645265],[105250.61126091855,7132270.143118429],[105256.46292115457,7132259.869137036],[105262.44485086238,7132249.667669296],[105263.47479052725,7132247.868917016],[105269.57790411642,7132237.163240445],[105275.49284688389,7132226.827661132],[105281.35756094044,7132216.505779122],[105287.34467132844,7132205.986986877],[105293.11092780757,7132196.314520711],[105299.53392037685,7132187.845762383],[105306.45886890561,7132180.013487736],[105313.40059892577,7132172.100348154],[105320.3913030026,7132163.843673905],[105327.1938955803,7132155.430379516],[105330.0868671459,7132151.791736845],[105336.31557342235,7132142.117167184],[105342.31226047938,7132131.441021731],[105348.23483624734,7132121.523476571],[105353.99994670867,7132111.893364914],[105359.85491055244,7132102.140071411],[105365.86223305366,7132091.807467204],[105372.15565799322,7132081.631536098],[105378.50048968673,7132072.084103266],[105384.72293073125,7132062.786416623],[105390.72323128191,7132053.966925316],[105396.78095291095,7132045.204659604],[105402.85732284555,7132036.847676225],[105409.15065783355,7132028.4985399395],[105415.40225790173,7132020.311658463],[105421.5590043469,7132012.189972205],[105428.12760554109,7132003.531957067],[105435.32844813477,7131994.168178108],[105441.9340961171,7131983.811343152],[105446.31403801986,7131972.672234272],[105449.34744566039,7131961.269231025],[105452.25539241853,7131950.693219895],[105455.37174811872,7131940.921592686],[105458.94836121233,7131929.844606878],[105463.02358826506,7131918.395188897],[105467.68350574112,7131907.5089192055],[105472.66734352207,7131897.34902419],[105477.6984162766,7131887.384916356],[105482.35414987162,7131877.309409104],[105487.19063370046,7131866.845928399],[105492.20881732611,7131856.053113202],[105493.79215604509,7131852.570821576],[105498.02764159732,7131841.327575471],[105498.33515564312,7131840.353419013],[105501.72191938694,7131828.969128396],[105504.60980989883,7131819.169545999],[105507.89365959336,7131807.995182689],[105511.15090913337,7131797.014278795],[105514.4158924655,7131786.080007009],[105517.47671086848,7131775.286574228],[105520.31706601655,7131764.153506357],[105521.91337194241,7131752.243787165],[105521.5976819031,7131739.914329895],[105520.53097443341,7131727.832282167],[105519.50982273585,7131715.724738745],[105519.04442689498,7131703.59902933],[105520.22716942464,7131691.610731365],[105523.12056102301,7131679.995387495],[105526.4959831353,7131668.877168386],[105529.79798729753,7131658.123726126],[105533.22345131484,7131647.174626732],[105536.60767632676,7131636.434975794],[105538.08199231728,7131631.85734457],[105541.53957466182,7131621.022101128],[105545.11909597582,7131609.921443803],[105548.85403017967,7131598.520745266],[105552.61189643852,7131587.058461467],[105556.25339452765,7131575.709237882],[105559.85692987917,7131564.453672135],[105563.54458082834,7131553.285994805],[105567.3653653271,7131541.985002302],[105570.87563650805,7131531.497341216],[105571.24374155095,7131530.361050064],[105574.4733897986,7131518.985804157],[105577.3434816575,7131507.458895881],[105580.1858197443,7131496.033500519],[105580.58940695733,7131494.374332409],[105583.29299646226,7131483.222171367],[105585.93476573413,7131471.767775044],[105588.56382488192,7131460.047695698],[105591.06072038098,7131448.351509804],[105591.76414230408,7131436.068755945],[105589.1045493441,7131424.4153133575],[105584.88951204106,7131413.1338695325],[105580.58571753051,7131401.584900249],[105576.38931126281,7131390.328986574],[105572.24634662853,7131379.049255062],[105568.2815453008,7131368.263736559],[105568.09273353906,7131367.746556155],[105563.91948514996,7131356.161756767],[105560.27818022051,7131344.458614509],[105557.89291486237,7131334.248354584],[105555.61215538526,7131322.815405961],[105553.40396952245,7131311.584111407],[105551.91168827983,7131304.303110657],[105549.84734322008,7131293.9297614],[105546.4941277341,7131283.234194489],[105541.74144273967,7131271.963880705],[105537.25250682305,7131260.9826607965],[105532.6934510945,7131250.203358823],[105528.70578343538,7131240.924241234],[105524.1734774735,7131229.977009837],[105520.21541829332,7131218.462361531],[105518.4563807348,7131207.183046214],[105518.75844766607,7131195.632403893],[105519.19984294235,7131189.014119447],[105519.93698682537,7131176.858914438],[105520.49171516136,7131165.107061019],[105520.99841317651,7131154.225486183],[105521.56086996943,7131143.072181103],[105522.18441456999,7131131.6937059],[105522.72954188235,7131120.375259875],[105522.73473541846,7131108.445608889],[105522.20428205002,7131096.591113718],[105521.45895868517,7131084.288364248],[105520.5832599327,7131072.211034087],[105519.69976154267,7131060.443616796],[105518.88739370293,7131048.521263737],[105518.01835035422,7131036.857847206],[105517.02218660561,7131024.746591827],[105516.49680443876,7131012.496735308],[105517.46354826982,7131000.360413885],[105520.76473010425,7130988.596263159],[105525.0961784125,7130977.335276112],[105529.65065669257,7130965.832892322],[105534.11871748982,7130954.907357715],[105538.83484317182,7130943.612301546],[105544.11126268492,7130933.4168170765],[105549.91650952137,7130924.302086687],[105556.0178945029,7130914.718263266],[105561.82806713111,7130905.646303807],[105567.71038316865,7130896.432092593],[105573.68202843133,7130887.43613456],[105579.53197936423,7130879.00142343],[105585.32263285306,7130870.351023352],[105591.09350936947,7130861.322500299],[105595.0921661806,7130855.077585697],[105601.5148466645,7130845.208238996],[105607.84018686222,7130834.98230553],[105613.6640804626,7130824.491881771],[105619.47379319649,7130814.192514133],[105625.58518921077,7130804.242213727],[105631.60597409739,7130793.771463992],[105636.60140303418,7130783.055345582],[105639.84946762788,7130775.897289319],[105641.56196558045,7130772.095744753],[105646.30341346475,7130761.266986428],[105650.8745255383,7130750.680097438],[105651.45286405936,7130749.303357428],[105652.98550272518,7130745.652927351],[105657.84019674623,7130735.175235497],[105661.98762101948,7130723.800807315],[105662.75450936513,7130720.766323106],[105664.30816727644,7130708.689263135],[105663.40079929226,7130696.448156773],[105660.38852499222,7130684.515699633],[105656.29719886533,7130672.902940454],[105651.91631628148,7130661.37328315],[105648.49110902165,7130652.371932248],[105644.46218333417,7130641.310069557],[105640.40688834974,7130629.6387729235],[105636.62696597655,7130617.919243195],[105634.70754695236,7130605.831221402],[105636.54783187708,7130595.000140557],[105637.68038479803,7130591.812797323],[105641.75519701454,7130580.275017271],[105645.74408856296,7130568.766181583],[105649.7645425066,7130557.209229432],[105653.51534251461,7130546.40955613],[105657.52984062216,7130534.823230203],[105657.94020547398,7130533.619830703],[105659.99335246894,7130527.4250431545],[105662.6130850882,7130515.594352597],[105662.84254586726,7130513.975356872],[105664.61640010198,7130502.32317644],[105667.25376604404,7130490.8312472105],[105671.33989069227,7130479.2798183495],[105676.41970274196,7130468.007217635],[105677.15290771343,7130466.491822351],[105682.22011186782,7130456.9057819955],[105687.803645315,7130447.973636551],[105695.98587948212,7130439.861715164],[105705.60175311891,7130434.864570079],[105716.15752285713,7130430.877371925],[105727.43256480352,7130426.59717927],[105738.61230057775,7130422.34075722],[105740.25764860096,7130421.7095970735],[105751.5290592548,7130417.389204542],[105762.64997156023,7130413.024655638],[105766.10065719648,7130411.633706445],[105775.53711000044,7130406.671313749],[105783.72744539438,7130401.302962879],[105792.76020397444,7130395.342161868],[105801.79577816982,7130389.344142899],[105801.9786756279,7130389.221868159],[105811.95178125857,7130382.51680983],[105821.26158974908,7130375.296749802],[105830.37954450201,7130366.975308991],[105836.56132494,7130361.201403442],[105845.50709115749,7130352.795417083],[105854.28848585655,7130344.442768974],[105861.97462616005,7130335.37144896],[105868.00474327849,7130324.8256662395],[105873.2498910058,7130314.199149089],[105878.42718808312,7130303.621767174],[105883.56436964625,7130292.922185107],[105886.66516282858,7130281.016900884],[105887.18940145068,7130272.828735882],[105888.02599839686,7130260.603831841],[105888.98022362433,7130248.39389251],[105890.19638432644,7130236.907130066],[105892.47142495436,7130225.751313351],[105897.02396361163,7130214.284233008],[105902.86930204678,7130204.981477511],[105903.81741381192,7130203.774570366],[105911.1330400816,7130195.847672395],[105919.27921164152,7130187.398895649],[105927.9061527123,7130178.928693003],[105936.80785200535,7130170.322650226],[105945.23871245875,7130161.968436548],[105953.93954009691,7130153.233251919],[105953.94160963723,7130153.231204952],[105962.15449460142,7130145.086899454],[105970.72320240963,7130136.591396112],[105979.13324248523,7130127.644888429],[105986.04677734751,7130118.044933224],[105992.10803020495,7130107.864261715],[105998.37412436813,7130097.334855694],[106002.29077409359,7130090.675145468],[106008.3074781574,7130079.974187232],[106014.1002596048,7130069.213446828],[106019.63421687705,7130058.73621267],[106024.94704686472,7130048.969207278],[106030.67216861935,7130038.949940245],[106036.71587968047,7130029.438643274],[106043.70511345717,7130019.6252615005],[106050.7380935396,7130009.615158573],[106057.76979630854,7129999.483354298],[106064.41830525477,7129989.08873407],[106069.35895202355,7129978.054868504],[106072.39135437214,7129966.197139387],[106074.44075202139,7129954.334553054],[106076.26181926951,7129942.462339414],[106077.93698108493,7129930.661008117],[106079.08265363082,7129918.731339339],[106079.52762053552,7129906.634227365],[106079.68721085752,7129894.243824773],[106079.71893766138,7129883.768850315],[106080.54656906473,7129871.440011388],[106084.10075737612,7129859.64545213],[106090.79124161508,7129849.2314436035],[106099.12521023536,7129840.2423197385],[106108.44623813505,7129832.182725282],[106118.70599791151,7129825.311402091],[106120.31742999173,7129824.32841723],[106130.52316268272,7129818.353712387],[106141.18601003254,7129812.285487485],[106151.6256945912,7129806.426684573],[106162.31332216278,7129800.411916157],[106172.65886258875,7129794.447595708],[106181.90437001223,7129787.3563162945],[106190.03722156194,7129778.698790763],[106196.49094128341,7129769.061000186],[106200.9860918452,7129758.500610197],[106204.62472483737,7129747.508135274],[106207.87327347352,7129736.2252249215],[106211.21714090253,7129724.402141577],[106214.68907803006,7129712.5401638895],[106218.25051302271,7129700.7837721035],[106221.50833121769,7129688.957107648],[106224.25971852313,7129677.277870264],[106227.061800825,7129665.244052285],[106229.90645850863,7129653.076086493],[106232.72525732475,7129641.050429294],[106235.58830206539,7129629.132774582],[106238.47659110144,7129617.394260978],[106241.36704641156,7129605.720638784],[106244.34189727117,7129593.787245609],[106247.30916177231,7129581.902466627],[106250.28489127569,7129570.147039456],[106252.29768385104,7129562.430804737],[106252.79173985071,7129560.436673073],[106253.29932771676,7129558.376344861],[106256.19767172053,7129546.800642794],[106259.28784838872,7129534.988262724],[106261.71012000367,7129525.971688105],[106264.76521591516,7129514.297676703],[106267.72894608096,7129502.888000261],[106270.72567359835,7129491.857504981],[106273.83486305363,7129480.371270231],[106276.88054549659,7129468.739490733],[106279.76296466269,7129456.850389661],[106282.5670833899,7129445.074605857],[106285.06008276006,7129434.265326067],[106285.32200861047,7129433.168137338],[106288.2489453922,7129422.388415424],[106291.40658620704,7129410.474491682],[106294.47659694945,7129398.623431401],[106297.59215794329,7129386.890402945],[106300.74274158536,7129375.375327241],[106303.84912902699,7129364.533497879],[106306.97747276776,7129353.371303049],[106307.0379252801,7129353.149998235],[106310.05585287104,7129342.117473843],[106313.12682614772,7129331.578955164],[106316.68517824943,7129319.847332196],[106320.15214985446,7129308.253387962],[106323.48999197758,7129296.884127345],[106324.69844495703,7129292.742072569],[106324.77620288357,7129292.472667069],[106326.71185229573,7129285.495402638],[106326.71805457224,7129285.472721847],[106329.68679193675,7129274.723779799],[106332.44899843965,7129264.875434851],[106335.5695775639,7129253.9508879725],[106338.95545799471,7129243.165062532],[106343.44108525355,7129232.583396009],[106349.43331243267,7129222.515583562],[106355.26555168664,7129212.1280516945],[106358.45679094206,7129200.925559683],[106360.38750388526,7129189.44326581],[106362.35187112459,7129181.029247441],[106365.0948923885,7129169.125195334],[106367.40542115254,7129157.284096342],[106369.33858157677,7129145.716624854],[106371.14897354884,7129133.797139727],[106373.54348019621,7129121.763525734],[106377.33318002702,7129110.058265497],[106382.00272965571,7129098.989476578],[106388.13257355912,7129088.354448632],[106395.71775866405,7129078.984230218],[106403.72543038533,7129069.623018701],[106411.66315298073,7129060.20364878],[106419.76743147505,7129051.37637207],[106428.18806834612,7129043.314851568],[106438.10103268147,7129036.479836651],[106449.31485619652,7129031.675133685],[106460.75543046428,7129028.7896003965],[106467.83369124355,7129027.602017701],[106472.85968059406,7129026.795565767],[106484.87580518943,7129024.870919313],[106496.65155113593,7129022.883551722],[106508.11851125013,7129021.089163395],[106519.99251494498,7129019.222941868],[106531.8067492327,7129017.504995223],[106543.2918017641,7129015.803142634],[106554.99753277184,7129013.337419514],[106566.05207776633,7129008.622204466],[106574.86510943295,7129000.825906868],[106582.18018872524,7128992.1371772075],[106589.60029153887,7128983.270324485],[106597.14634944091,7128974.722607393],[106605.23572467861,7128966.573696229],[106614.00733634777,7128958.613517633],[106623.01557621197,7128950.542542976],[106632.12317064911,7128942.438910227],[106641.20700375899,7128934.266848199],[106650.309495633,7128926.175263687],[106659.42811110459,7128918.178400122],[106668.50196856144,7128910.311174613],[106677.43515036727,7128902.548178112],[106685.31620985316,7128895.638560107],[106686.36551002128,7128894.728258621],[106694.2691963733,7128887.766810171],[106703.0540366571,7128879.874141991],[106712.2564506454,7128871.815825215],[106721.34978007158,7128863.94993352],[106730.05730786489,7128856.153617041],[106738.971409916,7128847.668160925],[106747.43303386861,7128839.413568718],[106754.88785688282,7128832.1921010045],[106763.63288943213,7128823.970416488],[106771.79140604398,7128816.4255882185],[106780.76931147312,7128808.171024579],[106789.49744349933,7128800.113550544],[106790.31984745857,7128799.35373511],[106799.29503646097,7128791.0516823605],[106808.2277880041,7128782.778435371],[106817.20926317206,7128774.399858689],[106820.01286219386,7128771.762623389],[106820.83453486412,7128770.9902412575],[106826.0704972021,7128766.073509088],[106834.69250865513,7128758.004285974],[106843.61601052835,7128749.689784151],[106843.7676079949,7128749.545582177],[106851.90783735696,7128741.609548527],[106853.47780312377,7128740.040825812],[106860.93782459229,7128730.387272302],[106866.39161993109,7128719.690774831],[106871.3671197092,7128708.452122624],[106876.2411430002,7128697.098648453],[106880.93170361721,7128685.723025769],[106885.3310787272,7128674.529714495],[106888.2731031949,7128666.953297982],[106892.65854949935,7128655.447204657],[106897.11819741514,7128643.893604618],[106901.5105570872,7128632.431119868],[106906.02297226473,7128620.992323507],[106910.6261890016,7128609.70921011],[106915.39966752467,7128598.392457405],[106920.15607379697,7128587.015361657],[106924.8633811365,7128575.665100067],[106929.5538099382,7128564.23463165],[106934.29408569512,7128552.862489921],[106939.11046791909,7128541.824861219],[106943.9286842363,7128530.688937716],[106948.66674726951,7128519.661393528],[106953.2899903073,7128508.796913784],[106957.89007647778,7128498.014881237],[106962.23371599452,7128487.988202574],[106966.88145492255,7128477.361003292],[106967.30753070768,7128476.398714278],[106972.2341096251,7128465.213195729],[106977.10167174804,7128454.187862352],[106982.00610673649,7128443.194824916],[106986.96370301809,7128432.018780722],[106991.84587254608,7128421.014529454],[106996.82858009025,7128409.713580223],[107001.76518340845,7128398.50371489],[107006.71000243304,7128387.408095466],[107009.94992520683,7128380.114883356],[107011.55985993572,7128376.42929212],[107016.50495976984,7128365.139534701],[107021.1807693619,7128354.166061245],[107025.81030933838,7128343.128373136],[107030.46939567983,7128331.884992246],[107035.11510562996,7128320.60535595],[107039.51068910566,7128309.6859803405],[107043.86114507983,7128298.868707517],[107048.28071602661,7128287.848592389],[107052.67674627161,7128276.803128822],[107057.05848185695,7128265.882781349],[107061.66084104881,7128254.681765584],[107066.36526519258,7128243.293879887],[107070.9720399002,7128232.189679146],[107075.61901475751,7128221.087126028],[107080.95257355517,7128209.939868708],[107086.8843081356,7128199.182389574],[107092.70645149506,7128188.420183382],[107098.5423345844,7128177.591119474],[107104.36854916404,7128166.719250435],[107110.09529725328,7128155.812986894],[107115.73802635435,7128144.862690324],[107120.41190415598,7128133.466666739],[107123.99266540498,7128121.748515552],[107127.24216015486,7128110.163858257],[107130.39158427098,7128098.213222731],[107133.81374110293,7128086.380427292],[107138.25768459839,7128074.934778737],[107144.38324515341,7128064.211843707],[107152.13905989297,7128054.639331667],[107162.21740446525,7128047.564351993],[107173.81328812154,7128043.79764548],[107173.84320855065,7128043.79077135],[107181.3796174514,7128042.173272317],[107193.0536843121,7128039.499498678],[107202.82282382238,7128037.321130934],[107205.003129774,7128036.8483927045],[107216.66917480424,7128034.297905993],[107228.25570223888,7128031.663774148],[107232.60718857421,7128030.650748347],[107239.82383384975,7128028.869348455],[107251.78146366839,7128025.846809657],[107263.39834815986,7128022.996103099],[107266.93776194332,7128022.145236206],[107275.22313220019,7128020.205559574],[107276.422578684,7128019.933106811],[107286.61240547406,7128017.734420791],[107298.19896215008,7128015.312581813],[107305.78073451633,7128013.653749717],[107306.80722961109,7128013.417631397],[107314.87297645106,7128011.493445777],[107318.64516697783,7128010.552407497],[107330.34942988801,7128007.735898275],[107342.24024548638,7128004.8006409295],[107354.20274508168,7128001.7340940265],[107366.03779710125,7127998.981079534],[107377.7898374793,7127996.512624007],[107389.36400025728,7127993.124835696],[107392.849964745,7127991.828658772],[107403.90123177064,7127986.800012576],[107408.27736221871,7127984.378821534],[107418.22296047019,7127977.9282010235],[107427.30868955964,7127969.611187145],[107435.39404719166,7127960.939099464],[107443.61986119929,7127952.125243435],[107451.90600198146,7127943.21728294],[107460.0478647598,7127934.48415944],[107466.46923028666,7127927.65541116],[107474.96504411043,7127918.667022709],[107483.37714393024,7127909.771920595],[107491.63883665652,7127901.10553054],[107499.81936335115,7127892.346684573],[107507.85852175334,7127883.6084691705],[107516.13704131654,7127874.586697039],[107524.34741309815,7127865.413139248],[107532.03981966682,7127856.500142143],[107539.57748445042,7127847.947377762],[107547.12735853653,7127839.2714297455],[107554.48457696155,7127830.833920108],[107562.2544861919,7127821.879162316],[107570.28916140861,7127812.771369843],[107578.26981274394,7127803.91204682],[107586.19451419741,7127795.177700588],[107594.33246913407,7127786.287445802],[107602.5803672882,7127777.285367292],[107610.60860459186,7127768.551999848],[107618.55400305457,7127759.896183565],[107622.93550218228,7127755.063676424],[107630.9586346338,7127746.224917257],[107638.96128306095,7127737.399417284],[107646.92843634333,7127728.6728655165],[107654.88652980642,7127719.903192401],[107662.9241214681,7127710.968946329],[107670.75664065499,7127702.302405581],[107678.4130390631,7127693.784775641],[107686.22253168601,7127685.105440551],[107687.39471681672,7127683.80658761],[107693.99674262083,7127676.54814882],[107701.7300300831,7127667.972646397],[107709.38245149038,7127659.063157147],[107717.01285545062,7127649.691346541],[107724.52401405084,7127640.332283547],[107731.84749961691,7127631.166076757],[107739.32918240567,7127621.519851058],[107746.56240764557,7127611.991068926],[107753.56635811122,7127601.918285179],[107759.21514197765,7127591.486055366],[107764.28283169371,7127580.8682748955],[107769.36455930246,7127570.052773915],[107770.61841397814,7127567.422330415],[107774.6500117468,7127559.473695707],[107780.43579074834,7127549.068203595],[107786.33947418613,7127538.972714594],[107792.2171567331,7127529.158947974],[107797.9330356755,7127519.720413296],[107803.76734585,7127510.101044161],[107809.76177186414,7127500.175766328],[107816.28660332784,7127490.626553135],[107823.77631728357,7127481.110190756],[107831.15752923937,7127471.579702546],[107838.76810233406,7127461.888124257],[107846.39333525812,7127452.313534189],[107854.3434703194,7127443.115631612],[107854.4258149311,7127443.027294118],[107862.6913496615,7127434.13108962],[107870.91298454674,7127425.43703627],[107879.61765814293,7127416.708915807],[107888.5083875765,7127408.193596391],[107895.43213358277,7127401.655683557],[107896.64339262317,7127400.512280401],[107905.38179957587,7127392.289773469],[107913.52923329052,7127384.658772682],[107914.09971932194,7127384.120929936],[107923.20092141588,7127375.813134363],[107929.08662197052,7127370.69441664],[107938.0657984594,7127362.851394946],[107946.69829139928,7127355.1613986995],[107955.72507456422,7127346.977682298],[107964.6661970641,7127338.596702233],[107973.3755112383,7127330.243198076],[107981.82155107654,7127321.230457219],[107989.03079128364,7127311.270962142],[107994.91400055145,7127300.613023161],[107997.22948825208,7127296.2776757935],[108000.64424607571,7127289.981146555],[108006.46435782022,7127279.368272648],[108012.21885415155,7127268.723798282],[108017.74131300655,7127258.416826034],[108023.48069027462,7127247.787326604],[108029.2398572496,7127237.21414068],[108034.52172791463,7127226.338190446],[108038.77292783099,7127214.957449187],[108042.41859959805,7127203.252128948],[108045.8689384415,7127192.033375299],[108049.33639747679,7127180.554055974],[108052.60986861034,7127169.388735017],[108055.91871468344,7127158.117798237],[108059.38830667501,7127146.355153469],[108062.99174311757,7127134.607831759],[108066.52834920213,7127122.832759595],[108071.48989690508,7127111.538852068],[108078.34330326086,7127101.681142008],[108086.196011692,7127092.584250097],[108094.1802056497,7127083.745924367],[108102.46507363999,7127074.606997555],[108110.56126637262,7127065.762022605],[108118.81775092281,7127056.688730744],[108128.17659032391,7127049.102733882],[108138.45664086711,7127042.854978699],[108148.89554098662,7127036.729404851],[108159.2875161508,7127030.682343306],[108170.14997709665,7127025.79654276],[108181.19171738584,7127022.693790887],[108192.23593512725,7127019.850516479],[108204.1381239767,7127016.498397779],[108215.64221836877,7127013.0451275315],[108221.81869725179,7127011.139193904],[108233.23098785913,7127007.573274454],[108244.69856797281,7127003.211559679],[108255.74134689418,7126997.670512116],[108266.47726864304,7126991.514439279],[108276.59338941652,7126984.994180478],[108286.87960816803,7126978.001245096],[108296.99659517733,7126971.199276659],[108306.9907497919,7126964.03309796],[108316.78223663621,7126956.765951844],[108326.94704423705,7126949.75315821],[108337.04542334843,7126943.236550428],[108342.05535194988,7126940.091125772],[108347.46792769263,7126936.742828397],[108357.84390742105,7126930.357934732],[108361.265991449,7126928.249892117],[108371.72185600532,7126921.868374938],[108382.25998708967,7126915.508067718],[108392.15875763068,7126908.272387472],[108400.68838864903,7126899.920752754],[108409.09824307467,7126890.8438026365],[108417.17977582157,7126881.520830402],[108423.97600981989,7126871.202074507],[108427.13822209398,7126864.566263416],[108428.80477615836,7126860.462686151],[108433.28083175037,7126849.020333116],[108436.42610529921,7126840.877831886],[108440.71399660711,7126829.699259302],[108443.84314120846,7126817.737703312],[108444.94484497566,7126812.599923318],[108446.32730272121,7126806.020290433],[108448.84788481862,7126793.923562248],[108451.35834751948,7126781.943749705],[108453.94943265861,7126769.838804113],[108456.42398212838,7126757.898434604],[108456.76016250963,7126756.284519374],[108459.13794188749,7126744.129246221],[108461.48988415435,7126732.005502924],[108463.6655903557,7126720.247241909],[108465.83101078821,7126708.61821278],[108468.33680968994,7126696.676334668],[108470.85904234962,7126684.587426029],[108473.46627859847,7126672.626599217],[108475.98170225637,7126660.728521277],[108478.48968914815,7126648.709673308],[108482.36487145355,7126636.996731421],[108486.66153182834,7126625.827853834],[108490.94931799709,7126614.646722561],[108495.24251962145,7126603.341208609],[108499.2634552808,7126592.716106569],[108499.63193924795,7126591.737753106],[108502.85089801782,7126583.128578063],[108503.86457559216,7126580.339074975],[108507.06903001486,7126571.260928059],[108511.17648911738,7126559.620300986],[108514.01197907672,7126547.573936893],[108515.47015450516,7126535.6379560195],[108516.81672600337,7126523.624270897],[108518.11186064518,7126511.460862275],[108518.9468540271,7126499.180812625],[108519.23045160389,7126487.335850161],[108519.68253321777,7126475.031932176],[108520.36304712499,7126462.9470717665],[108521.00757794717,7126450.658891423],[108521.54247934476,7126438.341240366],[108521.70624439546,7126433.967001315],[108522.05621796759,7126422.043988306],[108522.25948472176,7126409.713102172],[108523.96020218678,7126397.516961988],[108527.5652701428,7126385.670853658],[108531.19916737452,7126374.4186885],[108535.09217199951,7126362.70439125],[108539.09817215888,7126351.098254075],[108543.06660019641,7126339.657719068],[108547.03387317254,7126327.986820644],[108550.86796259513,7126316.3490189],[108554.67097772087,7126304.618934426],[108558.56010049488,7126292.952916266],[108562.50121640798,7126281.222848581],[108566.26556333015,7126269.839265881],[108570.0486670186,7126258.11313677],[108573.8302453279,7126246.400948071],[108577.59338233934,7126235.010335363],[108581.46780507127,7126223.301140891],[108585.2264240554,7126212.011071272],[108589.12247601082,7126200.333491663],[108593.06561857834,7126188.537547233],[108597.00873739837,7126176.880020918],[108597.67929613561,7126174.864053053],[108600.85655044625,7126165.183794597],[108604.63375786965,7126153.451936975],[108608.47607688082,7126141.784739502],[108612.07898726861,7126131.160135253],[108616.09638755384,7126119.632588705],[108620.20790911227,7126108.058678787],[108624.02770180133,7126096.728363578],[108626.57710982871,7126084.682002146],[108628.66076014325,7126073.0469794925],[108630.74930036935,7126060.912040355],[108632.83397528663,7126048.755229497],[108634.85075565375,7126037.090570629],[108636.36900743208,7126028.282526823],[108638.50641435536,7126016.13772492],[108640.75739653537,7126004.128739674],[108642.88642058917,7125992.661130704],[108644.7974254046,7125980.505016954],[108646.66361924843,7125968.740288995],[108646.67752929928,7125968.66100518],[108648.64475289133,7125956.608580863],[108649.64268996479,7125944.311535207],[108649.53619710333,7125931.959752191],[108649.4225596998,7125920.546385702],[108649.53245064372,7125908.3698975295],[108649.53310509428,7125908.331177488],[108651.08775982657,7125896.149437177],[108653.04190110986,7125884.229158468],[108654.89582837286,7125872.401126551],[108658.16059901792,7125860.896837598],[108662.97479449539,7125849.515409414],[108667.75458454987,7125838.314551875],[108672.60851284058,7125827.087713168],[108677.50574393099,7125815.91966573],[108682.46798148786,7125804.63145695],[108687.19860938232,7125793.745039334],[108691.99969530856,7125782.676906289],[108696.69199732487,7125771.897125494],[108701.56119044416,7125760.692161782],[108706.47612872295,7125749.363353498],[108711.3650048009,7125738.046642475],[108716.1024840314,7125726.687447501],[108720.82057791227,7125715.345322321],[108724.35382037086,7125706.911136242],[108728.7639944583,7125695.430609841],[108730.81375322328,7125683.539382926],[108731.01876490086,7125671.486955568],[108731.08048716135,7125659.5678914795],[108731.13462098397,7125647.328249931],[108731.18531855359,7125634.985274051],[108731.15238905791,7125622.646460935],[108731.22375086125,7125610.3745876495],[108731.43273122248,7125598.035005424],[108731.75814109971,7125585.722209984],[108732.222402243,7125576.231336841],[108734.36438583717,7125564.266495276],[108738.95492710941,7125552.636621301],[108745.33857534773,7125542.5031988565],[108753.2741133945,7125533.753127601],[108762.16028415598,7125525.309607886],[108770.8030166321,7125516.716178179],[108779.54394410242,7125507.979931267],[108788.07299739757,7125499.65349918],[108792.98835699953,7125494.89132377],[108801.47729814437,7125486.664033281],[108809.95718412235,7125478.390069888],[108818.33975898277,7125470.114307381],[108826.31407034205,7125461.188648781],[108832.1183109585,7125450.742416207],[108836.95943706407,7125439.3853004305],[108841.5869694213,7125428.126037792],[108844.89303595503,7125420.092766164],[108846.2823939423,7125416.747365756],[108851.13773961901,7125405.45116836],[108856.00986101496,7125394.564400597],[108861.01140932966,7125383.30231479],[108865.91266332148,7125372.017475896],[108870.5620373442,7125360.8556547975],[108874.08911874116,7125352.18894374],[108877.30154774355,7125344.329366139],[108881.9795277912,7125332.9584937375],[108886.59322482167,7125321.898392903],[108891.37603076769,7125310.525542451],[108896.15786657849,7125299.312726488],[108900.83487131336,7125288.23253533],[108905.3450292832,7125277.341837574],[108909.95625041408,7125266.208953858],[108914.62339929811,7125254.977504718],[108919.32026780467,7125243.647928824],[108923.95000465744,7125232.240423461],[108925.55258558155,7125228.344157462],[108927.56122259027,7125223.469879327],[108932.15638255549,7125212.080544073],[108936.90582597494,7125200.703583617],[108941.5392433473,7125189.289636825],[108945.92196800734,7125178.043144773],[108950.4153116633,7125166.684845608],[108954.8821932518,7125155.600928552],[108959.54456109309,7125144.18795467],[108964.31385543401,7125132.991960445],[108969.2095264151,7125121.969902765],[108973.68006601976,7125111.448536632],[108978.64286816656,7125100.180948183],[108983.80820559524,7125088.993664011],[108984.97594695911,7125086.339620266],[108989.61772781826,7125075.591481192],[108994.67372393061,7125064.371627427],[109000.70602526463,7125053.629468483],[109006.64042106178,7125044.311197512],[109007.373082445,7125043.241144089],[109014.3392749906,7125033.122931816],[109021.23244843271,7125022.861677413],[109027.93474549055,7125012.98644799],[109034.7161988272,7125003.0479771625],[109041.62391827162,7124992.839765295],[109048.32909521332,7124982.8738167025],[109055.11306947639,7124972.614510195],[109061.78802584147,7124962.285125522],[109068.72086175415,7124952.101631263],[109075.79514502687,7124942.06110753],[109081.36374908779,7124933.9798889],[109088.29025622713,7124923.782213578],[109095.19781993277,7124913.485845726],[109101.9831598337,7124903.185273571],[109108.75105514005,7124892.914038215],[109115.71997678286,7124882.7028570045],[109122.75608899834,7124872.960549738],[109129.93491078686,7124862.989284891],[109137.14597954665,7124853.030079989],[109144.39650840231,7124843.073271111],[109147.34005524305,7124838.94649492],[109154.51556926168,7124828.926837748],[109161.52813620359,7124818.8215075275],[109168.25219284376,7124808.876510795],[109175.10750127217,7124798.64926706],[109181.84482702066,7124788.42371823],[109188.50502506999,7124778.139033705],[109195.12698320334,7124767.894498823],[109201.84537358483,7124757.825001855],[109208.6397056969,7124747.537542292],[109209.72346639924,7124745.876330803],[109216.39432715287,7124735.646679944],[109223.2283859175,7124725.406133726],[109229.81489510433,7124715.396186771],[109236.56975632609,7124705.057923929],[109243.13441314973,7124695.194508728],[109249.74784149363,7124685.374616001],[109256.52468409506,7124675.432277944],[109263.23919543956,7124665.42935888],[109267.61245806236,7124658.823715823],[109274.13038446475,7124648.786069029],[109280.5542035338,7124638.737066116],[109286.92194197292,7124628.192544866],[109292.87489503797,7124617.577262685],[109298.72845934232,7124606.804723026],[109304.23114994855,7124596.426314825],[109309.8115847503,7124585.476793119],[109315.14133050008,7124574.779202174],[109320.51977722038,7124564.184739828],[109325.97773751983,7124553.5654529035],[109332.11929508706,7124543.387914525],[109339.12649975414,7124533.2516231565],[109346.15253743506,7124523.102682195],[109352.73062110844,7124513.71250132],[109352.82244162378,7124513.581483749],[109359.85440760647,7124503.492211805],[109366.7363423392,7124493.621241916],[109366.93049254076,7124493.343313945],[109373.82634117187,7124483.547238495],[109375.18813214346,7124481.647778358],[109382.0675952831,7124472.0743235815],[109389.73617362685,7124462.843417719],[109398.23948899645,7124454.75052094],[109407.61775121407,7124447.773187518],[109418.38283444481,7124442.37057316],[109429.47182118497,7124438.089839567],[109440.73431443726,7124433.674521616],[109451.56085055566,7124429.329889901],[109453.37599505123,7124428.59957302],[109464.26551395498,7124424.218958955],[109475.13118101854,7124419.449899817],[109485.55073356349,7124412.833797307],[109494.27086244611,7124404.187539782],[109500.47499519878,7124393.914247863],[109504.92098907847,7124382.98446764],[109509.29494522646,7124371.687013343],[109513.76628458314,7124360.445298479],[109518.27991418983,7124349.050552859],[109522.91583414673,7124337.633478614],[109526.87232635549,7124326.247207129],[109529.94130613725,7124315.00785763],[109530.6837616465,7124312.226668607],[109533.65448467928,7124300.9066889435],[109536.60299898236,7124289.13993487],[109539.53168815083,7124277.364819603],[109542.4826059402,7124265.651861459],[109545.52764621464,7124253.992991816],[109549.7836697668,7124242.77149438],[109554.64743129082,7124232.815764295],[109559.67836015654,7124222.3186714575],[109564.82068030711,7124211.430956986],[109569.73435521207,7124200.702482179],[109574.64994753525,7124189.6502745515],[109579.61510075798,7124178.547817377],[109584.7907089743,7124167.42787944],[109590.00388227851,7124156.690348091],[109590.15938107541,7124156.378964709],[109591.13769187697,7124154.424546809],[109591.7254210611,7124153.254582215],[109594.01172683766,7124148.708773446],[109599.50691874581,7124137.690601973],[109604.87320702296,7124126.589665145],[109610.14035109809,7124115.521957993],[109615.482234533,7124104.424509757],[109620.79648510239,7124093.462656703],[109626.0215592676,7124082.660871372],[109631.16182150645,7124071.832358734],[109636.22842794907,7124060.72070679],[109640.33953924925,7124049.646949656],[109642.85231452918,7124038.004509425],[109645.08141750353,7124026.3745922195],[109647.16796137142,7124015.113498773],[109648.72683530254,7124003.179551711],[109649.59215678193,7123991.168652895],[109650.4739315203,7123979.003065521],[109651.34489511477,7123966.775994454],[109652.12177469651,7123954.769563123],[109652.8047451654,7123942.452749381],[109653.38301314483,7123930.137143421],[109653.9845289599,7123917.80924329],[109653.8183967701,7123905.594324223],[109652.46482609591,7123893.442575473],[109651.19140666275,7123881.75653231],[109649.7029885609,7123869.570569947],[109648.03941127757,7123857.352633869],[109646.52130179357,7123845.526759012],[109645.13705314888,7123833.805662617],[109643.79764540016,7123821.87655488],[109642.65928111103,7123809.942894876],[109643.10832493979,7123798.027809407],[109645.05780677195,7123786.53729993],[109648.14620553353,7123774.645066237],[109652.54761558305,7123763.172819539],[109657.81085232418,7123751.962474482],[109663.41280909028,7123741.114209551],[109668.77519916178,7123730.525869464],[109673.97045833396,7123720.053314826],[109678.19281702151,7123709.025169105],[109680.20624760166,7123697.202897869],[109680.42340151785,7123685.249488868],[109680.02804792643,7123673.379274915],[109679.68302513298,7123661.160575778],[109679.64873202727,7123648.8630049825],[109680.22106651869,7123637.174375186],[109681.40042897576,7123625.653692668],[109682.88282423303,7123613.702925153],[109684.26394651993,7123603.200250991],[109684.96469859971,7123591.088540649],[109684.30917620461,7123579.072817265],[109683.38822493027,7123566.801537845],[109682.3907791319,7123554.891504781],[109681.67681495362,7123542.675457323],[109682.00397942762,7123530.641076084],[109683.47832583834,7123518.7955191955],[109685.66355136136,7123507.087706212],[109687.94989998272,7123495.330293644],[109691.27671680588,7123483.985076472],[109696.42008883104,7123473.688470142],[109702.92031405645,7123464.504469047],[109709.61398371944,7123455.664452039],[109716.68275034335,7123446.996010904],[109724.77911563887,7123439.214903811],[109733.5720430931,7123432.249988433],[109742.35551102721,7123425.144259729],[109751.2867737097,7123417.947915558],[109760.53271411377,7123410.539611386],[109770.04004043824,7123403.010443731],[109779.76901364594,7123395.505193492],[109789.52903217409,7123388.122852732],[109799.22219436907,7123380.720753601],[109809.03961217473,7123373.280394129],[109818.55577539827,7123365.9140788205],[109828.19562584453,7123358.3770626215],[109835.89543571358,7123352.315140063],[109843.1225518909,7123346.6589307515],[109851.31297668943,7123340.313142292],[109852.84774283768,7123339.112677995],[109862.58491476515,7123331.581539836],[109872.37591493607,7123324.025027117],[109882.20398969419,7123316.641664393],[109891.98608150845,7123309.147590229],[109901.0754649635,7123301.97008826],[109910.70158818446,7123294.267447896],[109920.28689825867,7123286.57357608],[109929.9386442597,7123278.990236966],[109939.56695380353,7123271.570030775],[109949.09843581967,7123264.381589055],[109958.84727718192,7123257.125136864],[109968.32187385083,7123249.942315504],[109978.10760564223,7123242.346180124],[109987.71581451996,7123234.915024849],[109997.24330588226,7123227.562267701],[110006.90047380299,7123220.090269096],[110016.69049539056,7123212.516994526],[110025.83973339794,7123205.397153754],[110035.56664737378,7123197.80256334],[110045.11074863229,7123190.39899219],[110053.50166396028,7123181.492974172],[110059.3673830597,7123170.787453384],[110064.73632520292,7123159.662759338],[110069.76046741515,7123148.635907879],[110074.52946948801,7123137.900601478],[110079.469462285,7123127.043736367],[110084.64299014257,7123116.013784283],[110091.18323004083,7123105.51893606],[110098.72517083253,7123095.995537933],[110104.63845118257,7123088.639968697],[110111.78139185562,7123079.692982703],[110119.26543089951,7123070.074390248],[110126.81531320198,7123060.3201159015],[110134.27307700348,7123050.545335157],[110141.45494029351,7123041.088675171],[110148.96111944737,7123031.378934306],[110156.42734210572,7123021.932292224],[110164.08384218288,7123012.231795823],[110171.54348247376,7123002.675284064],[110178.93811230804,7122993.141586578],[110186.07352046977,7122983.918626187],[110193.01846920082,7122974.9785918575],[110200.04369794193,7122965.987554861],[110205.6683513964,7122958.895755816],[110212.8627165702,7122949.973021319],[110220.20495164255,7122940.950125521],[110227.58654132998,7122931.713946734],[110234.87721797283,7122922.534776179],[110242.4471383167,7122912.867081651],[110249.07960094354,7122904.52500516],[110256.62167685246,7122895.14474357],[110264.28272408119,7122885.569886526],[110271.93353253073,7122875.950987724],[110279.5709425449,7122866.330133136],[110286.9467353354,7122856.851225302],[110294.19707376615,7122847.332393556],[110301.22923366202,7122838.107540476],[110308.01321075461,7122829.234047985],[110308.28970848792,7122828.871651072],[110315.35023316904,7122819.586587764],[110322.21965374,7122810.562454533],[110322.32959266542,7122810.418763641],[110329.47887531965,7122801.141333121],[110336.68647659617,7122791.765181376],[110343.91676637152,7122782.105209613],[110351.070966826,7122772.755990145],[110358.31318910694,7122763.304604679],[110365.34190371766,7122753.778040669],[110372.47755128978,7122743.938751757],[110379.4837334071,7122734.2651034],[110386.62503572635,7122724.481256136],[110393.85201480245,7122714.535788012],[110400.95669666876,7122704.444375065],[110405.0927697841,7122698.431307975],[110411.93960219808,7122688.533902893],[110419.0422811213,7122678.545987427],[110426.35888472252,7122668.652238278],[110433.87476054492,7122658.829131028],[110440.62249658786,7122648.470559761],[110446.44100278488,7122637.628562601],[110451.9348025822,7122627.3021508735],[110457.60239219363,7122616.581089202],[110463.49613829772,7122605.836565698],[110469.48679323099,7122595.004793348],[110471.2621115378,7122591.650825323],[110476.42755616899,7122581.904488854],[110482.29892709077,7122571.108457269],[110488.0208822522,7122560.845105647],[110494.02762880106,7122550.095169509],[110499.97111261723,7122539.265649277],[110505.8143434113,7122528.3890770655],[110507.56515057076,7122525.096204057],[110512.70032717235,7122515.377486721],[110518.31288389047,7122504.5640875455],[110523.94406167732,7122493.694520503],[110529.57152131107,7122482.91253151],[110535.40858685883,7122472.052863402],[110541.19203622901,7122461.4064940205],[110546.80529769871,7122450.915342379],[110552.57948091778,7122440.124617051],[110558.42462464032,7122429.231773397],[110564.26057482348,7122418.323891906],[110569.85807591298,7122407.933054235],[110575.563564819,7122397.426548138],[110581.24083401065,7122386.853156209],[110586.99134649825,7122376.134645928],[110588.95479584968,7122372.526196014],[110592.74088901625,7122365.640658031],[110598.32825525576,7122355.444095348],[110603.35142213153,7122346.127176805],[110604.28332878131,7122344.36159526],[110610.00956362253,7122334.208345222],[110616.25628872868,7122323.939046782],[110622.63666555396,7122313.453611152],[110629.00071745628,7122302.909524239],[110635.28429484938,7122292.358490198],[110641.62081968307,7122281.794710998],[110647.86160257267,7122271.153711669],[110654.0004640671,7122260.494804301],[110659.90501725691,7122250.075676295],[110665.8784626628,7122239.347353595],[110671.82207680767,7122228.727698631],[110677.60701884585,7122218.324876772],[110683.57420245191,7122207.593699702],[110684.64155250468,7122205.669419501],[110685.27089423651,7122204.5320822075],[110689.51225663716,7122196.856548629],[110695.09354226384,7122186.667776085],[110700.59082929156,7122176.671529674],[110706.32950319897,7122166.416175423],[110712.04862158652,7122156.065777435],[110717.88870098151,7122145.497421546],[110723.76315423392,7122134.69410179],[110729.38571415027,7122123.976415722],[110734.4976204185,7122112.932627101],[110737.84244549571,7122102.645788876],[110738.21074951341,7122101.176343884],[110741.20842706168,7122089.222620171],[110743.89338202123,7122078.556290553],[110744.20215086406,7122077.337598531],[110747.21507790493,7122065.494994939],[110750.03118942777,7122053.981311058],[110752.71588258771,7122041.981091391],[110755.2742266563,7122029.931048177],[110758.10252651165,7122018.017462263],[110761.10353573156,7122006.466987817],[110764.15711573156,7121994.781658694],[110767.25993036659,7121983.211901709],[110770.50961114652,7121971.693466438],[110774.57383169205,7121960.2620876925],[110780.5645904796,7121949.646922698],[110787.52320426347,7121939.664939929],[110794.15787296451,7121929.5734190475],[110798.18197200581,7121923.567834168],[110804.98579830828,7121913.384994377],[110811.94859741093,7121903.25438912],[110819.5774761053,7121893.583707577],[110827.50543148973,7121884.378904222],[110833.75597724167,7121877.022628913],[110841.43492844439,7121867.947830915],[110849.41942126193,7121858.912420669],[110857.58820970397,7121849.961631293],[110863.07962336933,7121843.889564861],[110867.9380306066,7121838.4648886975],[110871.19629463193,7121834.804686253],[110878.99735302443,7121825.697874509],[110886.79770449642,7121816.226516452],[110894.66372357903,7121806.71603858],[110902.48452827276,7121797.214091915],[110910.18533706077,7121787.688038684],[110917.9564712483,7121778.165294961],[110925.46128884493,7121768.973842559],[110933.28165815765,7121759.4243633],[110941.04502307158,7121750.29675953],[110948.91726721567,7121740.874690145],[110956.72346954898,7121731.426011935],[110964.43552533671,7121721.951110269],[110972.17404720443,7121712.405731071],[110979.94529945403,7121702.923370816],[110987.76576784841,7121693.357889514],[110994.8713476347,7121684.818316171],[110995.43583526654,7121684.143019997],[111003.29825046839,7121674.660919443],[111011.08135622181,7121665.146265869],[111018.77624170709,7121655.861640815],[111026.58876218158,7121646.66964283],[111034.55221117579,7121637.233379758],[111042.44557119865,7121627.734535053],[111049.9639588602,7121618.47928229],[111057.67617118283,7121608.961060032],[111065.28454883245,7121599.502906416],[111072.73288946191,7121590.054755034],[111079.82400567597,7121580.948514586],[111084.88497004483,7121574.529370893],[111092.03877827647,7121565.463617757],[111099.45644835883,7121556.148188015],[111106.461638103,7121547.322321029],[111113.76062776725,7121537.904568758],[111117.1529658782,7121533.506281918],[111124.4780473368,7121524.1047304105],[111132.0837496749,7121514.446562979],[111139.52487055468,7121505.018818737],[111147.26540836232,7121495.42104133],[111155.00062347727,7121485.850075566],[111162.11758758198,7121475.776107596],[111167.92787590285,7121464.893740911],[111172.528478135,7121453.491016541],[111176.85114256496,7121442.115772065],[111181.11648397963,7121430.981134415],[111185.52724895056,7121419.524148292],[111189.72284441587,7121407.937335195],[111193.79665336659,7121396.248556657],[111197.40910320706,7121386.609871738],[111201.8726710499,7121375.404312308],[111206.3337609176,7121364.54521794],[111210.43454908009,7121353.011306476],[111214.06454026018,7121341.2188707],[111217.74829891225,7121329.467104461],[111218.8625218962,7121325.860005233],[111222.44504856382,7121314.084362101],[111225.71413431078,7121303.115690291],[111229.24339564005,7121291.228019573],[111232.74082093366,7121279.483035306],[111236.22389909526,7121267.602871558],[111239.39813644328,7121255.696434766],[111243.95494484343,7121244.578778709],[111251.04608492693,7121234.486817352],[111258.29748998076,7121224.946842173],[111265.75071321893,7121215.110944938],[111273.22832882887,7121205.335043471],[111280.76147901191,7121195.597530423],[111288.30719104438,7121185.86571591],[111295.84745073371,7121176.14483654],[111303.10357338813,7121166.589224192],[111303.11496097373,7121166.574022735],[111310.33375510981,7121156.548993756],[111317.41519077332,7121146.432746375],[111322.91131574259,7121138.656532465],[111330.14674521424,7121128.705472579],[111337.54592202383,7121118.821213443],[111345.09603558586,7121109.076966498],[111352.72222677676,7121099.527227606],[111359.50190200564,7121089.191989912],[111365.11239924724,7121078.233604591],[111370.40791583422,7121067.249653244],[111372.31298941374,7121063.192859578],[111377.3291099327,7121052.356558854],[111382.3662568832,7121041.399893215],[111387.58428616344,7121030.338601229],[111392.05675969145,7121020.972864911],[111397.23943858373,7121010.273598428],[111402.54999264423,7120999.315506931],[111407.78198922134,7120988.340317592],[111412.90198647999,7120977.477460606],[111418.15217459644,7120966.3014579285],[111423.34978904424,7120955.081379779],[111428.51749372343,7120943.817566561],[111432.74742851616,7120935.00560676],[111438.11998901574,7120923.856546076],[111443.58834628109,7120912.846193109],[111447.2953438097,7120901.120514326],[111448.94723826839,7120888.885233501],[111450.31888944848,7120876.640849896],[111451.21426013141,7120864.829752831],[111451.94064677722,7120852.5740797445],[111452.89395807241,7120840.514734499],[111454.08025973692,7120828.417134715],[111454.92878820398,7120816.143112488],[111455.86421380175,7120803.8415912045],[111456.89515241596,7120791.678437196],[111457.94815984549,7120779.3634263575],[111458.94749483018,7120767.369161668],[111460.00237714563,7120755.10249101],[111461.11546812276,7120742.831777771],[111462.2103055474,7120730.655426253],[111462.39145696053,7120728.684583988],[111462.84775494091,7120723.304704428],[111463.17522373522,7120719.309704492],[111463.83780544164,7120711.150214408],[111464.82109206286,7120698.89584639],[111465.83881890593,7120686.711431893],[111466.8694481785,7120674.531729672],[111467.88170082885,7120662.575477224],[111468.8798502686,7120650.37804913],[111470.58021895558,7120638.125006102],[111474.71835233067,7120626.639132311],[111479.25815377734,7120615.160862796],[111483.87295671215,7120603.704023832],[111488.38181325485,7120592.642189652],[111491.79372230364,7120584.109508254]],"bbox":[48663.729542196554,7120584.109508254,111491.79372230364,7268693.100628328]},"properties":{"objectid":1,"arquivo":"GasBol_Geo","Shape__Length":1.9384723198081808},"bbox":[48663.729542196554,7120584.109508254,111491.79372230364,7268693.100628328]},{"type":"Feature","geometry":{"type":"LineString","coordinates":[[-111309.05781501008,7415057.8065291885],[-110240.9899170755,7413434.37742517],[-108671.13668284193,7411776.261240811],[-106967.09914258926,7410902.054914688],[-105098.92557604995,7410090.30816383],[-104065.46281257772,7409299.476600874],[-103105.96508241247,7408950.2823961275],[-101862.10727083753,7408446.173938979],[-101156.98663454491,7407530.573464024],[-100384.82135466614,7406339.8637849875],[-99231.16889865743,7405331.8221318405],[-99071.6487807422,7404171.224542691],[-98729.45600249001,7402629.16807779],[-98297.0884890277,7401591.130018744],[-97494.83027214324,7401013.193394702],[-96204.79376784165,7400733.528740913],[-94653.57198701147,7400853.8305407725],[-93802.81514879514,7400444.69631082],[-93492.98857396992,7399679.526651472],[-93559.94332852378,7398620.739815098],[-93964.4081890767,7397659.009496812],[-93767.83044700837,7396944.696697479],[-92593.44771146553,7396771.452396944]],"bbox":[-111309.05781501008,7396771.452396944,-92593.44771146553,7415057.8065291885]},"properties":{"objectid":2,"arquivo":"Rede de Distribuicao do Gas Natural_RDGN Centro-Norte","Shape__Length":0.2763349008168885},"bbox":[-111309.05781501008,7396771.452396944,-92593.44771146553,7415057.8065291885]},{"type":"Feature","geometry":{"type":"LineString","coordinates":[[-78416.89720762835,7424701.906378765],[-79547.35620873864,7423821.661525994],[-80167.09887340502,7422684.692142971],[-80897.77153838205,7421543.107344371],[-81348.77250545297,7420357.51486598],[-82188.06491317227,7419155.812773537],[-83383.18781250063,7418495.018715648],[-84929.57690112572,7418264.200682878],[-86522.27688849461,7417809.165578743],[-87345.22851448902,7417552.750920756],[-88105.80878698104,7417132.197149236],[-88161.92883933242,7413128.583416575],[-87544.92038980941,7411653.740580431],[-87288.53743720241,7409497.054466222],[-87475.89947521547,7407321.911593037],[-88063.0859773081,7405407.96613378],[-88150.88967288344,7402181.027546186],[-88134.6252982784,7400458.915153591],[-89193.23877106048,7399192.094278257],[-90478.39561637468,7398026.922550976],[-91509.33490702882,7397428.09634614],[-92593.44771146553,7396771.452396944],[-92352.79869143071,7395003.023466399],[-92678.51509092888,7393488.799828799],[-92906.90944250731,7390978.224961576],[-93174.73093991715,7389410.81196545],[-92739.8669149183,7388317.466535376],[-92268.11547829641,7387670.30449721],[-92050.49510490359,7386456.718169635],[-91356.81189608655,7385818.8855487425],[-90665.45766118704,7385236.545161558],[-89994.65423947887,7383819.713522069],[-89726.15262981935,7382719.467662052],[-89580.24291795236,7381891.9584639985],[-89156.93512466527,7381076.109283071],[-89079.97821171221,7379245.35325497],[-89250.55514433444,7378015.516312232],[-89423.4445401692,7376841.150523438],[-88948.68348613952,7374804.837722988],[-88453.45421564567,7373603.041899078],[-88489.58378627058,7371823.112383448],[-87670.8070057471,7370857.290608982],[-87323.21464874921,7369204.72041775],[-86395.80633545131,7368299.106519216],[-85648.87537685141,7367719.334975172],[-85190.2678401114,7366071.51894239],[-84498.80406664428,7365489.438747223],[-83703.4311629252,7365078.477218807],[-83201.83691200614,7365044.10534106],[-82198.65977563814,7364975.363104516],[-81049.38431679225,7364079.259367565],[-80372.01943842857,7363830.053699227],[-79422.00707877637,7363703.518678024],[-78418.04829849617,7362301.224884653],[-77871.89833346067,7361212.995662458],[-76261.015979536,7361225.605682161],[-75446.93171651394,7360371.023629628],[-74528.96350232023,7359687.553883207],[-73878.92292335513,7358770.50092407],[-73817.8223898143,7357328.438987302],[-73184.21452952235,7356799.6622196995],[-72936.49752072245,7356198.97205149],[-73298.8703583799,7355572.413848301],[-73220.19026983518,7352408.6528372755],[-72685.69792981842,7351597.903722886],[-72435.57966479543,7350941.7749135755],[-72166.60278651433,7349841.952978587],[-71123.50337860233,7348830.609236646],[-70632.6527883067,7347740.2517067455],[-70062.73101922171,7346097.666021606],[-69246.16681797337,7345187.889550306],[-68610.14451740519,7344603.805926545],[-68193.5959709473,7343954.828523362],[-67825.41551942611,7343137.121906975],[-67196.47668854496,7342719.443845516],[-66167.5260014215,7342041.029384045],[-65519.68670676742,7341179.720888498],[-64647.65502469661,7340272.431710479],[-62973.23811946646,7338788.28395565],[-61842.87068066222,7338336.519073699],[-60649.96757799643,7337720.779315988],[-59556.14680600236,7336823.071336754],[-58493.11186367308,7336646.247398453],[-57349.31474662281,7335698.563872872],[-56210.743885084754,7335052.827436337],[-54879.06690326368,7334762.539213978],[-53803.91299575253,7333975.266896635],[-52952.65319638979,7331928.656212779],[-52116.17028820317,7330228.624285081],[-51526.13775923487,7329420.692837911],[-50529.17930944241,7328838.49017318],[-49660.87074492767,7329639.390688829],[-49404.4216113938,7330136.372406232],[-48925.237167767715,7330295.735594115],[-48335.233648036956,7329487.842568094],[-48293.69883252354,7328517.624524973],[-47068.10402268369,7327459.267681226],[-46209.79289363173,7326871.195853263],[-45803.906747761066,7325500.068429243],[-44234.79551136447,7324525.960490206],[-43708.11498985533,7323576.61093049],[-43507.08995803853,7322127.338031246],[-42016.201188702835,7321358.251973387],[-40787.63158672606,7320230.833977602],[-39758.01044680353,7318886.65147623],[-39144.124144097324,7317524.640408156],[-38680.71535354748,7316433.857841561],[-37975.8932699631,7316186.492339921],[-37584.74085109134,7315162.046975538],[-36835.20255560195,7313875.367553804],[-36552.08403090481,7313748.718986283],[-35082.1319090724,7313464.909360612],[-34202.96751880355,7312392.122645095],[-33682.16100988735,7311581.582590254],[-32607.072867865558,7310794.9362357855],[-31899.3083318976,7310478.369799713],[-31402.383931639604,7310222.135915112],[-31245.903039754252,7309812.410724197],[-31342.656349197146,7308836.478761015],[-32153.143078793888,7308315.6476641055],[-32120.274239051738,7307553.528158841],[-31671.69705913961,7306809.34481732],[-31488.284783567535,7305776.080190407],[-30280.581536879763,7305134.0986559205],[-28997.63053097308,7304356.571580613],[-27789.95859599847,7303714.6400025785],[-25847.18555113545,7303729.145037031],[-24265.804143898364,7304075.06510913],[-23211.7242009053,7303773.5704056965],[-22217.9553357751,7303261.273788735],[-21221.2041940465,7302679.720518254],[-20600.751946589793,7302775.929659879],[-20498.11989617854,7303613.170841831],[-20193.64636350854,7304597.925122887],[-19458.5856834164,7305254.2590227965],[-18982.666105555196,7305483.000757348],[-18759.39740269992,7306741.813285591],[-17900.73348719906,7307750.42916216],[-16834.262093565427,7308767.978801028],[-15279.942363508337,7309737.128188783],[-14484.574679537618,7310604.137590571],[-14026.577468176954,7311248.413272323],[-13005.514313529886,7311708.754101191],[-11421.415075308352,7311985.15730782],[-10372.874282951117,7313418.107083457],[-9613.987539382593,7313520.163777111],[-9183.519080312282,7313191.752397263],[-8963.812325109378,7312923.658899769],[-7765.533635145868,7312489.542797349],[-6443.6725795224775,7312407.693158306],[-5910.493678712111,7312916.347553633],[-3887.176721906697,7312656.547543524],[-3161.830356713326,7311924.578235192],[-2149.876369615551,7312592.592367994],[-1417.9191740136012,7313317.912670509],[-426.8400892947684,7314470.643762341],[1602.9833782611531,7315668.021951573],[2091.4574699653895,7317215.312911648],[3212.1182110832888,7318581.61821405],[4717.687095308269,7319062.55449137],[5894.852431050793,7319113.130088018],[6731.730178343307,7319010.342376374],[7827.718276730389,7319334.912065525],[8776.284362883365,7319861.246964406],[9387.558803577209,7320164.976837653],[10657.673326859775,7319664.587679448],[11816.066437661473,7318535.12409898],[12685.604966964223,7317670.742827512],[13241.713673010527,7316029.895264811],[13647.468338874052,7314660.060146155],[14444.818425372127,7313862.008270824],[16154.134514434438,7312825.793314036],[17727.942097086285,7311714.435549536],[18555.113468588796,7310224.158668398],[19135.24451352429,7308029.674912423],[19523.205938060477,7307075.387526242],[20402.280295317643,7307598.820352785],[21413.83116345154,7308266.666957244],[22365.1017104974,7308723.827587962],[23189.84915711556,7308898.101727132],[23479.277037938125,7310228.315504573],[24090.37256536458,7310532.068167332],[24532.574232016283,7309926.945334338],[24952.78002534609,7306616.116527359],[25506.073294955713,7305044.885656618],[25511.595303651586,7303311.309452727],[25812.41629849514,7302769.48739531],[26874.686466740153,7302260.579873843],[27259.69409204292,7301375.6581906695],[27777.16642274533,7300635.17576604],[29233.78438226023,7300628.81695583],[29408.14873492386,7299804.17230042],[30145.258307282347,7298795.83703951],[31270.71657452162,7298428.456651835],[31312.661969892506,7297459.415488414],[30930.32488896337,7296680.042390694],[31721.69095453486,7296020.846274765],[32467.830623386486,7294804.939871151],[32648.259637452953,7293841.918626761],[32621.05547057191,7292869.898348892],[33084.37804063328,7291780.463218633],[34273.03510077408,7291554.648255923],[34585.92665259942,7290736.095749076],[36123.625062989886,7290456.111078385],[37164.79975481215,7290431.955272622],[38371.41372614878,7289790.921313446],[38551.900167910615,7288827.998334702],[38928.00260249199,7288150.935144024],[39905.93895588402,7287985.394916797],[40297.0776413579,7286962.3127098065],[42316.09325428173,7286772.697553605],[43254.857543516555,7285912.134927696],[44301.939769393066,7285749.647185596],[44004.06518357404,7284627.34788838],[44359.14937295328,7282840.102693867],[45282.87644524546,7282325.632313011],[46311.94911055948,7280983.775791282],[47362.00967239577,7280752.17338982],[48745.99404239433,7280812.440360794],[49395.89983013633,7280216.7792511815],[50181.18427838292,7279696.35573291],[50812.99754970672,7279515.896182663],[51336.56498819048,7278637.452969151],[51204.38691677642,7276898.509368349],[52055.853755364544,7276450.351728277],[52636.572762556374,7275851.744303102],[52104.14628785668,7275343.233651882],[51445.40681081504,7274551.894158578],[51135.67036558711,7273706.445721537],[51451.72628810856,7272818.987137293],[52393.56778350228,7271889.5438146265],[52793.95389505895,7270659.163727634],[53188.31058065273,7269567.185214641],[52541.75303360395,7268499.02390133],[51994.249659101246,7268336.426760834],[51895.20598244743,7267430.8418666925],[53255.306485730805,7266450.454577072],[53944.67687071272,7264955.468737924],[54083.56836233288,7263367.072251603],[54817.93177957373,7262428.701442977],[55669.45205360744,7261980.751982478]],"bbox":[-93174.73093991715,7261980.751982478,55669.45205360744,7424701.906378765]},"properties":{"objectid":3,"arquivo":"Rede de Distribuicao do Gas Natural_RDGN Centro-Norte","Shape__Length":2.8567126445258113},"bbox":[-93174.73093991715,7261980.751982478,55669.45205360744,7424701.906378765]},{"type":"Feature","geometry":{"type":"LineString","coordinates":[[-53560.444966680254,7333152.468651426],[-53683.516552690184,7329536.650422518],[-55389.509838009835,7328838.709592958],[-57366.845604525995,7327990.239452115],[-58988.75922998763,7326948.627745872],[-59966.078418879886,7325448.506284322],[-60403.72805783339,7324318.689317165],[-61136.457437079865,7323592.850627771],[-61335.12617122289,7318515.042968316],[-61356.77946931461,7317403.03344015],[-60287.27465553593,7316754.590666976],[-59416.7750312346,7315889.2898609545],[-59715.63350072387,7314765.383061908],[-60737.436218707124,7314304.7692375975],[-60834.299949510256,7313328.41161552],[-60606.13198497321,7311254.974973626],[-61236.55083056702,7309769.522208803],[-62270.293521281565,7309586.081239253],[-63825.71199755627,7308616.248719585],[-64772.239372826414,7308019.8660854455],[-65360.22285746923,7307161.1437136475],[-66607.96130276052,7307107.318362096],[-67623.83535530872,7306507.898417449],[-67720.59508389363,7305531.428216398],[-67359.50883407576,7303602.431443174],[-67631.23624284915,7301854.452028876],[-68632.09525713348,7300908.33604796],[-69171.68236529804,7300537.751373066]],"bbox":[-69171.68236529804,7300537.751373066,-53560.444966680254,7333152.468651426]},"properties":{"objectid":4,"arquivo":"Rede de Distribuicao do Gas Natural_RDGN Centro-Norte","Shape__Length":0.40407231959901335},"bbox":[-69171.68236529804,7300537.751373066,-53560.444966680254,7333152.468651426]},{"type":"Feature","geometry":{"type":"LineString","coordinates":[[-18530.366331144585,7208489.099006768],[-19066.951512302156,7208826.225774443],[-19723.65767235798,7209157.999497138],[-20242.015001804975,7209536.070530267],[-20702.992463083472,7209976.886309169],[-22042.699203919037,7210779.729643203],[-22621.127118819102,7211155.148749221],[-23007.381266898126,7211719.685642919],[-23175.187581233913,7212334.084965861],[-23456.870059616398,7212802.988710578],[-23837.763683751167,7213247.41588298],[-24195.068034627417,7213612.655080319],[-24324.600782485562,7214268.895675922],[-24366.500472939108,7215209.893110905],[-24002.141125690134,7215587.20882939],[-23859.319626438955,7215533.384088654],[-23462.4639878741,7215631.292667138],[-23086.522556097538,7215748.329762613],[-22786.68465994962,7216223.066092977],[-22800.940315320622,7216543.39847249],[-23190.245300729817,7216726.679775935],[-23197.372117079212,7216886.847003062],[-23002.08323037671,7217457.229742076],[-22736.5017968443,7218251.399686659],[-22577.697536850814,7219642.624881008],[-22458.020687655953,7220109.331238792],[-22194.637282909476,7220502.181412979],[-21852.059921216918,7220918.607474353],[-21368.449353879027,7221321.235087186],[-21010.29758521932,7221838.64271153],[-20807.859708816337,7222248.8301660605],[-20317.13589524984,7222491.281115303],[-19932.738005727995,7222869.423242487],[-19453.995922003232,7223833.470346943],[-18927.208130563726,7224619.102786668],[-17715.72085402219,7225796.159044411],[-16615.47157768678,7226767.655836602],[-16414.964791648265,7229484.423899131],[-16217.304959484609,7230455.977797468],[-16226.543450795638,7231117.490749577],[-16187.760639097483,7231600.605529783],[-15826.899105617427,7232057.861171956],[-15540.795116765017,7232391.454846615],[-15469.053358081786,7233036.486079398],[-15180.288632340787,7233310.01766077],[-14970.71268325398,7233559.985204941],[-14938.997591618157,7234203.238464043],[-14463.326491391403,7234785.894994229],[-13790.125905235123,7235437.450025737],[-13339.442896917695,7235678.008613037],[-12840.212789989891,7236181.453546358],[-12703.07500936999,7236709.000612802],[-12195.880031827372,7237032.272316031],[-11606.847514316381,7237319.0421028575],[-11007.530452680483,7237826.883784709],[-10514.491448307876,7238470.416622038],[-10129.176342381048,7238828.394123862],[-9768.866865008953,7238844.3081509005],[-9357.348964693956,7239063.044492966],[-9277.59519589087,7239527.855527237],[-8984.721638987947,7240162.5220120475],[-8475.19251662289,7240886.968634697],[-8444.293764173635,7241550.172309356],[-8312.125768173428,7241736.505898537],[-8401.024726185307,7241933.140649216],[-8314.18785774667,7242237.807558373],[-8185.550214150571,7242504.206136845],[-8111.070977056341,7243089.104924917],[-7964.463560439122,7243857.682852661],[-7706.29367715586,7244370.453397194],[-7682.418469879369,7245193.780273035],[-7442.4917687157285,7245665.628365222],[-7066.857109890552,7246243.728470737],[-6967.039951590414,7246709.396375729],[-6993.746270379343,7247771.147101178],[-7098.489004594972,7248328.0817159135],[-7245.903303448984,7248943.30538325],[-7382.74145583366,7249318.333327608],[-7465.6936341588735,7249836.121123586],[-7241.348407172016,7250206.987755513],[-7102.350945193844,7250694.428349113]],"bbox":[-24366.500472939108,7208489.099006768,-6967.039951590414,7250694.428349113]},"properties":{"objectid":5,"arquivo":"Rede de gas entre Ponta Grossa e Castro","Shape__Length":0.4895614785149955},"bbox":[-24366.500472939108,7208489.099006768,-6967.039951590414,7250694.428349113]}]}